oneMax,16,-16,1950,[1 1 1 1 1 1 1 1 1 1 1 1 1 1 1 1],0.815277099609375,30,0.1,0.1,40000
oneMax,16,-16,2340,[1 1 1 1 1 1 1 1 1 1 1 1 1 1 1 1],0.7100729942321777,30,0.1,0.1,40000
oneMax,16,-16,600,[1 1 1 1 1 1 1 1 1 1 1 1 1 1 1 1],0.7045881748199463,30,0.1,0.1,40000
oneMax,16,-16,4200,[1 1 1 1 1 1 1 1 1 1 1 1 1 1 1 1],0.7553110122680664,30,0.1,0.1,40000
oneMax,16,-16,3900,[1 1 1 1 1 1 1 1 1 1 1 1 1 1 1 1],0.7669310569763184,30,0.1,0.1,40000
oneMax,16,-16,600,[1 1 1 1 1 1 1 1 1 1 1 1 1 1 1 1],0.7580780982971191,30,0.1,0.1,40000
oneMax,16,-16,7200,[1 1 1 1 1 1 1 1 1 1 1 1 1 1 1 1],0.734375,30,0.1,0.1,40000
oneMax,16,-16,2220,[1 1 1 1 1 1 1 1 1 1 1 1 1 1 1 1],0.7245521545410156,30,0.1,0.1,40000
oneMax,16,-16,3840,[1 1 1 1 1 1 1 1 1 1 1 1 1 1 1 1],0.7916779518127441,30,0.1,0.1,40000
oneMax,16,-16,1920,[1 1 1 1 1 1 1 1 1 1 1 1 1 1 1 1],0.7331171035766602,30,0.1,0.1,40000
oneMax,16,-16,4050,[1 1 1 1 1 1 1 1 1 1 1 1 1 1 1 1],0.7220299243927002,30,0.1,0.1,40000
oneMax,16,-16,4230,[1 1 1 1 1 1 1 1 1 1 1 1 1 1 1 1],0.7258639335632324,30,0.1,0.1,40000
oneMax,16,-16,6060,[1 1 1 1 1 1 1 1 1 1 1 1 1 1 1 1],0.7071340084075928,30,0.1,0.1,40000
oneMax,16,-16,1980,[1 1 1 1 1 1 1 1 1 1 1 1 1 1 1 1],0.7215089797973633,30,0.1,0.1,40000
oneMax,16,-16,630,[1 1 1 1 1 1 1 1 1 1 1 1 1 1 1 1],1.0720620155334473,30,0.1,0.1,40000
oneMax,16,-16,3840,[1 1 1 1 1 1 1 1 1 1 1 1 1 1 1 1],1.17842698097229,30,0.1,0.1,40000
oneMax,16,-16,9420,[1 1 1 1 1 1 1 1 1 1 1 1 1 1 1 1],0.9170119762420654,30,0.1,0.1,40000
oneMax,16,-16,2250,[1 1 1 1 1 1 1 1 1 1 1 1 1 1 1 1],0.8074100017547607,30,0.1,0.1,40000
oneMax,16,-16,3870,[1 1 1 1 1 1 1 1 1 1 1 1 1 1 1 1],0.8768758773803711,30,0.1,0.1,40000
oneMax,16,-16,1860,[1 1 1 1 1 1 1 1 1 1 1 1 1 1 1 1],0.7705070972442627,30,0.1,0.1,40000
oneMax,16,-16,1080,[1 1 1 1 1 1 1 1 1 1 1 1 1 1 1 1],0.7891879081726074,30,0.1,0.1,40000
oneMax,16,-16,420,[1 1 1 1 1 1 1 1 1 1 1 1 1 1 1 1],0.707949161529541,30,0.1,0.1,40000
oneMax,16,-16,3870,[1 1 1 1 1 1 1 1 1 1 1 1 1 1 1 1],0.73250412940979,30,0.1,0.1,40000
oneMax,16,-16,570,[1 1 1 1 1 1 1 1 1 1 1 1 1 1 1 1],0.7298550605773926,30,0.1,0.1,40000
oneMax,16,-16,6120,[1 1 1 1 1 1 1 1 1 1 1 1 1 1 1 1],0.8496608734130859,30,0.1,0.1,40000
oneMax,16,-16,2040,[1 1 1 1 1 1 1 1 1 1 1 1 1 1 1 1],0.7194421291351318,30,0.1,0.1,40000
oneMax,16,-16,540,[1 1 1 1 1 1 1 1 1 1 1 1 1 1 1 1],0.7914080619812012,30,0.1,0.1,40000
oneMax,16,-16,3960,[1 1 1 1 1 1 1 1 1 1 1 1 1 1 1 1],0.9257678985595703,30,0.1,0.1,40000
oneMax,16,-16,420,[1 1 1 1 1 1 1 1 1 1 1 1 1 1 1 1],0.9070999622344971,30,0.1,0.1,40000
oneMax,16,-16,630,[1 1 1 1 1 1 1 1 1 1 1 1 1 1 1 1],1.5466580390930176,30,0.1,0.1,40000
oneMax,25,-25,9780,[1 1 1 1 1 1 1 1 1 1 1 1 1 1 1 1 1 1 1 1 1 1 1 1 1],1.0638070106506348,30,0.1,0.1,40000
oneMax,25,-25,8250,[1 1 1 1 1 1 1 1 1 1 1 1 1 1 1 1 1 1 1 1 1 1 1 1 1],1.128180980682373,30,0.1,0.1,40000
oneMax,25,-25,6360,[1 1 1 1 1 1 1 1 1 1 1 1 1 1 1 1 1 1 1 1 1 1 1 1 1],0.9865360260009766,30,0.1,0.1,40000
oneMax,25,-25,4110,[1 1 1 1 1 1 1 1 1 1 1 1 1 1 1 1 1 1 1 1 1 1 1 1 1],0.9693701267242432,30,0.1,0.1,40000
oneMax,25,-25,6450,[1 1 1 1 1 1 1 1 1 1 1 1 1 1 1 1 1 1 1 1 1 1 1 1 1],1.4355809688568115,30,0.1,0.1,40000
oneMax,25,-25,10170,[1 1 1 1 1 1 1 1 1 1 1 1 1 1 1 1 1 1 1 1 1 1 1 1 1],1.0286219120025635,30,0.1,0.1,40000
oneMax,25,-25,4230,[1 1 1 1 1 1 1 1 1 1 1 1 1 1 1 1 1 1 1 1 1 1 1 1 1],0.9489879608154297,30,0.1,0.1,40000
oneMax,25,-25,4140,[1 1 1 1 1 1 1 1 1 1 1 1 1 1 1 1 1 1 1 1 1 1 1 1 1],0.8948769569396973,30,0.1,0.1,40000
oneMax,25,-25,5370,[1 1 1 1 1 1 1 1 1 1 1 1 1 1 1 1 1 1 1 1 1 1 1 1 1],0.9384160041809082,30,0.1,0.1,40000
oneMax,25,-25,8250,[1 1 1 1 1 1 1 1 1 1 1 1 1 1 1 1 1 1 1 1 1 1 1 1 1],1.0032730102539062,30,0.1,0.1,40000
oneMax,25,-25,7770,[1 1 1 1 1 1 1 1 1 1 1 1 1 1 1 1 1 1 1 1 1 1 1 1 1],0.7485649585723877,30,0.1,0.1,40000
oneMax,25,-25,6360,[1 1 1 1 1 1 1 1 1 1 1 1 1 1 1 1 1 1 1 1 1 1 1 1 1],0.8505508899688721,30,0.1,0.1,40000
oneMax,25,-25,14190,[1 1 1 1 1 1 1 1 1 1 1 1 1 1 1 1 1 1 1 1 1 1 1 1 1],1.1880419254302979,30,0.1,0.1,40000
oneMax,25,-25,10260,[1 1 1 1 1 1 1 1 1 1 1 1 1 1 1 1 1 1 1 1 1 1 1 1 1],0.8733680248260498,30,0.1,0.1,40000
oneMax,25,-25,4530,[1 1 1 1 1 1 1 1 1 1 1 1 1 1 1 1 1 1 1 1 1 1 1 1 1],1.0383689403533936,30,0.1,0.1,40000
oneMax,25,-25,10110,[1 1 1 1 1 1 1 1 1 1 1 1 1 1 1 1 1 1 1 1 1 1 1 1 1],1.0636839866638184,30,0.1,0.1,40000
oneMax,25,-25,10200,[1 1 1 1 1 1 1 1 1 1 1 1 1 1 1 1 1 1 1 1 1 1 1 1 1],0.9262640476226807,30,0.1,0.1,40000
oneMax,25,-25,3210,[1 1 1 1 1 1 1 1 1 1 1 1 1 1 1 1 1 1 1 1 1 1 1 1 1],0.7780230045318604,30,0.1,0.1,40000
oneMax,25,-25,8220,[1 1 1 1 1 1 1 1 1 1 1 1 1 1 1 1 1 1 1 1 1 1 1 1 1],0.7969179153442383,30,0.1,0.1,40000
oneMax,25,-25,8100,[1 1 1 1 1 1 1 1 1 1 1 1 1 1 1 1 1 1 1 1 1 1 1 1 1],0.8828699588775635,30,0.1,0.1,40000
oneMax,25,-25,14160,[1 1 1 1 1 1 1 1 1 1 1 1 1 1 1 1 1 1 1 1 1 1 1 1 1],0.9193739891052246,30,0.1,0.1,40000
oneMax,25,-25,6120,[1 1 1 1 1 1 1 1 1 1 1 1 1 1 1 1 1 1 1 1 1 1 1 1 1],0.778918981552124,30,0.1,0.1,40000
oneMax,25,-25,10470,[1 1 1 1 1 1 1 1 1 1 1 1 1 1 1 1 1 1 1 1 1 1 1 1 1],0.7734589576721191,30,0.1,0.1,40000
oneMax,25,-25,12180,[1 1 1 1 1 1 1 1 1 1 1 1 1 1 1 1 1 1 1 1 1 1 1 1 1],0.7564229965209961,30,0.1,0.1,40000
oneMax,25,-25,5040,[1 1 1 1 1 1 1 1 1 1 1 1 1 1 1 1 1 1 1 1 1 1 1 1 1],0.7747290134429932,30,0.1,0.1,40000
oneMax,25,-25,4590,[1 1 1 1 1 1 1 1 1 1 1 1 1 1 1 1 1 1 1 1 1 1 1 1 1],0.7769210338592529,30,0.1,0.1,40000
oneMax,25,-25,8100,[1 1 1 1 1 1 1 1 1 1 1 1 1 1 1 1 1 1 1 1 1 1 1 1 1],0.7794549465179443,30,0.1,0.1,40000
oneMax,25,-25,7770,[1 1 1 1 1 1 1 1 1 1 1 1 1 1 1 1 1 1 1 1 1 1 1 1 1],0.7671890258789062,30,0.1,0.1,40000
oneMax,25,-25,2790,[1 1 1 1 1 1 1 1 1 1 1 1 1 1 1 1 1 1 1 1 1 1 1 1 1],0.8486909866333008,30,0.1,0.1,40000
oneMax,25,-25,10290,[1 1 1 1 1 1 1 1 1 1 1 1 1 1 1 1 1 1 1 1 1 1 1 1 1],0.8410639762878418,30,0.1,0.1,40000
oneMax,36,-36,8280,[1 1 1 1 1 1 1 1 1 1 1 1 1 1 1 1 1 1 1 1 1 1 1 1 1 1 1 1 1 1 1 1 1 1 1 1],0.7992591857910156,30,0.1,0.1,40000
oneMax,36,-36,6240,[1 1 1 1 1 1 1 1 1 1 1 1 1 1 1 1 1 1 1 1 1 1 1 1 1 1 1 1 1 1 1 1 1 1 1 1],0.7937090396881104,30,0.1,0.1,40000
oneMax,36,-36,18180,[1 1 1 1 1 1 1 1 1 1 1 1 1 1 1 1 1 1 1 1 1 1 1 1 1 1 1 1 1 1 1 1 1 1 1 1],0.7953441143035889,30,0.1,0.1,40000
oneMax,36,-36,20430,[1 1 1 1 1 1 1 1 1 1 1 1 1 1 1 1 1 1 1 1 1 1 1 1 1 1 1 1 1 1 1 1 1 1 1 1],0.7739617824554443,30,0.1,0.1,40000
oneMax,36,-36,16290,[1 1 1 1 1 1 1 1 1 1 1 1 1 1 1 1 1 1 1 1 1 1 1 1 1 1 1 1 1 1 1 1 1 1 1 1],0.8532769680023193,30,0.1,0.1,40000
oneMax,36,-36,7770,[1 1 1 1 1 1 1 1 1 1 1 1 1 1 1 1 1 1 1 1 1 1 1 1 1 1 1 1 1 1 1 1 1 1 1 1],0.7949450016021729,30,0.1,0.1,40000
oneMax,36,-36,8370,[1 1 1 1 1 1 1 1 1 1 1 1 1 1 1 1 1 1 1 1 1 1 1 1 1 1 1 1 1 1 1 1 1 1 1 1],0.7708630561828613,30,0.1,0.1,40000
oneMax,36,-36,14790,[1 1 1 1 1 1 1 1 1 1 1 1 1 1 1 1 1 1 1 1 1 1 1 1 1 1 1 1 1 1 1 1 1 1 1 1],0.7822709083557129,30,0.1,0.1,40000
oneMax,36,-36,12480,[1 1 1 1 1 1 1 1 1 1 1 1 1 1 1 1 1 1 1 1 1 1 1 1 1 1 1 1 1 1 1 1 1 1 1 1],0.7758150100708008,30,0.1,0.1,40000
oneMax,36,-36,8400,[1 1 1 1 1 1 1 1 1 1 1 1 1 1 1 1 1 1 1 1 1 1 1 1 1 1 1 1 1 1 1 1 1 1 1 1],0.7809858322143555,30,0.1,0.1,40000
oneMax,36,-36,17970,[1 1 1 1 1 1 1 1 1 1 1 1 1 1 1 1 1 1 1 1 1 1 1 1 1 1 1 1 1 1 1 1 1 1 1 1],0.769974946975708,30,0.1,0.1,40000
oneMax,36,-36,9750,[1 1 1 1 1 1 1 1 1 1 1 1 1 1 1 1 1 1 1 1 1 1 1 1 1 1 1 1 1 1 1 1 1 1 1 1],0.7793600559234619,30,0.1,0.1,40000
oneMax,36,-36,10170,[1 1 1 1 1 1 1 1 1 1 1 1 1 1 1 1 1 1 1 1 1 1 1 1 1 1 1 1 1 1 1 1 1 1 1 1],0.790712833404541,30,0.1,0.1,40000
oneMax,36,-36,10530,[1 1 1 1 1 1 1 1 1 1 1 1 1 1 1 1 1 1 1 1 1 1 1 1 1 1 1 1 1 1 1 1 1 1 1 1],0.8370709419250488,30,0.1,0.1,40000
oneMax,36,-36,14190,[1 1 1 1 1 1 1 1 1 1 1 1 1 1 1 1 1 1 1 1 1 1 1 1 1 1 1 1 1 1 1 1 1 1 1 1],0.8025338649749756,30,0.1,0.1,40000
oneMax,36,-36,12120,[1 1 1 1 1 1 1 1 1 1 1 1 1 1 1 1 1 1 1 1 1 1 1 1 1 1 1 1 1 1 1 1 1 1 1 1],0.8071160316467285,30,0.1,0.1,40000
oneMax,36,-36,12420,[1 1 1 1 1 1 1 1 1 1 1 1 1 1 1 1 1 1 1 1 1 1 1 1 1 1 1 1 1 1 1 1 1 1 1 1],0.7755088806152344,30,0.1,0.1,40000
oneMax,36,-36,16170,[1 1 1 1 1 1 1 1 1 1 1 1 1 1 1 1 1 1 1 1 1 1 1 1 1 1 1 1 1 1 1 1 1 1 1 1],0.7783989906311035,30,0.1,0.1,40000
oneMax,36,-36,14280,[1 1 1 1 1 1 1 1 1 1 1 1 1 1 1 1 1 1 1 1 1 1 1 1 1 1 1 1 1 1 1 1 1 1 1 1],0.7737960815429688,30,0.1,0.1,40000
oneMax,36,-36,8160,[1 1 1 1 1 1 1 1 1 1 1 1 1 1 1 1 1 1 1 1 1 1 1 1 1 1 1 1 1 1 1 1 1 1 1 1],0.7789549827575684,30,0.1,0.1,40000
oneMax,36,-36,6360,[1 1 1 1 1 1 1 1 1 1 1 1 1 1 1 1 1 1 1 1 1 1 1 1 1 1 1 1 1 1 1 1 1 1 1 1],0.8182799816131592,30,0.1,0.1,40000
oneMax,36,-36,17430,[1 1 1 1 1 1 1 1 1 1 1 1 1 1 1 1 1 1 1 1 1 1 1 1 1 1 1 1 1 1 1 1 1 1 1 1],0.8045711517333984,30,0.1,0.1,40000
oneMax,36,-36,14100,[1 1 1 1 1 1 1 1 1 1 1 1 1 1 1 1 1 1 1 1 1 1 1 1 1 1 1 1 1 1 1 1 1 1 1 1],0.7618789672851562,30,0.1,0.1,40000
oneMax,36,-36,10050,[1 1 1 1 1 1 1 1 1 1 1 1 1 1 1 1 1 1 1 1 1 1 1 1 1 1 1 1 1 1 1 1 1 1 1 1],0.7804319858551025,30,0.1,0.1,40000
oneMax,36,-36,14790,[1 1 1 1 1 1 1 1 1 1 1 1 1 1 1 1 1 1 1 1 1 1 1 1 1 1 1 1 1 1 1 1 1 1 1 1],0.7692282199859619,30,0.1,0.1,40000
oneMax,36,-36,12300,[1 1 1 1 1 1 1 1 1 1 1 1 1 1 1 1 1 1 1 1 1 1 1 1 1 1 1 1 1 1 1 1 1 1 1 1],0.759896993637085,30,0.1,0.1,40000
oneMax,36,-36,9840,[1 1 1 1 1 1 1 1 1 1 1 1 1 1 1 1 1 1 1 1 1 1 1 1 1 1 1 1 1 1 1 1 1 1 1 1],0.8394300937652588,30,0.1,0.1,40000
oneMax,36,-36,14130,[1 1 1 1 1 1 1 1 1 1 1 1 1 1 1 1 1 1 1 1 1 1 1 1 1 1 1 1 1 1 1 1 1 1 1 1],0.7714369297027588,30,0.1,0.1,40000
oneMax,36,-36,8220,[1 1 1 1 1 1 1 1 1 1 1 1 1 1 1 1 1 1 1 1 1 1 1 1 1 1 1 1 1 1 1 1 1 1 1 1],0.8302080631256104,30,0.1,0.1,40000
oneMax,36,-36,13710,[1 1 1 1 1 1 1 1 1 1 1 1 1 1 1 1 1 1 1 1 1 1 1 1 1 1 1 1 1 1 1 1 1 1 1 1],0.8467278480529785,30,0.1,0.1,40000
oneMax,64,-64,12450,"[1 1 1 1 1 1 1 1 1 1 1 1 1 1 1 1 1 1 1 1 1 1 1 1 1 1 1 1 1 1 1 1 1 1 1 1 1
 1 1 1 1 1 1 1 1 1 1 1 1 1 1 1 1 1 1 1 1 1 1 1 1 1 1 1]",0.8775451183319092,30,0.1,0.1,40000
oneMax,64,-64,26220,"[1 1 1 1 1 1 1 1 1 1 1 1 1 1 1 1 1 1 1 1 1 1 1 1 1 1 1 1 1 1 1 1 1 1 1 1 1
 1 1 1 1 1 1 1 1 1 1 1 1 1 1 1 1 1 1 1 1 1 1 1 1 1 1 1]",0.8841171264648438,30,0.1,0.1,40000
oneMax,64,-64,36120,"[1 1 1 1 1 1 1 1 1 1 1 1 1 1 1 1 1 1 1 1 1 1 1 1 1 1 1 1 1 1 1 1 1 1 1 1 1
 1 1 1 1 1 1 1 1 1 1 1 1 1 1 1 1 1 1 1 1 1 1 1 1 1 1 1]",0.8886799812316895,30,0.1,0.1,40000
oneMax,64,-64,16890,"[1 1 1 1 1 1 1 1 1 1 1 1 1 1 1 1 1 1 1 1 1 1 1 1 1 1 1 1 1 1 1 1 1 1 1 1 1
 1 1 1 1 1 1 1 1 1 1 1 1 1 1 1 1 1 1 1 1 1 1 1 1 1 1 1]",0.8701431751251221,30,0.1,0.1,40000
oneMax,64,-64,26130,"[1 1 1 1 1 1 1 1 1 1 1 1 1 1 1 1 1 1 1 1 1 1 1 1 1 1 1 1 1 1 1 1 1 1 1 1 1
 1 1 1 1 1 1 1 1 1 1 1 1 1 1 1 1 1 1 1 1 1 1 1 1 1 1 1]",0.8791689872741699,30,0.1,0.1,40000
oneMax,64,-64,14370,"[1 1 1 1 1 1 1 1 1 1 1 1 1 1 1 1 1 1 1 1 1 1 1 1 1 1 1 1 1 1 1 1 1 1 1 1 1
 1 1 1 1 1 1 1 1 1 1 1 1 1 1 1 1 1 1 1 1 1 1 1 1 1 1 1]",0.9146878719329834,30,0.1,0.1,40000
oneMax,64,-64,22200,"[1 1 1 1 1 1 1 1 1 1 1 1 1 1 1 1 1 1 1 1 1 1 1 1 1 1 1 1 1 1 1 1 1 1 1 1 1
 1 1 1 1 1 1 1 1 1 1 1 1 1 1 1 1 1 1 1 1 1 1 1 1 1 1 1]",0.8778629302978516,30,0.1,0.1,40000
oneMax,64,-64,20580,"[1 1 1 1 1 1 1 1 1 1 1 1 1 1 1 1 1 1 1 1 1 1 1 1 1 1 1 1 1 1 1 1 1 1 1 1 1
 1 1 1 1 1 1 1 1 1 1 1 1 1 1 1 1 1 1 1 1 1 1 1 1 1 1 1]",0.8501458168029785,30,0.1,0.1,40000
oneMax,64,-64,22590,"[1 1 1 1 1 1 1 1 1 1 1 1 1 1 1 1 1 1 1 1 1 1 1 1 1 1 1 1 1 1 1 1 1 1 1 1 1
 1 1 1 1 1 1 1 1 1 1 1 1 1 1 1 1 1 1 1 1 1 1 1 1 1 1 1]",0.8505129814147949,30,0.1,0.1,40000
oneMax,64,-64,20250,"[1 1 1 1 1 1 1 1 1 1 1 1 1 1 1 1 1 1 1 1 1 1 1 1 1 1 1 1 1 1 1 1 1 1 1 1 1
 1 1 1 1 1 1 1 1 1 1 1 1 1 1 1 1 1 1 1 1 1 1 1 1 1 1 1]",0.8531579971313477,30,0.1,0.1,40000
oneMax,64,-64,23190,"[1 1 1 1 1 1 1 1 1 1 1 1 1 1 1 1 1 1 1 1 1 1 1 1 1 1 1 1 1 1 1 1 1 1 1 1 1
 1 1 1 1 1 1 1 1 1 1 1 1 1 1 1 1 1 1 1 1 1 1 1 1 1 1 1]",0.846729040145874,30,0.1,0.1,40000
oneMax,64,-63,30090,"[1 1 1 1 1 1 1 1 1 1 1 1 1 1 1 1 1 1 1 1 1 1 1 1 1 1 1 1 1 1 1 1 1 1 1 1 1
 1 1 1 1 1 1 1 1 1 1 1 1 1 0 1 1 1 1 1 1 1 1 1 1 1 1 1]",0.8468279838562012,30,0.1,0.1,40000
oneMax,64,-64,18210,"[1 1 1 1 1 1 1 1 1 1 1 1 1 1 1 1 1 1 1 1 1 1 1 1 1 1 1 1 1 1 1 1 1 1 1 1 1
 1 1 1 1 1 1 1 1 1 1 1 1 1 1 1 1 1 1 1 1 1 1 1 1 1 1 1]",0.86073899269104,30,0.1,0.1,40000
oneMax,64,-64,26190,"[1 1 1 1 1 1 1 1 1 1 1 1 1 1 1 1 1 1 1 1 1 1 1 1 1 1 1 1 1 1 1 1 1 1 1 1 1
 1 1 1 1 1 1 1 1 1 1 1 1 1 1 1 1 1 1 1 1 1 1 1 1 1 1 1]",0.8735320568084717,30,0.1,0.1,40000
oneMax,64,-64,26160,"[1 1 1 1 1 1 1 1 1 1 1 1 1 1 1 1 1 1 1 1 1 1 1 1 1 1 1 1 1 1 1 1 1 1 1 1 1
 1 1 1 1 1 1 1 1 1 1 1 1 1 1 1 1 1 1 1 1 1 1 1 1 1 1 1]",0.8466341495513916,30,0.1,0.1,40000
oneMax,64,-64,22110,"[1 1 1 1 1 1 1 1 1 1 1 1 1 1 1 1 1 1 1 1 1 1 1 1 1 1 1 1 1 1 1 1 1 1 1 1 1
 1 1 1 1 1 1 1 1 1 1 1 1 1 1 1 1 1 1 1 1 1 1 1 1 1 1 1]",0.9694600105285645,30,0.1,0.1,40000
oneMax,64,-64,22170,"[1 1 1 1 1 1 1 1 1 1 1 1 1 1 1 1 1 1 1 1 1 1 1 1 1 1 1 1 1 1 1 1 1 1 1 1 1
 1 1 1 1 1 1 1 1 1 1 1 1 1 1 1 1 1 1 1 1 1 1 1 1 1 1 1]",0.8550088405609131,30,0.1,0.1,40000
oneMax,64,-64,22170,"[1 1 1 1 1 1 1 1 1 1 1 1 1 1 1 1 1 1 1 1 1 1 1 1 1 1 1 1 1 1 1 1 1 1 1 1 1
 1 1 1 1 1 1 1 1 1 1 1 1 1 1 1 1 1 1 1 1 1 1 1 1 1 1 1]",0.8448290824890137,30,0.1,0.1,40000
oneMax,64,-64,15510,"[1 1 1 1 1 1 1 1 1 1 1 1 1 1 1 1 1 1 1 1 1 1 1 1 1 1 1 1 1 1 1 1 1 1 1 1 1
 1 1 1 1 1 1 1 1 1 1 1 1 1 1 1 1 1 1 1 1 1 1 1 1 1 1 1]",0.8627309799194336,30,0.1,0.1,40000
oneMax,64,-64,30180,"[1 1 1 1 1 1 1 1 1 1 1 1 1 1 1 1 1 1 1 1 1 1 1 1 1 1 1 1 1 1 1 1 1 1 1 1 1
 1 1 1 1 1 1 1 1 1 1 1 1 1 1 1 1 1 1 1 1 1 1 1 1 1 1 1]",0.8506050109863281,30,0.1,0.1,40000
oneMax,64,-64,20160,"[1 1 1 1 1 1 1 1 1 1 1 1 1 1 1 1 1 1 1 1 1 1 1 1 1 1 1 1 1 1 1 1 1 1 1 1 1
 1 1 1 1 1 1 1 1 1 1 1 1 1 1 1 1 1 1 1 1 1 1 1 1 1 1 1]",0.8647558689117432,30,0.1,0.1,40000
oneMax,64,-64,28140,"[1 1 1 1 1 1 1 1 1 1 1 1 1 1 1 1 1 1 1 1 1 1 1 1 1 1 1 1 1 1 1 1 1 1 1 1 1
 1 1 1 1 1 1 1 1 1 1 1 1 1 1 1 1 1 1 1 1 1 1 1 1 1 1 1]",0.8542430400848389,30,0.1,0.1,40000
oneMax,64,-64,20280,"[1 1 1 1 1 1 1 1 1 1 1 1 1 1 1 1 1 1 1 1 1 1 1 1 1 1 1 1 1 1 1 1 1 1 1 1 1
 1 1 1 1 1 1 1 1 1 1 1 1 1 1 1 1 1 1 1 1 1 1 1 1 1 1 1]",0.8635420799255371,30,0.1,0.1,40000
oneMax,64,-64,18720,"[1 1 1 1 1 1 1 1 1 1 1 1 1 1 1 1 1 1 1 1 1 1 1 1 1 1 1 1 1 1 1 1 1 1 1 1 1
 1 1 1 1 1 1 1 1 1 1 1 1 1 1 1 1 1 1 1 1 1 1 1 1 1 1 1]",0.8485078811645508,30,0.1,0.1,40000
oneMax,64,-64,28350,"[1 1 1 1 1 1 1 1 1 1 1 1 1 1 1 1 1 1 1 1 1 1 1 1 1 1 1 1 1 1 1 1 1 1 1 1 1
 1 1 1 1 1 1 1 1 1 1 1 1 1 1 1 1 1 1 1 1 1 1 1 1 1 1 1]",0.856374979019165,30,0.1,0.1,40000
oneMax,64,-64,14850,"[1 1 1 1 1 1 1 1 1 1 1 1 1 1 1 1 1 1 1 1 1 1 1 1 1 1 1 1 1 1 1 1 1 1 1 1 1
 1 1 1 1 1 1 1 1 1 1 1 1 1 1 1 1 1 1 1 1 1 1 1 1 1 1 1]",0.8514120578765869,30,0.1,0.1,40000
oneMax,64,-64,20640,"[1 1 1 1 1 1 1 1 1 1 1 1 1 1 1 1 1 1 1 1 1 1 1 1 1 1 1 1 1 1 1 1 1 1 1 1 1
 1 1 1 1 1 1 1 1 1 1 1 1 1 1 1 1 1 1 1 1 1 1 1 1 1 1 1]",0.8486161231994629,30,0.1,0.1,40000
oneMax,64,-64,14220,"[1 1 1 1 1 1 1 1 1 1 1 1 1 1 1 1 1 1 1 1 1 1 1 1 1 1 1 1 1 1 1 1 1 1 1 1 1
 1 1 1 1 1 1 1 1 1 1 1 1 1 1 1 1 1 1 1 1 1 1 1 1 1 1 1]",0.8544921875,30,0.1,0.1,40000
oneMax,64,-64,13290,"[1 1 1 1 1 1 1 1 1 1 1 1 1 1 1 1 1 1 1 1 1 1 1 1 1 1 1 1 1 1 1 1 1 1 1 1 1
 1 1 1 1 1 1 1 1 1 1 1 1 1 1 1 1 1 1 1 1 1 1 1 1 1 1 1]",0.8524270057678223,30,0.1,0.1,40000
oneMax,64,-64,11370,"[1 1 1 1 1 1 1 1 1 1 1 1 1 1 1 1 1 1 1 1 1 1 1 1 1 1 1 1 1 1 1 1 1 1 1 1 1
 1 1 1 1 1 1 1 1 1 1 1 1 1 1 1 1 1 1 1 1 1 1 1 1 1 1 1]",0.849862813949585,30,0.1,0.1,40000
oneMax,100,-100,22980,"[1 1 1 1 1 1 1 1 1 1 1 1 1 1 1 1 1 1 1 1 1 1 1 1 1 1 1 1 1 1 1 1 1 1 1 1 1
 1 1 1 1 1 1 1 1 1 1 1 1 1 1 1 1 1 1 1 1 1 1 1 1 1 1 1 1 1 1 1 1 1 1 1 1 1
 1 1 1 1 1 1 1 1 1 1 1 1 1 1 1 1 1 1 1 1 1 1 1 1 1 1]",0.9349908828735352,30,0.1,0.1,40000
oneMax,100,-100,38580,"[1 1 1 1 1 1 1 1 1 1 1 1 1 1 1 1 1 1 1 1 1 1 1 1 1 1 1 1 1 1 1 1 1 1 1 1 1
 1 1 1 1 1 1 1 1 1 1 1 1 1 1 1 1 1 1 1 1 1 1 1 1 1 1 1 1 1 1 1 1 1 1 1 1 1
 1 1 1 1 1 1 1 1 1 1 1 1 1 1 1 1 1 1 1 1 1 1 1 1 1 1]",0.9381837844848633,30,0.1,0.1,40000
oneMax,100,-100,22620,"[1 1 1 1 1 1 1 1 1 1 1 1 1 1 1 1 1 1 1 1 1 1 1 1 1 1 1 1 1 1 1 1 1 1 1 1 1
 1 1 1 1 1 1 1 1 1 1 1 1 1 1 1 1 1 1 1 1 1 1 1 1 1 1 1 1 1 1 1 1 1 1 1 1 1
 1 1 1 1 1 1 1 1 1 1 1 1 1 1 1 1 1 1 1 1 1 1 1 1 1 1]",0.9535059928894043,30,0.1,0.1,40000
oneMax,100,-100,36300,"[1 1 1 1 1 1 1 1 1 1 1 1 1 1 1 1 1 1 1 1 1 1 1 1 1 1 1 1 1 1 1 1 1 1 1 1 1
 1 1 1 1 1 1 1 1 1 1 1 1 1 1 1 1 1 1 1 1 1 1 1 1 1 1 1 1 1 1 1 1 1 1 1 1 1
 1 1 1 1 1 1 1 1 1 1 1 1 1 1 1 1 1 1 1 1 1 1 1 1 1 1]",0.9421989917755127,30,0.1,0.1,40000
oneMax,100,-100,25020,"[1 1 1 1 1 1 1 1 1 1 1 1 1 1 1 1 1 1 1 1 1 1 1 1 1 1 1 1 1 1 1 1 1 1 1 1 1
 1 1 1 1 1 1 1 1 1 1 1 1 1 1 1 1 1 1 1 1 1 1 1 1 1 1 1 1 1 1 1 1 1 1 1 1 1
 1 1 1 1 1 1 1 1 1 1 1 1 1 1 1 1 1 1 1 1 1 1 1 1 1 1]",0.941540002822876,30,0.1,0.1,40000
oneMax,100,-100,22920,"[1 1 1 1 1 1 1 1 1 1 1 1 1 1 1 1 1 1 1 1 1 1 1 1 1 1 1 1 1 1 1 1 1 1 1 1 1
 1 1 1 1 1 1 1 1 1 1 1 1 1 1 1 1 1 1 1 1 1 1 1 1 1 1 1 1 1 1 1 1 1 1 1 1 1
 1 1 1 1 1 1 1 1 1 1 1 1 1 1 1 1 1 1 1 1 1 1 1 1 1 1]",0.9387528896331787,30,0.1,0.1,40000
oneMax,100,-100,38130,"[1 1 1 1 1 1 1 1 1 1 1 1 1 1 1 1 1 1 1 1 1 1 1 1 1 1 1 1 1 1 1 1 1 1 1 1 1
 1 1 1 1 1 1 1 1 1 1 1 1 1 1 1 1 1 1 1 1 1 1 1 1 1 1 1 1 1 1 1 1 1 1 1 1 1
 1 1 1 1 1 1 1 1 1 1 1 1 1 1 1 1 1 1 1 1 1 1 1 1 1 1]",0.9413180351257324,30,0.1,0.1,40000
oneMax,100,-100,38730,"[1 1 1 1 1 1 1 1 1 1 1 1 1 1 1 1 1 1 1 1 1 1 1 1 1 1 1 1 1 1 1 1 1 1 1 1 1
 1 1 1 1 1 1 1 1 1 1 1 1 1 1 1 1 1 1 1 1 1 1 1 1 1 1 1 1 1 1 1 1 1 1 1 1 1
 1 1 1 1 1 1 1 1 1 1 1 1 1 1 1 1 1 1 1 1 1 1 1 1 1 1]",0.9434638023376465,30,0.1,0.1,40000
oneMax,100,-100,32280,"[1 1 1 1 1 1 1 1 1 1 1 1 1 1 1 1 1 1 1 1 1 1 1 1 1 1 1 1 1 1 1 1 1 1 1 1 1
 1 1 1 1 1 1 1 1 1 1 1 1 1 1 1 1 1 1 1 1 1 1 1 1 1 1 1 1 1 1 1 1 1 1 1 1 1
 1 1 1 1 1 1 1 1 1 1 1 1 1 1 1 1 1 1 1 1 1 1 1 1 1 1]",0.9451429843902588,30,0.1,0.1,40000
oneMax,100,-100,28620,"[1 1 1 1 1 1 1 1 1 1 1 1 1 1 1 1 1 1 1 1 1 1 1 1 1 1 1 1 1 1 1 1 1 1 1 1 1
 1 1 1 1 1 1 1 1 1 1 1 1 1 1 1 1 1 1 1 1 1 1 1 1 1 1 1 1 1 1 1 1 1 1 1 1 1
 1 1 1 1 1 1 1 1 1 1 1 1 1 1 1 1 1 1 1 1 1 1 1 1 1 1]",0.9735770225524902,30,0.1,0.1,40000
oneMax,100,-100,26370,"[1 1 1 1 1 1 1 1 1 1 1 1 1 1 1 1 1 1 1 1 1 1 1 1 1 1 1 1 1 1 1 1 1 1 1 1 1
 1 1 1 1 1 1 1 1 1 1 1 1 1 1 1 1 1 1 1 1 1 1 1 1 1 1 1 1 1 1 1 1 1 1 1 1 1
 1 1 1 1 1 1 1 1 1 1 1 1 1 1 1 1 1 1 1 1 1 1 1 1 1 1]",0.9157979488372803,30,0.1,0.1,40000
oneMax,100,-100,24720,"[1 1 1 1 1 1 1 1 1 1 1 1 1 1 1 1 1 1 1 1 1 1 1 1 1 1 1 1 1 1 1 1 1 1 1 1 1
 1 1 1 1 1 1 1 1 1 1 1 1 1 1 1 1 1 1 1 1 1 1 1 1 1 1 1 1 1 1 1 1 1 1 1 1 1
 1 1 1 1 1 1 1 1 1 1 1 1 1 1 1 1 1 1 1 1 1 1 1 1 1 1]",0.9465959072113037,30,0.1,0.1,40000
oneMax,100,-100,36330,"[1 1 1 1 1 1 1 1 1 1 1 1 1 1 1 1 1 1 1 1 1 1 1 1 1 1 1 1 1 1 1 1 1 1 1 1 1
 1 1 1 1 1 1 1 1 1 1 1 1 1 1 1 1 1 1 1 1 1 1 1 1 1 1 1 1 1 1 1 1 1 1 1 1 1
 1 1 1 1 1 1 1 1 1 1 1 1 1 1 1 1 1 1 1 1 1 1 1 1 1 1]",0.9277091026306152,30,0.1,0.1,40000
oneMax,100,-99,24540,"[1 1 1 1 1 1 1 1 1 1 1 1 1 1 1 1 1 1 1 1 1 1 1 1 1 1 1 1 1 1 1 1 1 1 1 1 1
 0 1 1 1 1 1 1 1 1 1 1 1 1 1 1 1 1 1 1 1 1 1 1 1 1 1 1 1 1 1 1 1 1 1 1 1 1
 1 1 1 1 1 1 1 1 1 1 1 1 1 1 1 1 1 1 1 1 1 1 1 1 1 1]",0.9330089092254639,30,0.1,0.1,40000
oneMax,100,-100,26430,"[1 1 1 1 1 1 1 1 1 1 1 1 1 1 1 1 1 1 1 1 1 1 1 1 1 1 1 1 1 1 1 1 1 1 1 1 1
 1 1 1 1 1 1 1 1 1 1 1 1 1 1 1 1 1 1 1 1 1 1 1 1 1 1 1 1 1 1 1 1 1 1 1 1 1
 1 1 1 1 1 1 1 1 1 1 1 1 1 1 1 1 1 1 1 1 1 1 1 1 1 1]",0.9365758895874023,30,0.1,0.1,40000
oneMax,100,-99,34440,"[1 1 1 1 1 1 1 1 1 1 1 1 1 1 1 1 1 1 1 1 1 1 1 1 1 1 1 1 1 1 1 1 1 1 1 1 1
 1 1 1 1 1 1 1 1 1 1 1 1 1 1 1 1 1 1 1 1 1 1 1 1 1 1 1 1 1 1 1 1 1 1 1 1 1
 1 1 1 1 1 1 0 1 1 1 1 1 1 1 1 1 1 1 1 1 1 1 1 1 1 1]",0.9333691596984863,30,0.1,0.1,40000
oneMax,100,-99,27360,"[1 1 1 1 1 1 1 1 1 1 1 1 1 1 1 1 1 1 1 1 1 1 1 1 1 1 1 1 1 1 1 1 1 1 1 1 1
 1 1 1 1 1 1 1 1 1 1 1 1 1 1 1 1 1 1 1 1 1 1 1 1 1 1 1 1 1 1 1 1 1 1 1 1 1
 1 1 1 1 1 1 1 1 1 1 1 1 1 1 1 1 0 1 1 1 1 1 1 1 1 1]",0.9428300857543945,30,0.1,0.1,40000
oneMax,100,-100,36780,"[1 1 1 1 1 1 1 1 1 1 1 1 1 1 1 1 1 1 1 1 1 1 1 1 1 1 1 1 1 1 1 1 1 1 1 1 1
 1 1 1 1 1 1 1 1 1 1 1 1 1 1 1 1 1 1 1 1 1 1 1 1 1 1 1 1 1 1 1 1 1 1 1 1 1
 1 1 1 1 1 1 1 1 1 1 1 1 1 1 1 1 1 1 1 1 1 1 1 1 1 1]",0.9397170543670654,30,0.1,0.1,40000
oneMax,100,-100,23490,"[1 1 1 1 1 1 1 1 1 1 1 1 1 1 1 1 1 1 1 1 1 1 1 1 1 1 1 1 1 1 1 1 1 1 1 1 1
 1 1 1 1 1 1 1 1 1 1 1 1 1 1 1 1 1 1 1 1 1 1 1 1 1 1 1 1 1 1 1 1 1 1 1 1 1
 1 1 1 1 1 1 1 1 1 1 1 1 1 1 1 1 1 1 1 1 1 1 1 1 1 1]",0.9473011493682861,30,0.1,0.1,40000
oneMax,100,-100,30390,"[1 1 1 1 1 1 1 1 1 1 1 1 1 1 1 1 1 1 1 1 1 1 1 1 1 1 1 1 1 1 1 1 1 1 1 1 1
 1 1 1 1 1 1 1 1 1 1 1 1 1 1 1 1 1 1 1 1 1 1 1 1 1 1 1 1 1 1 1 1 1 1 1 1 1
 1 1 1 1 1 1 1 1 1 1 1 1 1 1 1 1 1 1 1 1 1 1 1 1 1 1]",0.9425969123840332,30,0.1,0.1,40000
oneMax,100,-100,34440,"[1 1 1 1 1 1 1 1 1 1 1 1 1 1 1 1 1 1 1 1 1 1 1 1 1 1 1 1 1 1 1 1 1 1 1 1 1
 1 1 1 1 1 1 1 1 1 1 1 1 1 1 1 1 1 1 1 1 1 1 1 1 1 1 1 1 1 1 1 1 1 1 1 1 1
 1 1 1 1 1 1 1 1 1 1 1 1 1 1 1 1 1 1 1 1 1 1 1 1 1 1]",0.94651198387146,30,0.1,0.1,40000
oneMax,100,-100,26580,"[1 1 1 1 1 1 1 1 1 1 1 1 1 1 1 1 1 1 1 1 1 1 1 1 1 1 1 1 1 1 1 1 1 1 1 1 1
 1 1 1 1 1 1 1 1 1 1 1 1 1 1 1 1 1 1 1 1 1 1 1 1 1 1 1 1 1 1 1 1 1 1 1 1 1
 1 1 1 1 1 1 1 1 1 1 1 1 1 1 1 1 1 1 1 1 1 1 1 1 1 1]",0.9507720470428467,30,0.1,0.1,40000
oneMax,100,-100,29070,"[1 1 1 1 1 1 1 1 1 1 1 1 1 1 1 1 1 1 1 1 1 1 1 1 1 1 1 1 1 1 1 1 1 1 1 1 1
 1 1 1 1 1 1 1 1 1 1 1 1 1 1 1 1 1 1 1 1 1 1 1 1 1 1 1 1 1 1 1 1 1 1 1 1 1
 1 1 1 1 1 1 1 1 1 1 1 1 1 1 1 1 1 1 1 1 1 1 1 1 1 1]",0.9354889392852783,30,0.1,0.1,40000
oneMax,100,-100,30300,"[1 1 1 1 1 1 1 1 1 1 1 1 1 1 1 1 1 1 1 1 1 1 1 1 1 1 1 1 1 1 1 1 1 1 1 1 1
 1 1 1 1 1 1 1 1 1 1 1 1 1 1 1 1 1 1 1 1 1 1 1 1 1 1 1 1 1 1 1 1 1 1 1 1 1
 1 1 1 1 1 1 1 1 1 1 1 1 1 1 1 1 1 1 1 1 1 1 1 1 1 1]",0.9507148265838623,30,0.1,0.1,40000
oneMax,100,-100,28260,"[1 1 1 1 1 1 1 1 1 1 1 1 1 1 1 1 1 1 1 1 1 1 1 1 1 1 1 1 1 1 1 1 1 1 1 1 1
 1 1 1 1 1 1 1 1 1 1 1 1 1 1 1 1 1 1 1 1 1 1 1 1 1 1 1 1 1 1 1 1 1 1 1 1 1
 1 1 1 1 1 1 1 1 1 1 1 1 1 1 1 1 1 1 1 1 1 1 1 1 1 1]",0.9447939395904541,30,0.1,0.1,40000
oneMax,100,-100,35130,"[1 1 1 1 1 1 1 1 1 1 1 1 1 1 1 1 1 1 1 1 1 1 1 1 1 1 1 1 1 1 1 1 1 1 1 1 1
 1 1 1 1 1 1 1 1 1 1 1 1 1 1 1 1 1 1 1 1 1 1 1 1 1 1 1 1 1 1 1 1 1 1 1 1 1
 1 1 1 1 1 1 1 1 1 1 1 1 1 1 1 1 1 1 1 1 1 1 1 1 1 1]",0.941486120223999,30,0.1,0.1,40000
oneMax,100,-100,25170,"[1 1 1 1 1 1 1 1 1 1 1 1 1 1 1 1 1 1 1 1 1 1 1 1 1 1 1 1 1 1 1 1 1 1 1 1 1
 1 1 1 1 1 1 1 1 1 1 1 1 1 1 1 1 1 1 1 1 1 1 1 1 1 1 1 1 1 1 1 1 1 1 1 1 1
 1 1 1 1 1 1 1 1 1 1 1 1 1 1 1 1 1 1 1 1 1 1 1 1 1 1]",0.9463050365447998,30,0.1,0.1,40000
oneMax,100,-99,25170,"[1 1 1 1 1 1 1 1 1 1 1 1 1 1 1 1 1 1 1 1 1 1 1 1 1 1 1 1 1 1 1 1 1 1 1 1 1
 1 1 1 0 1 1 1 1 1 1 1 1 1 1 1 1 1 1 1 1 1 1 1 1 1 1 1 1 1 1 1 1 1 1 1 1 1
 1 1 1 1 1 1 1 1 1 1 1 1 1 1 1 1 1 1 1 1 1 1 1 1 1 1]",0.9521799087524414,30,0.1,0.1,40000
oneMax,100,-100,32550,"[1 1 1 1 1 1 1 1 1 1 1 1 1 1 1 1 1 1 1 1 1 1 1 1 1 1 1 1 1 1 1 1 1 1 1 1 1
 1 1 1 1 1 1 1 1 1 1 1 1 1 1 1 1 1 1 1 1 1 1 1 1 1 1 1 1 1 1 1 1 1 1 1 1 1
 1 1 1 1 1 1 1 1 1 1 1 1 1 1 1 1 1 1 1 1 1 1 1 1 1 1]",0.9345920085906982,30,0.1,0.1,40000
oneMax,100,-100,32280,"[1 1 1 1 1 1 1 1 1 1 1 1 1 1 1 1 1 1 1 1 1 1 1 1 1 1 1 1 1 1 1 1 1 1 1 1 1
 1 1 1 1 1 1 1 1 1 1 1 1 1 1 1 1 1 1 1 1 1 1 1 1 1 1 1 1 1 1 1 1 1 1 1 1 1
 1 1 1 1 1 1 1 1 1 1 1 1 1 1 1 1 1 1 1 1 1 1 1 1 1 1]",0.9404668807983398,30,0.1,0.1,40000
squareWave,16,-16,540,[0 0 1 1 0 0 1 1 0 0 1 1 0 0 1 1],1.0137858390808105,30,0.1,0.1,40000
squareWave,16,-16,510,[0 0 1 1 0 0 1 1 0 0 1 1 0 0 1 1],0.9866600036621094,30,0.1,0.1,40000
squareWave,16,-16,600,[0 0 1 1 0 0 1 1 0 0 1 1 0 0 1 1],0.9943130016326904,30,0.1,0.1,40000
squareWave,16,-16,360,[0 0 1 1 0 0 1 1 0 0 1 1 0 0 1 1],0.9835870265960693,30,0.1,0.1,40000
squareWave,16,-16,1110,[0 0 1 1 0 0 1 1 0 0 1 1 0 0 1 1],1.0003819465637207,30,0.1,0.1,40000
squareWave,16,-16,2100,[0 0 1 1 0 0 1 1 0 0 1 1 0 0 1 1],0.9948461055755615,30,0.1,0.1,40000
squareWave,16,-16,480,[0 0 1 1 0 0 1 1 0 0 1 1 0 0 1 1],0.9954140186309814,30,0.1,0.1,40000
squareWave,16,-16,2490,[0 0 1 1 0 0 1 1 0 0 1 1 0 0 1 1],0.9924719333648682,30,0.1,0.1,40000
squareWave,16,-16,6210,[0 0 1 1 0 0 1 1 0 0 1 1 0 0 1 1],0.9864261150360107,30,0.1,0.1,40000
squareWave,16,-16,4230,[0 0 1 1 0 0 1 1 0 0 1 1 0 0 1 1],0.9872269630432129,30,0.1,0.1,40000
squareWave,16,-16,2160,[0 0 1 1 0 0 1 1 0 0 1 1 0 0 1 1],0.9935100078582764,30,0.1,0.1,40000
squareWave,16,-16,1830,[0 0 1 1 0 0 1 1 0 0 1 1 0 0 1 1],1.0439081192016602,30,0.1,0.1,40000
squareWave,16,-16,2190,[0 0 1 1 0 0 1 1 0 0 1 1 0 0 1 1],0.9849660396575928,30,0.1,0.1,40000
squareWave,16,-16,330,[0 0 1 1 0 0 1 1 0 0 1 1 0 0 1 1],0.9877979755401611,30,0.1,0.1,40000
squareWave,16,-16,1860,[0 0 1 1 0 0 1 1 0 0 1 1 0 0 1 1],0.9866268634796143,30,0.1,0.1,40000
squareWave,16,-16,2010,[0 0 1 1 0 0 1 1 0 0 1 1 0 0 1 1],0.9855930805206299,30,0.1,0.1,40000
squareWave,16,-16,6030,[0 0 1 1 0 0 1 1 0 0 1 1 0 0 1 1],0.9896419048309326,30,0.1,0.1,40000
squareWave,16,-16,8040,[0 0 1 1 0 0 1 1 0 0 1 1 0 0 1 1],1.0012011528015137,30,0.1,0.1,40000
squareWave,16,-16,2370,[0 0 1 1 0 0 1 1 0 0 1 1 0 0 1 1],0.990847110748291,30,0.1,0.1,40000
squareWave,16,-16,810,[0 0 1 1 0 0 1 1 0 0 1 1 0 0 1 1],0.988631010055542,30,0.1,0.1,40000
squareWave,16,-16,4140,[0 0 1 1 0 0 1 1 0 0 1 1 0 0 1 1],1.0021038055419922,30,0.1,0.1,40000
squareWave,16,-16,4260,[0 0 1 1 0 0 1 1 0 0 1 1 0 0 1 1],0.9891908168792725,30,0.1,0.1,40000
squareWave,16,-16,4110,[0 0 1 1 0 0 1 1 0 0 1 1 0 0 1 1],1.0003788471221924,30,0.1,0.1,40000
squareWave,16,-16,2580,[0 0 1 1 0 0 1 1 0 0 1 1 0 0 1 1],1.0507071018218994,30,0.1,0.1,40000
squareWave,16,-16,10230,[0 0 1 1 0 0 1 1 0 0 1 1 0 0 1 1],0.9934711456298828,30,0.1,0.1,40000
squareWave,16,-16,5910,[0 0 1 1 0 0 1 1 0 0 1 1 0 0 1 1],0.9928810596466064,30,0.1,0.1,40000
squareWave,16,-16,6240,[0 0 1 1 0 0 1 1 0 0 1 1 0 0 1 1],0.9865140914916992,30,0.1,0.1,40000
squareWave,16,-16,330,[0 0 1 1 0 0 1 1 0 0 1 1 0 0 1 1],0.9860811233520508,30,0.1,0.1,40000
squareWave,16,-16,6480,[0 0 1 1 0 0 1 1 0 0 1 1 0 0 1 1],1.0035929679870605,30,0.1,0.1,40000
squareWave,16,-16,4110,[0 0 1 1 0 0 1 1 0 0 1 1 0 0 1 1],1.0532150268554688,30,0.1,0.1,40000
squareWave,25,-25,5970,[0 0 0 1 1 0 0 0 1 1 0 0 0 1 1 0 0 0 1 1 0 0 0 1 1],1.0226380825042725,30,0.1,0.1,40000
squareWave,25,-25,2790,[0 0 0 1 1 0 0 0 1 1 0 0 0 1 1 0 0 0 1 1 0 0 0 1 1],1.02177095413208,30,0.1,0.1,40000
squareWave,25,-25,5940,[0 0 0 1 1 0 0 0 1 1 0 0 0 1 1 0 0 0 1 1 0 0 0 1 1],1.0351998805999756,30,0.1,0.1,40000
squareWave,25,-25,9780,[0 0 0 1 1 0 0 0 1 1 0 0 0 1 1 0 0 0 1 1 0 0 0 1 1],1.045220136642456,30,0.1,0.1,40000
squareWave,25,-25,6000,[0 0 0 1 1 0 0 0 1 1 0 0 0 1 1 0 0 0 1 1 0 0 0 1 1],1.019606113433838,30,0.1,0.1,40000
squareWave,25,-25,6210,[0 0 0 1 1 0 0 0 1 1 0 0 0 1 1 0 0 0 1 1 0 0 0 1 1],1.1005210876464844,30,0.1,0.1,40000
squareWave,25,-25,12390,[0 0 0 1 1 0 0 0 1 1 0 0 0 1 1 0 0 0 1 1 0 0 0 1 1],1.0187079906463623,30,0.1,0.1,40000
squareWave,25,-25,2760,[0 0 0 1 1 0 0 0 1 1 0 0 0 1 1 0 0 0 1 1 0 0 0 1 1],1.0078468322753906,30,0.1,0.1,40000
squareWave,25,-25,6180,[0 0 0 1 1 0 0 0 1 1 0 0 0 1 1 0 0 0 1 1 0 0 0 1 1],1.0121870040893555,30,0.1,0.1,40000
squareWave,25,-25,20130,[0 0 0 1 1 0 0 0 1 1 0 0 0 1 1 0 0 0 1 1 0 0 0 1 1],1.0304110050201416,30,0.1,0.1,40000
squareWave,25,-25,12240,[0 0 0 1 1 0 0 0 1 1 0 0 0 1 1 0 0 0 1 1 0 0 0 1 1],1.0505468845367432,30,0.1,0.1,40000
squareWave,25,-25,2370,[0 0 0 1 1 0 0 0 1 1 0 0 0 1 1 0 0 0 1 1 0 0 0 1 1],1.0943100452423096,30,0.1,0.1,40000
squareWave,25,-25,8250,[0 0 0 1 1 0 0 0 1 1 0 0 0 1 1 0 0 0 1 1 0 0 0 1 1],1.0283279418945312,30,0.1,0.1,40000
squareWave,25,-25,13830,[0 0 0 1 1 0 0 0 1 1 0 0 0 1 1 0 0 0 1 1 0 0 0 1 1],1.0163919925689697,30,0.1,0.1,40000
squareWave,25,-25,10140,[0 0 0 1 1 0 0 0 1 1 0 0 0 1 1 0 0 0 1 1 0 0 0 1 1],1.0273771286010742,30,0.1,0.1,40000
squareWave,25,-25,8100,[0 0 0 1 1 0 0 0 1 1 0 0 0 1 1 0 0 0 1 1 0 0 0 1 1],1.025712013244629,30,0.1,0.1,40000
squareWave,25,-25,2580,[0 0 0 1 1 0 0 0 1 1 0 0 0 1 1 0 0 0 1 1 0 0 0 1 1],1.0125069618225098,30,0.1,0.1,40000
squareWave,25,-25,11760,[0 0 0 1 1 0 0 0 1 1 0 0 0 1 1 0 0 0 1 1 0 0 0 1 1],1.090834140777588,30,0.1,0.1,40000
squareWave,25,-25,6600,[0 0 0 1 1 0 0 0 1 1 0 0 0 1 1 0 0 0 1 1 0 0 0 1 1],1.0206570625305176,30,0.1,0.1,40000
squareWave,25,-25,10530,[0 0 0 1 1 0 0 0 1 1 0 0 0 1 1 0 0 0 1 1 0 0 0 1 1],1.0233080387115479,30,0.1,0.1,40000
squareWave,25,-25,690,[0 0 0 1 1 0 0 0 1 1 0 0 0 1 1 0 0 0 1 1 0 0 0 1 1],1.086393117904663,30,0.1,0.1,40000
squareWave,25,-25,6150,[0 0 0 1 1 0 0 0 1 1 0 0 0 1 1 0 0 0 1 1 0 0 0 1 1],1.8161981105804443,30,0.1,0.1,40000
squareWave,25,-25,14070,[0 0 0 1 1 0 0 0 1 1 0 0 0 1 1 0 0 0 1 1 0 0 0 1 1],1.1099200248718262,30,0.1,0.1,40000
squareWave,25,-25,4950,[0 0 0 1 1 0 0 0 1 1 0 0 0 1 1 0 0 0 1 1 0 0 0 1 1],1.2875549793243408,30,0.1,0.1,40000
squareWave,25,-25,4470,[0 0 0 1 1 0 0 0 1 1 0 0 0 1 1 0 0 0 1 1 0 0 0 1 1],1.2668721675872803,30,0.1,0.1,40000
squareWave,25,-25,4200,[0 0 0 1 1 0 0 0 1 1 0 0 0 1 1 0 0 0 1 1 0 0 0 1 1],1.4953150749206543,30,0.1,0.1,40000
squareWave,25,-25,4230,[0 0 0 1 1 0 0 0 1 1 0 0 0 1 1 0 0 0 1 1 0 0 0 1 1],1.4200880527496338,30,0.1,0.1,40000
squareWave,25,-25,6660,[0 0 0 1 1 0 0 0 1 1 0 0 0 1 1 0 0 0 1 1 0 0 0 1 1],1.1868019104003906,30,0.1,0.1,40000
squareWave,25,-25,6480,[0 0 0 1 1 0 0 0 1 1 0 0 0 1 1 0 0 0 1 1 0 0 0 1 1],1.5091099739074707,30,0.1,0.1,40000
squareWave,25,-25,7770,[0 0 0 1 1 0 0 0 1 1 0 0 0 1 1 0 0 0 1 1 0 0 0 1 1],1.341153860092163,30,0.1,0.1,40000
squareWave,36,-36,10110,[0 0 0 1 1 1 0 0 0 1 1 1 0 0 0 1 1 1 0 0 0 1 1 1 0 0 0 1 1 1 0 0 0 1 1 1],1.1305689811706543,30,0.1,0.1,40000
squareWave,36,-36,10200,[0 0 0 1 1 1 0 0 0 1 1 1 0 0 0 1 1 1 0 0 0 1 1 1 0 0 0 1 1 1 0 0 0 1 1 1],1.1291699409484863,30,0.1,0.1,40000
squareWave,36,-36,16170,[0 0 0 1 1 1 0 0 0 1 1 1 0 0 0 1 1 1 0 0 0 1 1 1 0 0 0 1 1 1 0 0 0 1 1 1],1.2682549953460693,30,0.1,0.1,40000
squareWave,36,-36,7350,[0 0 0 1 1 1 0 0 0 1 1 1 0 0 0 1 1 1 0 0 0 1 1 1 0 0 0 1 1 1 0 0 0 1 1 1],2.935102939605713,30,0.1,0.1,40000
squareWave,36,-36,8580,[0 0 0 1 1 1 0 0 0 1 1 1 0 0 0 1 1 1 0 0 0 1 1 1 0 0 0 1 1 1 0 0 0 1 1 1],2.818086862564087,30,0.1,0.1,40000
squareWave,36,-36,5790,[0 0 0 1 1 1 0 0 0 1 1 1 0 0 0 1 1 1 0 0 0 1 1 1 0 0 0 1 1 1 0 0 0 1 1 1],1.502985954284668,30,0.1,0.1,40000
squareWave,36,-36,8280,[0 0 0 1 1 1 0 0 0 1 1 1 0 0 0 1 1 1 0 0 0 1 1 1 0 0 0 1 1 1 0 0 0 1 1 1],1.1797280311584473,30,0.1,0.1,40000
squareWave,36,-36,2520,[0 0 0 1 1 1 0 0 0 1 1 1 0 0 0 1 1 1 0 0 0 1 1 1 0 0 0 1 1 1 0 0 0 1 1 1],1.3606891632080078,30,0.1,0.1,40000
squareWave,36,-36,10320,[0 0 0 1 1 1 0 0 0 1 1 1 0 0 0 1 1 1 0 0 0 1 1 1 0 0 0 1 1 1 0 0 0 1 1 1],1.2239789962768555,30,0.1,0.1,40000
squareWave,36,-36,20370,[0 0 0 1 1 1 0 0 0 1 1 1 0 0 0 1 1 1 0 0 0 1 1 1 0 0 0 1 1 1 0 0 0 1 1 1],1.8207509517669678,30,0.1,0.1,40000
squareWave,36,-36,10470,[0 0 0 1 1 1 0 0 0 1 1 1 0 0 0 1 1 1 0 0 0 1 1 1 0 0 0 1 1 1 0 0 0 1 1 1],1.21824312210083,30,0.1,0.1,40000
squareWave,36,-36,4260,[0 0 0 1 1 1 0 0 0 1 1 1 0 0 0 1 1 1 0 0 0 1 1 1 0 0 0 1 1 1 0 0 0 1 1 1],1.064906120300293,30,0.1,0.1,40000
squareWave,36,-36,13710,[0 0 0 1 1 1 0 0 0 1 1 1 0 0 0 1 1 1 0 0 0 1 1 1 0 0 0 1 1 1 0 0 0 1 1 1],1.1148998737335205,30,0.1,0.1,40000
squareWave,36,-36,18180,[0 0 0 1 1 1 0 0 0 1 1 1 0 0 0 1 1 1 0 0 0 1 1 1 0 0 0 1 1 1 0 0 0 1 1 1],1.1376900672912598,30,0.1,0.1,40000
squareWave,36,-36,14190,[0 0 0 1 1 1 0 0 0 1 1 1 0 0 0 1 1 1 0 0 0 1 1 1 0 0 0 1 1 1 0 0 0 1 1 1],1.3257761001586914,30,0.1,0.1,40000
squareWave,36,-36,10230,[0 0 0 1 1 1 0 0 0 1 1 1 0 0 0 1 1 1 0 0 0 1 1 1 0 0 0 1 1 1 0 0 0 1 1 1],1.1704769134521484,30,0.1,0.1,40000
squareWave,36,-36,8790,[0 0 0 1 1 1 0 0 0 1 1 1 0 0 0 1 1 1 0 0 0 1 1 1 0 0 0 1 1 1 0 0 0 1 1 1],1.201719045639038,30,0.1,0.1,40000
squareWave,36,-36,10170,[0 0 0 1 1 1 0 0 0 1 1 1 0 0 0 1 1 1 0 0 0 1 1 1 0 0 0 1 1 1 0 0 0 1 1 1],1.1024861335754395,30,0.1,0.1,40000
squareWave,36,-36,8280,[0 0 0 1 1 1 0 0 0 1 1 1 0 0 0 1 1 1 0 0 0 1 1 1 0 0 0 1 1 1 0 0 0 1 1 1],1.0494189262390137,30,0.1,0.1,40000
squareWave,36,-36,14490,[0 0 0 1 1 1 0 0 0 1 1 1 0 0 0 1 1 1 0 0 0 1 1 1 0 0 0 1 1 1 0 0 0 1 1 1],1.0550568103790283,30,0.1,0.1,40000
squareWave,36,-36,14130,[0 0 0 1 1 1 0 0 0 1 1 1 0 0 0 1 1 1 0 0 0 1 1 1 0 0 0 1 1 1 0 0 0 1 1 1],1.0822429656982422,30,0.1,0.1,40000
squareWave,36,-36,12420,[0 0 0 1 1 1 0 0 0 1 1 1 0 0 0 1 1 1 0 0 0 1 1 1 0 0 0 1 1 1 0 0 0 1 1 1],1.2237610816955566,30,0.1,0.1,40000
squareWave,36,-36,18240,[0 0 0 1 1 1 0 0 0 1 1 1 0 0 0 1 1 1 0 0 0 1 1 1 0 0 0 1 1 1 0 0 0 1 1 1],1.1230649948120117,30,0.1,0.1,40000
squareWave,36,-36,8340,[0 0 0 1 1 1 0 0 0 1 1 1 0 0 0 1 1 1 0 0 0 1 1 1 0 0 0 1 1 1 0 0 0 1 1 1],1.0899410247802734,30,0.1,0.1,40000
squareWave,36,-36,10620,[0 0 0 1 1 1 0 0 0 1 1 1 0 0 0 1 1 1 0 0 0 1 1 1 0 0 0 1 1 1 0 0 0 1 1 1],1.096426010131836,30,0.1,0.1,40000
squareWave,36,-36,10440,[0 0 0 1 1 1 0 0 0 1 1 1 0 0 0 1 1 1 0 0 0 1 1 1 0 0 0 1 1 1 0 0 0 1 1 1],1.0983459949493408,30,0.1,0.1,40000
squareWave,36,-36,16110,[0 0 0 1 1 1 0 0 0 1 1 1 0 0 0 1 1 1 0 0 0 1 1 1 0 0 0 1 1 1 0 0 0 1 1 1],1.0558788776397705,30,0.1,0.1,40000
squareWave,36,-36,12210,[0 0 0 1 1 1 0 0 0 1 1 1 0 0 0 1 1 1 0 0 0 1 1 1 0 0 0 1 1 1 0 0 0 1 1 1],1.1628241539001465,30,0.1,0.1,40000
squareWave,36,-36,3630,[0 0 0 1 1 1 0 0 0 1 1 1 0 0 0 1 1 1 0 0 0 1 1 1 0 0 0 1 1 1 0 0 0 1 1 1],1.2410869598388672,30,0.1,0.1,40000
squareWave,36,-36,14760,[0 0 0 1 1 1 0 0 0 1 1 1 0 0 0 1 1 1 0 0 0 1 1 1 0 0 0 1 1 1 0 0 0 1 1 1],1.104917049407959,30,0.1,0.1,40000
squareWave,64,-63,16350,"[0 1 0 0 1 1 1 1 0 0 0 0 1 1 1 1 0 0 0 0 1 1 1 1 0 0 0 0 1 1 1 1 0 0 0 0 1
 1 1 1 0 0 0 0 1 1 1 1 0 0 0 0 1 1 1 1 0 0 0 0 1 1 1 1]",1.1262240409851074,30,0.1,0.1,40000
squareWave,64,-64,20130,"[0 0 0 0 1 1 1 1 0 0 0 0 1 1 1 1 0 0 0 0 1 1 1 1 0 0 0 0 1 1 1 1 0 0 0 0 1
 1 1 1 0 0 0 0 1 1 1 1 0 0 0 0 1 1 1 1 0 0 0 0 1 1 1 1]",1.229353904724121,30,0.1,0.1,40000
squareWave,64,-64,24120,"[0 0 0 0 1 1 1 1 0 0 0 0 1 1 1 1 0 0 0 0 1 1 1 1 0 0 0 0 1 1 1 1 0 0 0 0 1
 1 1 1 0 0 0 0 1 1 1 1 0 0 0 0 1 1 1 1 0 0 0 0 1 1 1 1]",1.2829310894012451,30,0.1,0.1,40000
squareWave,64,-64,34230,"[0 0 0 0 1 1 1 1 0 0 0 0 1 1 1 1 0 0 0 0 1 1 1 1 0 0 0 0 1 1 1 1 0 0 0 0 1
 1 1 1 0 0 0 0 1 1 1 1 0 0 0 0 1 1 1 1 0 0 0 0 1 1 1 1]",1.1783227920532227,30,0.1,0.1,40000
squareWave,64,-64,39900,"[0 0 0 0 1 1 1 1 0 0 0 0 1 1 1 1 0 0 0 0 1 1 1 1 0 0 0 0 1 1 1 1 0 0 0 0 1
 1 1 1 0 0 0 0 1 1 1 1 0 0 0 0 1 1 1 1 0 0 0 0 1 1 1 1]",1.154167890548706,30,0.1,0.1,40000
squareWave,64,-64,21600,"[0 0 0 0 1 1 1 1 0 0 0 0 1 1 1 1 0 0 0 0 1 1 1 1 0 0 0 0 1 1 1 1 0 0 0 0 1
 1 1 1 0 0 0 0 1 1 1 1 0 0 0 0 1 1 1 1 0 0 0 0 1 1 1 1]",1.206568956375122,30,0.1,0.1,40000
squareWave,64,-63,34080,"[0 0 0 0 1 1 1 1 0 0 0 0 1 1 1 1 0 0 0 0 1 1 1 1 0 0 0 0 1 1 1 1 0 0 0 0 1
 1 1 1 0 0 0 0 1 1 1 1 0 0 0 0 1 1 1 1 1 0 0 0 1 1 1 1]",1.2560570240020752,30,0.1,0.1,40000
squareWave,64,-64,28920,"[0 0 0 0 1 1 1 1 0 0 0 0 1 1 1 1 0 0 0 0 1 1 1 1 0 0 0 0 1 1 1 1 0 0 0 0 1
 1 1 1 0 0 0 0 1 1 1 1 0 0 0 0 1 1 1 1 0 0 0 0 1 1 1 1]",1.5175259113311768,30,0.1,0.1,40000
squareWave,64,-64,25380,"[0 0 0 0 1 1 1 1 0 0 0 0 1 1 1 1 0 0 0 0 1 1 1 1 0 0 0 0 1 1 1 1 0 0 0 0 1
 1 1 1 0 0 0 0 1 1 1 1 0 0 0 0 1 1 1 1 0 0 0 0 1 1 1 1]",1.1307010650634766,30,0.1,0.1,40000
squareWave,64,-64,32070,"[0 0 0 0 1 1 1 1 0 0 0 0 1 1 1 1 0 0 0 0 1 1 1 1 0 0 0 0 1 1 1 1 0 0 0 0 1
 1 1 1 0 0 0 0 1 1 1 1 0 0 0 0 1 1 1 1 0 0 0 0 1 1 1 1]",1.1439399719238281,30,0.1,0.1,40000
squareWave,64,-64,20100,"[0 0 0 0 1 1 1 1 0 0 0 0 1 1 1 1 0 0 0 0 1 1 1 1 0 0 0 0 1 1 1 1 0 0 0 0 1
 1 1 1 0 0 0 0 1 1 1 1 0 0 0 0 1 1 1 1 0 0 0 0 1 1 1 1]",1.195430040359497,30,0.1,0.1,40000
squareWave,64,-64,31530,"[0 0 0 0 1 1 1 1 0 0 0 0 1 1 1 1 0 0 0 0 1 1 1 1 0 0 0 0 1 1 1 1 0 0 0 0 1
 1 1 1 0 0 0 0 1 1 1 1 0 0 0 0 1 1 1 1 0 0 0 0 1 1 1 1]",1.218026876449585,30,0.1,0.1,40000
squareWave,64,-64,19440,"[0 0 0 0 1 1 1 1 0 0 0 0 1 1 1 1 0 0 0 0 1 1 1 1 0 0 0 0 1 1 1 1 0 0 0 0 1
 1 1 1 0 0 0 0 1 1 1 1 0 0 0 0 1 1 1 1 0 0 0 0 1 1 1 1]",1.1780102252960205,30,0.1,0.1,40000
squareWave,64,-63,24810,"[0 0 0 0 1 1 1 1 0 0 0 0 1 1 1 1 0 0 0 0 1 1 1 1 0 0 0 0 0 1 1 1 0 0 0 0 1
 1 1 1 0 0 0 0 1 1 1 1 0 0 0 0 1 1 1 1 0 0 0 0 1 1 1 1]",1.2513399124145508,30,0.1,0.1,40000
squareWave,64,-64,22230,"[0 0 0 0 1 1 1 1 0 0 0 0 1 1 1 1 0 0 0 0 1 1 1 1 0 0 0 0 1 1 1 1 0 0 0 0 1
 1 1 1 0 0 0 0 1 1 1 1 0 0 0 0 1 1 1 1 0 0 0 0 1 1 1 1]",1.1621129512786865,30,0.1,0.1,40000
squareWave,64,-64,29970,"[0 0 0 0 1 1 1 1 0 0 0 0 1 1 1 1 0 0 0 0 1 1 1 1 0 0 0 0 1 1 1 1 0 0 0 0 1
 1 1 1 0 0 0 0 1 1 1 1 0 0 0 0 1 1 1 1 0 0 0 0 1 1 1 1]",1.1387510299682617,30,0.1,0.1,40000
squareWave,64,-64,22230,"[0 0 0 0 1 1 1 1 0 0 0 0 1 1 1 1 0 0 0 0 1 1 1 1 0 0 0 0 1 1 1 1 0 0 0 0 1
 1 1 1 0 0 0 0 1 1 1 1 0 0 0 0 1 1 1 1 0 0 0 0 1 1 1 1]",1.1582520008087158,30,0.1,0.1,40000
squareWave,64,-64,28200,"[0 0 0 0 1 1 1 1 0 0 0 0 1 1 1 1 0 0 0 0 1 1 1 1 0 0 0 0 1 1 1 1 0 0 0 0 1
 1 1 1 0 0 0 0 1 1 1 1 0 0 0 0 1 1 1 1 0 0 0 0 1 1 1 1]",1.2231860160827637,30,0.1,0.1,40000
squareWave,64,-64,14340,"[0 0 0 0 1 1 1 1 0 0 0 0 1 1 1 1 0 0 0 0 1 1 1 1 0 0 0 0 1 1 1 1 0 0 0 0 1
 1 1 1 0 0 0 0 1 1 1 1 0 0 0 0 1 1 1 1 0 0 0 0 1 1 1 1]",1.1510920524597168,30,0.1,0.1,40000
squareWave,64,-64,31170,"[0 0 0 0 1 1 1 1 0 0 0 0 1 1 1 1 0 0 0 0 1 1 1 1 0 0 0 0 1 1 1 1 0 0 0 0 1
 1 1 1 0 0 0 0 1 1 1 1 0 0 0 0 1 1 1 1 0 0 0 0 1 1 1 1]",1.324390172958374,30,0.1,0.1,40000
squareWave,64,-64,12750,"[0 0 0 0 1 1 1 1 0 0 0 0 1 1 1 1 0 0 0 0 1 1 1 1 0 0 0 0 1 1 1 1 0 0 0 0 1
 1 1 1 0 0 0 0 1 1 1 1 0 0 0 0 1 1 1 1 0 0 0 0 1 1 1 1]",1.4128739833831787,30,0.1,0.1,40000
squareWave,64,-64,17310,"[0 0 0 0 1 1 1 1 0 0 0 0 1 1 1 1 0 0 0 0 1 1 1 1 0 0 0 0 1 1 1 1 0 0 0 0 1
 1 1 1 0 0 0 0 1 1 1 1 0 0 0 0 1 1 1 1 0 0 0 0 1 1 1 1]",1.1863560676574707,30,0.1,0.1,40000
squareWave,64,-64,26100,"[0 0 0 0 1 1 1 1 0 0 0 0 1 1 1 1 0 0 0 0 1 1 1 1 0 0 0 0 1 1 1 1 0 0 0 0 1
 1 1 1 0 0 0 0 1 1 1 1 0 0 0 0 1 1 1 1 0 0 0 0 1 1 1 1]",1.1575429439544678,30,0.1,0.1,40000
squareWave,64,-64,24300,"[0 0 0 0 1 1 1 1 0 0 0 0 1 1 1 1 0 0 0 0 1 1 1 1 0 0 0 0 1 1 1 1 0 0 0 0 1
 1 1 1 0 0 0 0 1 1 1 1 0 0 0 0 1 1 1 1 0 0 0 0 1 1 1 1]",1.2116360664367676,30,0.1,0.1,40000
squareWave,64,-64,18870,"[0 0 0 0 1 1 1 1 0 0 0 0 1 1 1 1 0 0 0 0 1 1 1 1 0 0 0 0 1 1 1 1 0 0 0 0 1
 1 1 1 0 0 0 0 1 1 1 1 0 0 0 0 1 1 1 1 0 0 0 0 1 1 1 1]",1.3125159740447998,30,0.1,0.1,40000
squareWave,64,-64,20400,"[0 0 0 0 1 1 1 1 0 0 0 0 1 1 1 1 0 0 0 0 1 1 1 1 0 0 0 0 1 1 1 1 0 0 0 0 1
 1 1 1 0 0 0 0 1 1 1 1 0 0 0 0 1 1 1 1 0 0 0 0 1 1 1 1]",1.1904609203338623,30,0.1,0.1,40000
squareWave,64,-64,36210,"[0 0 0 0 1 1 1 1 0 0 0 0 1 1 1 1 0 0 0 0 1 1 1 1 0 0 0 0 1 1 1 1 0 0 0 0 1
 1 1 1 0 0 0 0 1 1 1 1 0 0 0 0 1 1 1 1 0 0 0 0 1 1 1 1]",1.1715519428253174,30,0.1,0.1,40000
squareWave,64,-64,22290,"[0 0 0 0 1 1 1 1 0 0 0 0 1 1 1 1 0 0 0 0 1 1 1 1 0 0 0 0 1 1 1 1 0 0 0 0 1
 1 1 1 0 0 0 0 1 1 1 1 0 0 0 0 1 1 1 1 0 0 0 0 1 1 1 1]",1.1253769397735596,30,0.1,0.1,40000
squareWave,64,-64,25530,"[0 0 0 0 1 1 1 1 0 0 0 0 1 1 1 1 0 0 0 0 1 1 1 1 0 0 0 0 1 1 1 1 0 0 0 0 1
 1 1 1 0 0 0 0 1 1 1 1 0 0 0 0 1 1 1 1 0 0 0 0 1 1 1 1]",1.2311220169067383,30,0.1,0.1,40000
squareWave,64,-64,34140,"[0 0 0 0 1 1 1 1 0 0 0 0 1 1 1 1 0 0 0 0 1 1 1 1 0 0 0 0 1 1 1 1 0 0 0 0 1
 1 1 1 0 0 0 0 1 1 1 1 0 0 0 0 1 1 1 1 0 0 0 0 1 1 1 1]",1.3451790809631348,30,0.1,0.1,40000
squareWave,100,-99,30300,"[0 0 0 0 0 1 1 1 1 1 0 0 0 0 0 1 1 1 1 1 0 0 0 0 0 1 1 1 1 1 0 0 0 0 0 1 1
 1 1 1 0 0 0 0 0 1 1 1 1 1 0 0 0 0 0 1 1 1 1 1 0 0 0 1 0 1 1 1 1 1 0 0 0 0
 0 1 1 1 1 1 0 0 0 0 0 1 1 1 1 1 0 0 0 0 0 1 1 1 1 1]",1.239394187927246,30,0.1,0.1,40000
squareWave,100,-100,35280,"[0 0 0 0 0 1 1 1 1 1 0 0 0 0 0 1 1 1 1 1 0 0 0 0 0 1 1 1 1 1 0 0 0 0 0 1 1
 1 1 1 0 0 0 0 0 1 1 1 1 1 0 0 0 0 0 1 1 1 1 1 0 0 0 0 0 1 1 1 1 1 0 0 0 0
 0 1 1 1 1 1 0 0 0 0 0 1 1 1 1 1 0 0 0 0 0 1 1 1 1 1]",1.2417070865631104,30,0.1,0.1,40000
squareWave,100,-100,26460,"[0 0 0 0 0 1 1 1 1 1 0 0 0 0 0 1 1 1 1 1 0 0 0 0 0 1 1 1 1 1 0 0 0 0 0 1 1
 1 1 1 0 0 0 0 0 1 1 1 1 1 0 0 0 0 0 1 1 1 1 1 0 0 0 0 0 1 1 1 1 1 0 0 0 0
 0 1 1 1 1 1 0 0 0 0 0 1 1 1 1 1 0 0 0 0 0 1 1 1 1 1]",1.2492241859436035,30,0.1,0.1,40000
squareWave,100,-99,28320,"[0 0 0 0 0 1 1 1 1 1 0 0 0 0 0 1 1 1 1 1 0 0 0 0 0 1 1 1 1 1 0 0 0 0 0 1 1
 1 1 1 0 0 0 0 0 1 1 1 1 1 0 0 0 0 0 1 1 1 1 1 0 0 0 0 1 1 1 1 1 1 0 0 0 0
 0 1 1 1 1 1 0 0 0 0 0 1 1 1 1 1 0 0 0 0 0 1 1 1 1 1]",1.2418091297149658,30,0.1,0.1,40000
squareWave,100,-99,38070,"[0 0 0 0 0 1 1 1 1 1 0 0 0 0 0 1 1 1 1 1 0 0 0 0 0 1 1 1 1 1 0 0 0 0 0 1 1
 1 1 1 0 0 0 0 0 1 1 1 1 1 0 0 0 1 0 1 1 1 1 1 0 0 0 0 0 1 1 1 1 1 0 0 0 0
 0 1 1 1 1 1 0 0 0 0 0 1 1 1 1 1 0 0 0 0 0 1 1 1 1 1]",1.2342031002044678,30,0.1,0.1,40000
squareWave,100,-100,26700,"[0 0 0 0 0 1 1 1 1 1 0 0 0 0 0 1 1 1 1 1 0 0 0 0 0 1 1 1 1 1 0 0 0 0 0 1 1
 1 1 1 0 0 0 0 0 1 1 1 1 1 0 0 0 0 0 1 1 1 1 1 0 0 0 0 0 1 1 1 1 1 0 0 0 0
 0 1 1 1 1 1 0 0 0 0 0 1 1 1 1 1 0 0 0 0 0 1 1 1 1 1]",1.3231620788574219,30,0.1,0.1,40000
squareWave,100,-99,26700,"[0 0 0 0 0 1 1 1 1 1 0 0 0 0 0 1 1 1 1 1 0 0 0 0 0 1 1 1 1 1 0 0 0 0 0 1 1
 1 1 1 0 0 0 0 0 1 1 1 1 1 0 0 0 0 0 1 1 1 1 1 0 0 0 0 0 1 1 1 1 1 0 0 0 0
 0 1 1 1 1 1 0 1 0 0 0 1 1 1 1 1 0 0 0 0 0 1 1 1 1 1]",1.3311610221862793,30,0.1,0.1,40000
squareWave,100,-100,18570,"[0 0 0 0 0 1 1 1 1 1 0 0 0 0 0 1 1 1 1 1 0 0 0 0 0 1 1 1 1 1 0 0 0 0 0 1 1
 1 1 1 0 0 0 0 0 1 1 1 1 1 0 0 0 0 0 1 1 1 1 1 0 0 0 0 0 1 1 1 1 1 0 0 0 0
 0 1 1 1 1 1 0 0 0 0 0 1 1 1 1 1 0 0 0 0 0 1 1 1 1 1]",1.2536981105804443,30,0.1,0.1,40000
squareWave,100,-100,36990,"[0 0 0 0 0 1 1 1 1 1 0 0 0 0 0 1 1 1 1 1 0 0 0 0 0 1 1 1 1 1 0 0 0 0 0 1 1
 1 1 1 0 0 0 0 0 1 1 1 1 1 0 0 0 0 0 1 1 1 1 1 0 0 0 0 0 1 1 1 1 1 0 0 0 0
 0 1 1 1 1 1 0 0 0 0 0 1 1 1 1 1 0 0 0 0 0 1 1 1 1 1]",1.238675832748413,30,0.1,0.1,40000
squareWave,100,-100,33270,"[0 0 0 0 0 1 1 1 1 1 0 0 0 0 0 1 1 1 1 1 0 0 0 0 0 1 1 1 1 1 0 0 0 0 0 1 1
 1 1 1 0 0 0 0 0 1 1 1 1 1 0 0 0 0 0 1 1 1 1 1 0 0 0 0 0 1 1 1 1 1 0 0 0 0
 0 1 1 1 1 1 0 0 0 0 0 1 1 1 1 1 0 0 0 0 0 1 1 1 1 1]",1.2543869018554688,30,0.1,0.1,40000
squareWave,100,-100,24990,"[0 0 0 0 0 1 1 1 1 1 0 0 0 0 0 1 1 1 1 1 0 0 0 0 0 1 1 1 1 1 0 0 0 0 0 1 1
 1 1 1 0 0 0 0 0 1 1 1 1 1 0 0 0 0 0 1 1 1 1 1 0 0 0 0 0 1 1 1 1 1 0 0 0 0
 0 1 1 1 1 1 0 0 0 0 0 1 1 1 1 1 0 0 0 0 0 1 1 1 1 1]",1.2791941165924072,30,0.1,0.1,40000
squareWave,100,-100,34170,"[0 0 0 0 0 1 1 1 1 1 0 0 0 0 0 1 1 1 1 1 0 0 0 0 0 1 1 1 1 1 0 0 0 0 0 1 1
 1 1 1 0 0 0 0 0 1 1 1 1 1 0 0 0 0 0 1 1 1 1 1 0 0 0 0 0 1 1 1 1 1 0 0 0 0
 0 1 1 1 1 1 0 0 0 0 0 1 1 1 1 1 0 0 0 0 0 1 1 1 1 1]",1.7033648490905762,30,0.1,0.1,40000
squareWave,100,-100,36870,"[0 0 0 0 0 1 1 1 1 1 0 0 0 0 0 1 1 1 1 1 0 0 0 0 0 1 1 1 1 1 0 0 0 0 0 1 1
 1 1 1 0 0 0 0 0 1 1 1 1 1 0 0 0 0 0 1 1 1 1 1 0 0 0 0 0 1 1 1 1 1 0 0 0 0
 0 1 1 1 1 1 0 0 0 0 0 1 1 1 1 1 0 0 0 0 0 1 1 1 1 1]",1.2226009368896484,30,0.1,0.1,40000
squareWave,100,-100,34920,"[0 0 0 0 0 1 1 1 1 1 0 0 0 0 0 1 1 1 1 1 0 0 0 0 0 1 1 1 1 1 0 0 0 0 0 1 1
 1 1 1 0 0 0 0 0 1 1 1 1 1 0 0 0 0 0 1 1 1 1 1 0 0 0 0 0 1 1 1 1 1 0 0 0 0
 0 1 1 1 1 1 0 0 0 0 0 1 1 1 1 1 0 0 0 0 0 1 1 1 1 1]",1.3026390075683594,30,0.1,0.1,40000
squareWave,100,-98,36690,"[0 0 1 0 0 1 1 1 1 1 0 0 0 0 0 1 1 1 1 1 0 0 0 0 0 1 1 1 1 1 0 0 0 0 0 1 1
 1 1 1 0 0 0 0 0 1 1 1 1 1 0 0 0 0 0 1 1 1 1 1 0 0 0 0 0 1 1 1 1 1 0 0 0 0
 0 1 1 1 1 1 0 0 0 0 1 1 1 1 1 1 0 0 0 0 0 1 1 1 1 1]",1.2499921321868896,30,0.1,0.1,40000
squareWave,100,-98,29520,"[0 1 0 0 0 1 1 1 1 1 0 0 0 0 0 1 1 1 1 1 0 0 0 0 0 1 1 1 1 1 0 0 0 0 0 1 1
 1 1 1 1 0 0 0 0 1 1 1 1 1 0 0 0 0 0 1 1 1 1 1 0 0 0 0 0 1 1 1 1 1 0 0 0 0
 0 1 1 1 1 1 0 0 0 0 0 1 1 1 1 1 0 0 0 0 0 1 1 1 1 1]",1.2453491687774658,30,0.1,0.1,40000
squareWave,100,-99,31470,"[0 0 0 0 0 1 1 1 0 1 0 0 0 0 0 1 1 1 1 1 0 0 0 0 0 1 1 1 1 1 0 0 0 0 0 1 1
 1 1 1 0 0 0 0 0 1 1 1 1 1 0 0 0 0 0 1 1 1 1 1 0 0 0 0 0 1 1 1 1 1 0 0 0 0
 0 1 1 1 1 1 0 0 0 0 0 1 1 1 1 1 0 0 0 0 0 1 1 1 1 1]",1.2654058933258057,30,0.1,0.1,40000
squareWave,100,-100,28320,"[0 0 0 0 0 1 1 1 1 1 0 0 0 0 0 1 1 1 1 1 0 0 0 0 0 1 1 1 1 1 0 0 0 0 0 1 1
 1 1 1 0 0 0 0 0 1 1 1 1 1 0 0 0 0 0 1 1 1 1 1 0 0 0 0 0 1 1 1 1 1 0 0 0 0
 0 1 1 1 1 1 0 0 0 0 0 1 1 1 1 1 0 0 0 0 0 1 1 1 1 1]",1.2585389614105225,30,0.1,0.1,40000
squareWave,100,-98,34290,"[1 0 0 0 0 1 1 1 1 1 0 0 0 0 0 1 1 1 1 1 0 0 0 0 0 1 1 1 1 1 0 0 0 0 0 1 1
 1 1 1 0 0 0 0 0 1 1 1 1 1 0 0 0 0 0 1 1 1 1 1 0 0 0 0 0 1 1 1 1 1 0 0 0 0
 0 1 1 1 1 1 0 0 0 0 0 1 1 1 1 1 0 0 0 0 1 1 1 1 1 1]",1.2396759986877441,30,0.1,0.1,40000
squareWave,100,-100,36780,"[0 0 0 0 0 1 1 1 1 1 0 0 0 0 0 1 1 1 1 1 0 0 0 0 0 1 1 1 1 1 0 0 0 0 0 1 1
 1 1 1 0 0 0 0 0 1 1 1 1 1 0 0 0 0 0 1 1 1 1 1 0 0 0 0 0 1 1 1 1 1 0 0 0 0
 0 1 1 1 1 1 0 0 0 0 0 1 1 1 1 1 0 0 0 0 0 1 1 1 1 1]",1.2873919010162354,30,0.1,0.1,40000
squareWave,100,-100,39030,"[0 0 0 0 0 1 1 1 1 1 0 0 0 0 0 1 1 1 1 1 0 0 0 0 0 1 1 1 1 1 0 0 0 0 0 1 1
 1 1 1 0 0 0 0 0 1 1 1 1 1 0 0 0 0 0 1 1 1 1 1 0 0 0 0 0 1 1 1 1 1 0 0 0 0
 0 1 1 1 1 1 0 0 0 0 0 1 1 1 1 1 0 0 0 0 0 1 1 1 1 1]",1.243614912033081,30,0.1,0.1,40000
squareWave,100,-98,24450,"[0 0 0 0 0 1 1 1 1 1 0 0 0 0 0 1 1 1 1 1 0 0 0 0 0 1 1 1 1 1 0 0 0 0 0 1 1
 1 1 1 0 0 0 0 0 1 1 1 1 1 0 0 0 0 0 1 1 1 1 1 0 1 0 0 0 1 1 1 1 1 0 0 0 0
 0 1 1 1 1 1 0 0 0 0 0 1 1 1 1 1 0 0 0 1 0 1 1 1 1 1]",1.2510230541229248,30,0.1,0.1,40000
squareWave,100,-98,24900,"[0 0 0 0 0 1 1 1 1 1 0 0 0 1 0 1 1 1 1 1 0 0 0 0 0 1 1 1 1 1 0 0 0 0 0 1 1
 1 1 1 0 0 0 0 0 1 1 1 1 1 0 0 0 0 0 1 1 1 1 1 0 0 0 0 0 1 1 1 1 1 0 0 0 0
 0 0 1 1 1 1 0 0 0 0 0 1 1 1 1 1 0 0 0 0 0 1 1 1 1 1]",1.250917911529541,30,0.1,0.1,40000
squareWave,100,-99,39090,"[0 1 0 0 0 1 1 1 1 1 0 0 0 0 0 1 1 1 1 1 0 0 0 0 0 1 1 1 1 1 0 0 0 0 0 1 1
 1 1 1 0 0 0 0 0 1 1 1 1 1 0 0 0 0 0 1 1 1 1 1 0 0 0 0 0 1 1 1 1 1 0 0 0 0
 0 1 1 1 1 1 0 0 0 0 0 1 1 1 1 1 0 0 0 0 0 1 1 1 1 1]",1.2796909809112549,30,0.1,0.1,40000
squareWave,100,-100,26280,"[0 0 0 0 0 1 1 1 1 1 0 0 0 0 0 1 1 1 1 1 0 0 0 0 0 1 1 1 1 1 0 0 0 0 0 1 1
 1 1 1 0 0 0 0 0 1 1 1 1 1 0 0 0 0 0 1 1 1 1 1 0 0 0 0 0 1 1 1 1 1 0 0 0 0
 0 1 1 1 1 1 0 0 0 0 0 1 1 1 1 1 0 0 0 0 0 1 1 1 1 1]",1.2619638442993164,30,0.1,0.1,40000
squareWave,100,-99,24810,"[0 0 0 0 0 1 1 1 1 1 0 0 0 0 0 1 1 1 1 1 0 0 0 0 0 1 1 0 1 1 0 0 0 0 0 1 1
 1 1 1 0 0 0 0 0 1 1 1 1 1 0 0 0 0 0 1 1 1 1 1 0 0 0 0 0 1 1 1 1 1 0 0 0 0
 0 1 1 1 1 1 0 0 0 0 0 1 1 1 1 1 0 0 0 0 0 1 1 1 1 1]",1.2296621799468994,30,0.1,0.1,40000
squareWave,100,-100,32160,"[0 0 0 0 0 1 1 1 1 1 0 0 0 0 0 1 1 1 1 1 0 0 0 0 0 1 1 1 1 1 0 0 0 0 0 1 1
 1 1 1 0 0 0 0 0 1 1 1 1 1 0 0 0 0 0 1 1 1 1 1 0 0 0 0 0 1 1 1 1 1 0 0 0 0
 0 1 1 1 1 1 0 0 0 0 0 1 1 1 1 1 0 0 0 0 0 1 1 1 1 1]",1.2669868469238281,30,0.1,0.1,40000
squareWave,100,-100,32190,"[0 0 0 0 0 1 1 1 1 1 0 0 0 0 0 1 1 1 1 1 0 0 0 0 0 1 1 1 1 1 0 0 0 0 0 1 1
 1 1 1 0 0 0 0 0 1 1 1 1 1 0 0 0 0 0 1 1 1 1 1 0 0 0 0 0 1 1 1 1 1 0 0 0 0
 0 1 1 1 1 1 0 0 0 0 0 1 1 1 1 1 0 0 0 0 0 1 1 1 1 1]",1.2588348388671875,30,0.1,0.1,40000
squareWave,100,-98,32310,"[0 0 0 0 0 1 1 1 1 1 0 0 0 0 0 1 1 1 1 1 0 0 0 0 0 1 1 1 1 1 0 0 0 0 0 1 1
 1 1 1 0 0 0 0 0 1 0 1 1 1 0 0 0 0 0 1 1 1 1 1 0 0 0 0 0 1 1 1 0 1 0 0 0 0
 0 1 1 1 1 1 0 0 0 0 0 1 1 1 1 1 0 0 0 0 0 1 1 1 1 1]",1.2412400245666504,30,0.1,0.1,40000
squareWave,100,-99,29190,"[0 0 0 0 0 1 1 1 1 1 0 0 0 0 0 1 1 1 1 1 0 0 0 0 0 1 1 1 1 1 0 0 0 0 0 1 1
 1 1 1 0 0 0 0 0 1 1 1 1 1 0 0 0 0 0 1 1 1 1 1 0 0 0 0 0 1 1 1 1 1 0 0 0 0
 0 1 0 1 1 1 0 0 0 0 0 1 1 1 1 1 0 0 0 0 0 1 1 1 1 1]",1.3157780170440674,30,0.1,0.1,40000
binVal,16,-65535.0,5850,[1 1 1 1 1 1 1 1 1 1 1 1 1 1 1 1],0.7570579051971436,30,0.1,0.1,40000
binVal,16,-65535.0,2130,[1 1 1 1 1 1 1 1 1 1 1 1 1 1 1 1],0.7315821647644043,30,0.1,0.1,40000
binVal,16,-65535.0,2520,[1 1 1 1 1 1 1 1 1 1 1 1 1 1 1 1],0.7406001091003418,30,0.1,0.1,40000
binVal,16,-65535.0,6180,[1 1 1 1 1 1 1 1 1 1 1 1 1 1 1 1],0.7599151134490967,30,0.1,0.1,40000
binVal,16,-65535.0,3930,[1 1 1 1 1 1 1 1 1 1 1 1 1 1 1 1],0.7241110801696777,30,0.1,0.1,40000
binVal,16,-65535.0,1830,[1 1 1 1 1 1 1 1 1 1 1 1 1 1 1 1],0.7294988632202148,30,0.1,0.1,40000
binVal,16,-65535.0,6030,[1 1 1 1 1 1 1 1 1 1 1 1 1 1 1 1],0.7334549427032471,30,0.1,0.1,40000
binVal,16,-65535.0,5850,[1 1 1 1 1 1 1 1 1 1 1 1 1 1 1 1],0.726571798324585,30,0.1,0.1,40000
binVal,16,-65535.0,5790,[1 1 1 1 1 1 1 1 1 1 1 1 1 1 1 1],0.7256309986114502,30,0.1,0.1,40000
binVal,16,-65535.0,4080,[1 1 1 1 1 1 1 1 1 1 1 1 1 1 1 1],0.724297046661377,30,0.1,0.1,40000
binVal,16,-65535.0,7800,[1 1 1 1 1 1 1 1 1 1 1 1 1 1 1 1],0.7302830219268799,30,0.1,0.1,40000
binVal,16,-65535.0,1860,[1 1 1 1 1 1 1 1 1 1 1 1 1 1 1 1],0.7358949184417725,30,0.1,0.1,40000
binVal,16,-65535.0,4770,[1 1 1 1 1 1 1 1 1 1 1 1 1 1 1 1],0.7256631851196289,30,0.1,0.1,40000
binVal,16,-65535.0,1860,[1 1 1 1 1 1 1 1 1 1 1 1 1 1 1 1],0.7376558780670166,30,0.1,0.1,40000
binVal,16,-65535.0,2070,[1 1 1 1 1 1 1 1 1 1 1 1 1 1 1 1],0.7499740123748779,30,0.1,0.1,40000
binVal,16,-65535.0,6270,[1 1 1 1 1 1 1 1 1 1 1 1 1 1 1 1],0.7102320194244385,30,0.1,0.1,40000
binVal,16,-65535.0,4140,[1 1 1 1 1 1 1 1 1 1 1 1 1 1 1 1],0.721397876739502,30,0.1,0.1,40000
binVal,16,-65535.0,4140,[1 1 1 1 1 1 1 1 1 1 1 1 1 1 1 1],0.7541050910949707,30,0.1,0.1,40000
binVal,16,-65535.0,180,[1 1 1 1 1 1 1 1 1 1 1 1 1 1 1 1],0.732874870300293,30,0.1,0.1,40000
binVal,16,-65535.0,7800,[1 1 1 1 1 1 1 1 1 1 1 1 1 1 1 1],0.7351667881011963,30,0.1,0.1,40000
binVal,16,-65535.0,2580,[1 1 1 1 1 1 1 1 1 1 1 1 1 1 1 1],0.728308916091919,30,0.1,0.1,40000
binVal,16,-65535.0,3840,[1 1 1 1 1 1 1 1 1 1 1 1 1 1 1 1],0.7180168628692627,30,0.1,0.1,40000
binVal,16,-65535.0,4320,[1 1 1 1 1 1 1 1 1 1 1 1 1 1 1 1],0.7282998561859131,30,0.1,0.1,40000
binVal,16,-65535.0,4350,[1 1 1 1 1 1 1 1 1 1 1 1 1 1 1 1],0.7305908203125,30,0.1,0.1,40000
binVal,16,-65535.0,2400,[1 1 1 1 1 1 1 1 1 1 1 1 1 1 1 1],0.7296850681304932,30,0.1,0.1,40000
binVal,16,-65535.0,4350,[1 1 1 1 1 1 1 1 1 1 1 1 1 1 1 1],0.7331230640411377,30,0.1,0.1,40000
binVal,16,-65535.0,2190,[1 1 1 1 1 1 1 1 1 1 1 1 1 1 1 1],0.7661459445953369,30,0.1,0.1,40000
binVal,16,-65535.0,2340,[1 1 1 1 1 1 1 1 1 1 1 1 1 1 1 1],0.736840009689331,30,0.1,0.1,40000
binVal,16,-65535.0,3330,[1 1 1 1 1 1 1 1 1 1 1 1 1 1 1 1],0.7406678199768066,30,0.1,0.1,40000
binVal,16,-65535.0,5850,[1 1 1 1 1 1 1 1 1 1 1 1 1 1 1 1],0.7352101802825928,30,0.1,0.1,40000
binVal,25,-33554431.0,10500,[1 1 1 1 1 1 1 1 1 1 1 1 1 1 1 1 1 1 1 1 1 1 1 1 1],0.7647979259490967,30,0.1,0.1,40000
binVal,25,-33554431.0,8280,[1 1 1 1 1 1 1 1 1 1 1 1 1 1 1 1 1 1 1 1 1 1 1 1 1],0.7669980525970459,30,0.1,0.1,40000
binVal,25,-33554431.0,14250,[1 1 1 1 1 1 1 1 1 1 1 1 1 1 1 1 1 1 1 1 1 1 1 1 1],0.7586140632629395,30,0.1,0.1,40000
binVal,25,-33554431.0,12120,[1 1 1 1 1 1 1 1 1 1 1 1 1 1 1 1 1 1 1 1 1 1 1 1 1],0.7712650299072266,30,0.1,0.1,40000
binVal,25,-33554431.0,15990,[1 1 1 1 1 1 1 1 1 1 1 1 1 1 1 1 1 1 1 1 1 1 1 1 1],0.7567958831787109,30,0.1,0.1,40000
binVal,25,-33554431.0,7800,[1 1 1 1 1 1 1 1 1 1 1 1 1 1 1 1 1 1 1 1 1 1 1 1 1],0.7841370105743408,30,0.1,0.1,40000
binVal,25,-33554431.0,9150,[1 1 1 1 1 1 1 1 1 1 1 1 1 1 1 1 1 1 1 1 1 1 1 1 1],0.7792370319366455,30,0.1,0.1,40000
binVal,25,-33554431.0,22050,[1 1 1 1 1 1 1 1 1 1 1 1 1 1 1 1 1 1 1 1 1 1 1 1 1],0.7672810554504395,30,0.1,0.1,40000
binVal,25,-33554431.0,20190,[1 1 1 1 1 1 1 1 1 1 1 1 1 1 1 1 1 1 1 1 1 1 1 1 1],0.7574789524078369,30,0.1,0.1,40000
binVal,25,-33554431.0,18060,[1 1 1 1 1 1 1 1 1 1 1 1 1 1 1 1 1 1 1 1 1 1 1 1 1],0.759619951248169,30,0.1,0.1,40000
binVal,25,-33554431.0,6030,[1 1 1 1 1 1 1 1 1 1 1 1 1 1 1 1 1 1 1 1 1 1 1 1 1],0.7601070404052734,30,0.1,0.1,40000
binVal,25,-33554431.0,12420,[1 1 1 1 1 1 1 1 1 1 1 1 1 1 1 1 1 1 1 1 1 1 1 1 1],0.7543840408325195,30,0.1,0.1,40000
binVal,25,-33554431.0,10230,[1 1 1 1 1 1 1 1 1 1 1 1 1 1 1 1 1 1 1 1 1 1 1 1 1],0.754296064376831,30,0.1,0.1,40000
binVal,25,-33554431.0,11970,[1 1 1 1 1 1 1 1 1 1 1 1 1 1 1 1 1 1 1 1 1 1 1 1 1],0.7528400421142578,30,0.1,0.1,40000
binVal,25,-33554431.0,7890,[1 1 1 1 1 1 1 1 1 1 1 1 1 1 1 1 1 1 1 1 1 1 1 1 1],0.7506260871887207,30,0.1,0.1,40000
binVal,25,-33554431.0,12030,[1 1 1 1 1 1 1 1 1 1 1 1 1 1 1 1 1 1 1 1 1 1 1 1 1],0.7566008567810059,30,0.1,0.1,40000
binVal,25,-33554431.0,13440,[1 1 1 1 1 1 1 1 1 1 1 1 1 1 1 1 1 1 1 1 1 1 1 1 1],0.7705209255218506,30,0.1,0.1,40000
binVal,25,-33554431.0,13800,[1 1 1 1 1 1 1 1 1 1 1 1 1 1 1 1 1 1 1 1 1 1 1 1 1],0.7726340293884277,30,0.1,0.1,40000
binVal,25,-33554431.0,18180,[1 1 1 1 1 1 1 1 1 1 1 1 1 1 1 1 1 1 1 1 1 1 1 1 1],0.7624108791351318,30,0.1,0.1,40000
binVal,25,-33554431.0,11760,[1 1 1 1 1 1 1 1 1 1 1 1 1 1 1 1 1 1 1 1 1 1 1 1 1],0.7635829448699951,30,0.1,0.1,40000
binVal,25,-33554431.0,15810,[1 1 1 1 1 1 1 1 1 1 1 1 1 1 1 1 1 1 1 1 1 1 1 1 1],0.7604110240936279,30,0.1,0.1,40000
binVal,25,-33554431.0,12090,[1 1 1 1 1 1 1 1 1 1 1 1 1 1 1 1 1 1 1 1 1 1 1 1 1],0.7580158710479736,30,0.1,0.1,40000
binVal,25,-33554431.0,15900,[1 1 1 1 1 1 1 1 1 1 1 1 1 1 1 1 1 1 1 1 1 1 1 1 1],0.7796759605407715,30,0.1,0.1,40000
binVal,25,-33554431.0,16830,[1 1 1 1 1 1 1 1 1 1 1 1 1 1 1 1 1 1 1 1 1 1 1 1 1],0.7618911266326904,30,0.1,0.1,40000
binVal,25,-33554431.0,14160,[1 1 1 1 1 1 1 1 1 1 1 1 1 1 1 1 1 1 1 1 1 1 1 1 1],0.7683670520782471,30,0.1,0.1,40000
binVal,25,-33554431.0,10050,[1 1 1 1 1 1 1 1 1 1 1 1 1 1 1 1 1 1 1 1 1 1 1 1 1],0.7601079940795898,30,0.1,0.1,40000
binVal,25,-33554431.0,13920,[1 1 1 1 1 1 1 1 1 1 1 1 1 1 1 1 1 1 1 1 1 1 1 1 1],0.7637009620666504,30,0.1,0.1,40000
binVal,25,-33554431.0,10200,[1 1 1 1 1 1 1 1 1 1 1 1 1 1 1 1 1 1 1 1 1 1 1 1 1],0.774284839630127,30,0.1,0.1,40000
binVal,25,-33554431.0,12210,[1 1 1 1 1 1 1 1 1 1 1 1 1 1 1 1 1 1 1 1 1 1 1 1 1],0.7652578353881836,30,0.1,0.1,40000
binVal,25,-33554431.0,9150,[1 1 1 1 1 1 1 1 1 1 1 1 1 1 1 1 1 1 1 1 1 1 1 1 1],0.7670671939849854,30,0.1,0.1,40000
binVal,36,-68719476735.0,28080,[1 1 1 1 1 1 1 1 1 1 1 1 1 1 1 1 1 1 1 1 1 1 1 1 1 1 1 1 1 1 1 1 1 1 1 1],0.7876107692718506,30,0.1,0.1,40000
binVal,36,-68719476735.0,31800,[1 1 1 1 1 1 1 1 1 1 1 1 1 1 1 1 1 1 1 1 1 1 1 1 1 1 1 1 1 1 1 1 1 1 1 1],0.7847449779510498,30,0.1,0.1,40000
binVal,36,-68719476735.0,22080,[1 1 1 1 1 1 1 1 1 1 1 1 1 1 1 1 1 1 1 1 1 1 1 1 1 1 1 1 1 1 1 1 1 1 1 1],0.7891910076141357,30,0.1,0.1,40000
binVal,36,-68719476735.0,20490,[1 1 1 1 1 1 1 1 1 1 1 1 1 1 1 1 1 1 1 1 1 1 1 1 1 1 1 1 1 1 1 1 1 1 1 1],0.8168439865112305,30,0.1,0.1,40000
binVal,36,-68719476735.0,22440,[1 1 1 1 1 1 1 1 1 1 1 1 1 1 1 1 1 1 1 1 1 1 1 1 1 1 1 1 1 1 1 1 1 1 1 1],0.7847230434417725,30,0.1,0.1,40000
binVal,36,-68719476735.0,16830,[1 1 1 1 1 1 1 1 1 1 1 1 1 1 1 1 1 1 1 1 1 1 1 1 1 1 1 1 1 1 1 1 1 1 1 1],0.7971179485321045,30,0.1,0.1,40000
binVal,36,-68719476735.0,13740,[1 1 1 1 1 1 1 1 1 1 1 1 1 1 1 1 1 1 1 1 1 1 1 1 1 1 1 1 1 1 1 1 1 1 1 1],0.781512975692749,30,0.1,0.1,40000
binVal,36,-68719476735.0,10710,[1 1 1 1 1 1 1 1 1 1 1 1 1 1 1 1 1 1 1 1 1 1 1 1 1 1 1 1 1 1 1 1 1 1 1 1],0.7807638645172119,30,0.1,0.1,40000
binVal,36,-68719476735.0,11730,[1 1 1 1 1 1 1 1 1 1 1 1 1 1 1 1 1 1 1 1 1 1 1 1 1 1 1 1 1 1 1 1 1 1 1 1],0.7869880199432373,30,0.1,0.1,40000
binVal,36,-68719476735.0,24060,[1 1 1 1 1 1 1 1 1 1 1 1 1 1 1 1 1 1 1 1 1 1 1 1 1 1 1 1 1 1 1 1 1 1 1 1],0.7923569679260254,30,0.1,0.1,40000
binVal,36,-68719476735.0,29940,[1 1 1 1 1 1 1 1 1 1 1 1 1 1 1 1 1 1 1 1 1 1 1 1 1 1 1 1 1 1 1 1 1 1 1 1],0.7869689464569092,30,0.1,0.1,40000
binVal,36,-68719476735.0,17730,[1 1 1 1 1 1 1 1 1 1 1 1 1 1 1 1 1 1 1 1 1 1 1 1 1 1 1 1 1 1 1 1 1 1 1 1],0.7852652072906494,30,0.1,0.1,40000
binVal,36,-68719476735.0,17370,[1 1 1 1 1 1 1 1 1 1 1 1 1 1 1 1 1 1 1 1 1 1 1 1 1 1 1 1 1 1 1 1 1 1 1 1],0.7959208488464355,30,0.1,0.1,40000
binVal,36,-68719476735.0,16380,[1 1 1 1 1 1 1 1 1 1 1 1 1 1 1 1 1 1 1 1 1 1 1 1 1 1 1 1 1 1 1 1 1 1 1 1],0.8027050495147705,30,0.1,0.1,40000
binVal,36,-68719476735.0,21120,[1 1 1 1 1 1 1 1 1 1 1 1 1 1 1 1 1 1 1 1 1 1 1 1 1 1 1 1 1 1 1 1 1 1 1 1],0.7962930202484131,30,0.1,0.1,40000
binVal,36,-68719476735.0,14460,[1 1 1 1 1 1 1 1 1 1 1 1 1 1 1 1 1 1 1 1 1 1 1 1 1 1 1 1 1 1 1 1 1 1 1 1],0.8159139156341553,30,0.1,0.1,40000
binVal,36,-68719476735.0,16050,[1 1 1 1 1 1 1 1 1 1 1 1 1 1 1 1 1 1 1 1 1 1 1 1 1 1 1 1 1 1 1 1 1 1 1 1],0.806663990020752,30,0.1,0.1,40000
binVal,36,-68719476735.0,16020,[1 1 1 1 1 1 1 1 1 1 1 1 1 1 1 1 1 1 1 1 1 1 1 1 1 1 1 1 1 1 1 1 1 1 1 1],0.7765991687774658,30,0.1,0.1,40000
binVal,36,-68719476735.0,22230,[1 1 1 1 1 1 1 1 1 1 1 1 1 1 1 1 1 1 1 1 1 1 1 1 1 1 1 1 1 1 1 1 1 1 1 1],0.7864420413970947,30,0.1,0.1,40000
binVal,36,-68719476735.0,13710,[1 1 1 1 1 1 1 1 1 1 1 1 1 1 1 1 1 1 1 1 1 1 1 1 1 1 1 1 1 1 1 1 1 1 1 1],0.8069741725921631,30,0.1,0.1,40000
binVal,36,-68719476735.0,17490,[1 1 1 1 1 1 1 1 1 1 1 1 1 1 1 1 1 1 1 1 1 1 1 1 1 1 1 1 1 1 1 1 1 1 1 1],0.8985421657562256,30,0.1,0.1,40000
binVal,36,-68719476735.0,8340,[1 1 1 1 1 1 1 1 1 1 1 1 1 1 1 1 1 1 1 1 1 1 1 1 1 1 1 1 1 1 1 1 1 1 1 1],0.9036760330200195,30,0.1,0.1,40000
binVal,36,-68719476735.0,14280,[1 1 1 1 1 1 1 1 1 1 1 1 1 1 1 1 1 1 1 1 1 1 1 1 1 1 1 1 1 1 1 1 1 1 1 1],0.8917310237884521,30,0.1,0.1,40000
binVal,36,-68719476735.0,18150,[1 1 1 1 1 1 1 1 1 1 1 1 1 1 1 1 1 1 1 1 1 1 1 1 1 1 1 1 1 1 1 1 1 1 1 1],0.9977879524230957,30,0.1,0.1,40000
binVal,36,-68719476735.0,12240,[1 1 1 1 1 1 1 1 1 1 1 1 1 1 1 1 1 1 1 1 1 1 1 1 1 1 1 1 1 1 1 1 1 1 1 1],0.8590719699859619,30,0.1,0.1,40000
binVal,36,-68719476733.0,26310,[1 1 1 1 1 1 1 1 1 1 1 1 1 1 1 1 1 1 1 1 1 1 1 1 1 1 1 1 1 1 1 1 1 1 0 1],0.8759801387786865,30,0.1,0.1,40000
binVal,36,-68719476735.0,18210,[1 1 1 1 1 1 1 1 1 1 1 1 1 1 1 1 1 1 1 1 1 1 1 1 1 1 1 1 1 1 1 1 1 1 1 1],0.8499557971954346,30,0.1,0.1,40000
binVal,36,-68719476735.0,20100,[1 1 1 1 1 1 1 1 1 1 1 1 1 1 1 1 1 1 1 1 1 1 1 1 1 1 1 1 1 1 1 1 1 1 1 1],0.8758869171142578,30,0.1,0.1,40000
binVal,36,-68719476735.0,5010,[1 1 1 1 1 1 1 1 1 1 1 1 1 1 1 1 1 1 1 1 1 1 1 1 1 1 1 1 1 1 1 1 1 1 1 1],0.8456358909606934,30,0.1,0.1,40000
binVal,36,-68719476735.0,13200,[1 1 1 1 1 1 1 1 1 1 1 1 1 1 1 1 1 1 1 1 1 1 1 1 1 1 1 1 1 1 1 1 1 1 1 1],0.8402950763702393,30,0.1,0.1,40000
binVal,64,-1.8446744072619033e+19,37980,"[1 1 1 1 1 1 1 1 1 1 1 1 1 1 1 1 1 1 1 1 1 1 1 1 1 1 1 1 1 1 1 1 1 0 1 1 1
 1 1 0 1 1 1 1 1 1 1 1 1 1 1 1 1 1 1 0 1 0 0 1 0 0 1 0]",0.8733677864074707,30,0.1,0.1,40000
binVal,64,-1.8446744073709552e+19,16320,"[1 1 1 1 1 1 1 1 1 1 1 1 1 1 1 1 1 1 1 1 1 1 1 1 1 1 1 1 1 1 1 1 1 1 1 1 1
 1 1 1 1 1 1 1 1 1 1 1 1 1 1 1 1 1 1 0 1 0 0 0 0 1 1 1]",0.9825670719146729,30,0.1,0.1,40000
binVal,64,-1.8446744073709158e+19,20190,"[1 1 1 1 1 1 1 1 1 1 1 1 1 1 1 1 1 1 1 1 1 1 1 1 1 1 1 1 1 1 1 1 1 1 1 1 1
 1 1 1 1 1 1 1 1 0 0 1 1 1 1 1 1 1 0 0 1 0 1 0 1 1 0 1]",0.9549829959869385,30,0.1,0.1,40000
binVal,64,-1.8446744073709541e+19,36630,"[1 1 1 1 1 1 1 1 1 1 1 1 1 1 1 1 1 1 1 1 1 1 1 1 1 1 1 1 1 1 1 1 1 1 1 1 1
 1 1 1 1 1 1 1 1 1 1 1 1 1 0 1 0 1 1 1 1 0 1 1 1 0 1 0]",1.1473650932312012,30,0.1,0.1,40000
binVal,64,-1.8446744073709545e+19,20880,"[1 1 1 1 1 1 1 1 1 1 1 1 1 1 1 1 1 1 1 1 1 1 1 1 1 1 1 1 1 1 1 1 1 1 1 1 1
 1 1 1 1 1 1 1 1 1 1 1 1 1 1 0 1 0 0 0 1 0 0 1 0 1 0 1]",1.155083179473877,30,0.1,0.1,40000
binVal,64,-1.8446744073709552e+19,38130,"[1 1 1 1 1 1 1 1 1 1 1 1 1 1 1 1 1 1 1 1 1 1 1 1 1 1 1 1 1 1 1 1 1 1 1 1 1
 1 1 1 1 1 1 1 1 1 1 1 1 1 1 1 1 1 0 0 1 0 0 0 1 0 0 0]",0.9189229011535645,30,0.1,0.1,40000
binVal,64,-1.8446744073709552e+19,37500,"[1 1 1 1 1 1 1 1 1 1 1 1 1 1 1 1 1 1 1 1 1 1 1 1 1 1 1 1 1 1 1 1 1 1 1 1 1
 1 1 1 1 1 1 1 1 1 1 1 1 1 1 1 1 1 0 0 1 0 1 1 1 0 1 1]",1.020669937133789,30,0.1,0.1,40000
binVal,64,-1.8446744073709515e+19,31080,"[1 1 1 1 1 1 1 1 1 1 1 1 1 1 1 1 1 1 1 1 1 1 1 1 1 1 1 1 1 1 1 1 1 1 1 1 1
 1 1 1 1 1 1 1 1 1 1 1 0 1 1 0 1 1 0 0 0 0 1 0 0 0 0 1]",0.9468481540679932,30,0.1,0.1,40000
binVal,64,-1.8446744073675964e+19,38220,"[1 1 1 1 1 1 1 1 1 1 1 1 1 1 1 1 1 1 1 1 1 1 1 1 1 1 1 1 1 1 1 1 1 1 1 1 1
 1 0 1 1 1 1 1 1 1 1 1 0 1 1 1 1 1 1 0 1 1 0 0 0 0 0 0]",0.867095947265625,30,0.1,0.1,40000
binVal,64,-1.8446744073709535e+19,31560,"[1 1 1 1 1 1 1 1 1 1 1 1 1 1 1 1 1 1 1 1 1 1 1 1 1 1 1 1 1 1 1 1 1 1 1 1 1
 1 1 1 1 1 1 1 1 1 1 1 1 0 1 1 1 1 0 0 1 1 1 0 1 0 1 1]",0.8815889358520508,30,0.1,0.1,40000
binVal,64,-1.8446744073709552e+19,38400,"[1 1 1 1 1 1 1 1 1 1 1 1 1 1 1 1 1 1 1 1 1 1 1 1 1 1 1 1 1 1 1 1 1 1 1 1 1
 1 1 1 1 1 1 1 1 1 1 1 1 1 1 1 1 1 1 0 1 1 0 1 1 1 1 0]",1.0689120292663574,30,0.1,0.1,40000
binVal,64,-1.844674407370942e+19,24990,"[1 1 1 1 1 1 1 1 1 1 1 1 1 1 1 1 1 1 1 1 1 1 1 1 1 1 1 1 1 1 1 1 1 1 1 1 1
 1 1 1 1 1 1 1 1 1 0 1 1 1 1 1 1 1 0 1 0 1 0 1 0 1 0 0]",1.079129934310913,30,0.1,0.1,40000
binVal,64,-1.844674407370955e+19,36420,"[1 1 1 1 1 1 1 1 1 1 1 1 1 1 1 1 1 1 1 1 1 1 1 1 1 1 1 1 1 1 1 1 1 1 1 1 1
 1 1 1 1 1 1 1 1 1 1 1 1 1 1 1 0 1 1 1 1 0 1 0 1 1 0 0]",0.9613528251647949,30,0.1,0.1,40000
binVal,64,-1.8446744073709478e+19,38880,"[1 1 1 1 1 1 1 1 1 1 1 1 1 1 1 1 1 1 1 1 1 1 1 1 1 1 1 1 1 1 1 1 1 1 1 1 1
 1 1 1 1 1 1 1 1 1 1 0 1 1 0 1 1 1 1 0 0 0 0 0 1 0 1 1]",0.9841539859771729,30,0.1,0.1,40000
binVal,64,-1.8446744073709552e+19,30030,"[1 1 1 1 1 1 1 1 1 1 1 1 1 1 1 1 1 1 1 1 1 1 1 1 1 1 1 1 1 1 1 1 1 1 1 1 1
 1 1 1 1 1 1 1 1 1 1 1 1 1 1 1 1 1 1 0 0 1 0 0 0 0 1 0]",1.0062370300292969,30,0.1,0.1,40000
binVal,64,-1.8446744073709552e+19,22350,"[1 1 1 1 1 1 1 1 1 1 1 1 1 1 1 1 1 1 1 1 1 1 1 1 1 1 1 1 1 1 1 1 1 1 1 1 1
 1 1 1 1 1 1 1 1 1 1 1 1 1 1 1 1 1 1 1 0 0 1 1 1 1 0 1]",0.9186890125274658,30,0.1,0.1,40000
binVal,64,-1.844674407370929e+19,21600,"[1 1 1 1 1 1 1 1 1 1 1 1 1 1 1 1 1 1 1 1 1 1 1 1 1 1 1 1 1 1 1 1 1 1 1 1 1
 1 1 1 1 1 1 1 1 0 1 1 1 1 1 1 1 1 1 0 0 1 1 0 1 0 1 0]",0.8713068962097168,30,0.1,0.1,40000
binVal,64,-1.8446744073709552e+19,30030,"[1 1 1 1 1 1 1 1 1 1 1 1 1 1 1 1 1 1 1 1 1 1 1 1 1 1 1 1 1 1 1 1 1 1 1 1 1
 1 1 1 1 1 1 1 1 1 1 1 1 1 1 1 1 1 0 0 0 0 1 1 0 1 0 0]",0.8612880706787109,30,0.1,0.1,40000
binVal,64,-1.8446744073675997e+19,32040,"[1 1 1 1 1 1 1 1 1 1 1 1 1 1 1 1 1 1 1 1 1 1 1 1 1 1 1 1 1 1 1 1 1 1 1 1 1
 1 0 1 1 1 1 1 1 1 1 1 1 1 1 1 1 1 1 0 0 0 1 0 0 0 0 0]",0.8843510150909424,30,0.1,0.1,40000
binVal,64,-1.8446744073709552e+19,30300,"[1 1 1 1 1 1 1 1 1 1 1 1 1 1 1 1 1 1 1 1 1 1 1 1 1 1 1 1 1 1 1 1 1 1 1 1 1
 1 1 1 1 1 1 1 1 1 1 1 1 1 1 1 1 1 0 1 1 1 1 0 1 0 0 0]",0.9055750370025635,30,0.1,0.1,40000
binVal,64,-1.8446744073709525e+19,25590,"[1 1 1 1 1 1 1 1 1 1 1 1 1 1 1 1 1 1 1 1 1 1 1 1 1 1 1 1 1 1 1 1 1 1 1 1 1
 1 1 1 1 1 1 1 1 1 1 1 1 0 0 1 1 0 0 1 0 1 1 0 0 1 0 0]",0.9723351001739502,30,0.1,0.1,40000
binVal,64,-1.8446744073709517e+19,37200,"[1 1 1 1 1 1 1 1 1 1 1 1 1 1 1 1 1 1 1 1 1 1 1 1 1 1 1 1 1 1 1 1 1 1 1 1 1
 1 1 1 1 1 1 1 1 1 1 1 0 1 1 1 0 1 0 1 0 0 0 1 0 1 1 1]",0.8932929039001465,30,0.1,0.1,40000
binVal,64,-1.8446744073709027e+19,32340,"[1 1 1 1 1 1 1 1 1 1 1 1 1 1 1 1 1 1 1 1 1 1 1 1 1 1 1 1 1 1 1 1 1 1 1 1 1
 1 1 1 1 1 1 1 0 1 1 1 1 1 1 1 1 1 0 1 1 1 0 0 1 0 0 0]",0.898777961730957,30,0.1,0.1,40000
binVal,64,-1.8446744073709552e+19,30240,"[1 1 1 1 1 1 1 1 1 1 1 1 1 1 1 1 1 1 1 1 1 1 1 1 1 1 1 1 1 1 1 1 1 1 1 1 1
 1 1 1 1 1 1 1 1 1 1 1 1 1 1 1 1 1 0 1 1 1 1 0 1 1 0 0]",0.8605589866638184,30,0.1,0.1,40000
binVal,64,-1.8446744073709025e+19,35910,"[1 1 1 1 1 1 1 1 1 1 1 1 1 1 1 1 1 1 1 1 1 1 1 1 1 1 1 1 1 1 1 1 1 1 1 1 1
 1 1 1 1 1 1 1 0 1 1 1 1 1 1 1 1 0 0 0 1 0 0 0 0 1 0 0]",0.8791630268096924,30,0.1,0.1,40000
binVal,64,-1.8446744073709543e+19,35070,"[1 1 1 1 1 1 1 1 1 1 1 1 1 1 1 1 1 1 1 1 1 1 1 1 1 1 1 1 1 1 1 1 1 1 1 1 1
 1 1 1 1 1 1 1 1 1 1 1 1 1 0 1 1 1 0 1 0 0 0 0 0 1 0 0]",0.8535451889038086,30,0.1,0.1,40000
binVal,64,-1.8446744073709552e+19,32040,"[1 1 1 1 1 1 1 1 1 1 1 1 1 1 1 1 1 1 1 1 1 1 1 1 1 1 1 1 1 1 1 1 1 1 1 1 1
 1 1 1 1 1 1 1 1 1 1 1 1 1 1 1 1 1 0 0 1 0 1 0 0 0 1 1]",1.010606050491333,30,0.1,0.1,40000
binVal,64,-1.8446744073709552e+19,27210,"[1 1 1 1 1 1 1 1 1 1 1 1 1 1 1 1 1 1 1 1 1 1 1 1 1 1 1 1 1 1 1 1 1 1 1 1 1
 1 1 1 1 1 1 1 1 1 1 1 1 1 1 1 1 1 1 1 1 1 0 0 0 1 1 0]",0.9931881427764893,30,0.1,0.1,40000
binVal,64,-1.8446744073709552e+19,38010,"[1 1 1 1 1 1 1 1 1 1 1 1 1 1 1 1 1 1 1 1 1 1 1 1 1 1 1 1 1 1 1 1 1 1 1 1 1
 1 1 1 1 1 1 1 1 1 1 1 1 1 1 1 1 1 1 0 1 0 1 1 0 0 1 0]",0.8740510940551758,30,0.1,0.1,40000
binVal,64,-1.844674407370951e+19,32880,"[1 1 1 1 1 1 1 1 1 1 1 1 1 1 1 1 1 1 1 1 1 1 1 1 1 1 1 1 1 1 1 1 1 1 1 1 1
 1 1 1 1 1 1 1 1 1 1 1 0 1 0 1 1 1 0 0 1 1 1 1 0 0 0 0]",1.0015950202941895,30,0.1,0.1,40000
binVal,100,-1.2676506002282288e+30,28080,"[1 1 1 1 1 1 1 1 1 1 1 1 1 1 1 1 1 1 1 1 1 1 1 1 1 1 1 1 1 1 1 1 1 1 1 1 1
 1 1 1 1 1 1 1 1 1 1 1 1 1 0 1 1 1 1 1 1 1 0 0 0 1 1 0 1 1 0 0 1 0 0 0 0 0
 1 0 0 1 1 1 0 0 0 1 1 0 1 0 1 1 1 1 1 0 0 1 1 0 0 1]",1.1166930198669434,30,0.1,0.1,40000
binVal,100,-1.267650600227054e+30,39480,"[1 1 1 1 1 1 1 1 1 1 1 1 1 1 1 1 1 1 1 1 1 1 1 1 1 1 1 1 1 1 1 1 1 1 1 1 1
 1 1 0 1 1 1 1 1 0 1 0 1 1 1 1 1 1 1 0 1 1 0 1 1 1 1 1 0 0 1 0 0 0 0 1 1 0
 0 0 1 1 1 1 0 1 0 1 1 0 0 1 1 1 0 1 1 0 0 1 0 1 1 0]",1.0387208461761475,30,0.1,0.1,40000
binVal,100,-1.267650600228227e+30,23550,"[1 1 1 1 1 1 1 1 1 1 1 1 1 1 1 1 1 1 1 1 1 1 1 1 1 1 1 1 1 1 1 1 1 1 1 1 1
 1 1 1 1 1 1 1 1 1 1 1 0 1 1 1 0 1 1 0 1 0 0 1 1 0 0 1 0 1 0 1 0 1 1 0 0 1
 1 1 1 1 1 0 0 1 0 1 1 0 1 0 0 1 1 0 1 1 0 1 1 1 0 0]",1.0151560306549072,30,0.1,0.1,40000
binVal,100,-1.2676506002281573e+30,31230,"[1 1 1 1 1 1 1 1 1 1 1 1 1 1 1 1 1 1 1 1 1 1 1 1 1 1 1 1 1 1 1 1 1 1 1 1 1
 1 1 1 1 1 1 0 1 1 1 1 1 1 1 1 1 1 0 0 1 0 1 1 1 0 1 1 1 1 1 1 0 0 0 0 1 1
 0 1 1 0 1 0 0 1 1 0 1 0 1 0 1 0 1 0 1 0 0 0 1 1 1 1]",0.9695169925689697,30,0.1,0.1,40000
binVal,100,-1.2676506002282283e+30,29580,"[1 1 1 1 1 1 1 1 1 1 1 1 1 1 1 1 1 1 1 1 1 1 1 1 1 1 1 1 1 1 1 1 1 1 1 1 1
 1 1 1 1 1 1 1 1 1 1 1 1 0 1 1 1 1 1 0 1 1 0 1 1 1 1 0 1 1 1 0 1 1 1 1 0 1
 0 1 0 1 1 1 0 1 0 1 0 1 0 0 0 0 1 1 1 1 1 0 1 0 0 0]",0.9926600456237793,30,0.1,0.1,40000
binVal,100,-1.2676506002282294e+30,38880,"[1 1 1 1 1 1 1 1 1 1 1 1 1 1 1 1 1 1 1 1 1 1 1 1 1 1 1 1 1 1 1 1 1 1 1 1 1
 1 1 1 1 1 1 1 1 1 1 1 1 1 1 1 1 1 1 1 1 0 0 0 1 0 1 1 0 1 1 0 0 0 1 1 0 0
 0 0 1 0 0 0 0 1 0 1 0 0 1 0 0 1 0 1 1 0 0 1 0 0 0 0]",1.1113438606262207,30,0.1,0.1,40000
binVal,100,-1.2676506002282293e+30,28260,"[1 1 1 1 1 1 1 1 1 1 1 1 1 1 1 1 1 1 1 1 1 1 1 1 1 1 1 1 1 1 1 1 1 1 1 1 1
 1 1 1 1 1 1 1 1 1 1 1 1 1 1 1 1 0 0 1 1 0 0 1 0 1 1 0 1 0 1 1 1 0 0 1 0 0
 1 1 0 1 0 0 0 0 1 1 1 1 0 0 0 1 0 1 1 0 0 1 1 1 1 1]",1.0601098537445068,30,0.1,0.1,40000
binVal,100,-1.2676506002282294e+30,15450,"[1 1 1 1 1 1 1 1 1 1 1 1 1 1 1 1 1 1 1 1 1 1 1 1 1 1 1 1 1 1 1 1 1 1 1 1 1
 1 1 1 1 1 1 1 1 1 1 1 1 1 1 1 1 1 1 1 0 0 0 1 1 0 0 0 1 0 0 0 1 0 0 0 1 0
 0 0 1 0 1 1 1 0 1 0 0 1 1 1 1 1 0 1 0 1 1 1 1 1 1 0]",1.0035970211029053,30,0.1,0.1,40000
binVal,100,-1.2676506002282294e+30,31020,"[1 1 1 1 1 1 1 1 1 1 1 1 1 1 1 1 1 1 1 1 1 1 1 1 1 1 1 1 1 1 1 1 1 1 1 1 1
 1 1 1 1 1 1 1 1 1 1 1 1 1 1 1 1 1 0 1 0 1 1 0 1 1 0 0 1 1 0 0 1 1 0 1 0 1
 1 1 0 0 0 0 0 1 0 0 0 0 0 1 0 1 0 0 0 1 1 1 0 1 0 0]",1.003675937652588,30,0.1,0.1,40000
binVal,100,-1.2676506002282294e+30,32460,"[1 1 1 1 1 1 1 1 1 1 1 1 1 1 1 1 1 1 1 1 1 1 1 1 1 1 1 1 1 1 1 1 1 1 1 1 1
 1 1 1 1 1 1 1 1 1 1 1 1 1 1 1 1 1 0 0 1 1 0 1 1 0 1 0 1 0 1 0 0 1 1 0 0 1
 1 1 0 1 0 1 1 1 1 0 0 0 1 0 0 0 0 0 1 1 0 1 0 1 1 1]",1.0409581661224365,30,0.1,0.1,40000
binVal,100,-1.2676506002190055e+30,36030,"[1 1 1 1 1 1 1 1 1 1 1 1 1 1 1 1 1 1 1 1 1 1 1 1 1 1 1 1 1 1 1 1 1 1 1 1 0
 1 1 1 1 1 1 1 1 1 1 1 1 1 0 1 1 1 1 1 1 1 0 1 1 1 0 0 1 0 0 1 1 0 1 1 1 0
 0 1 0 0 1 1 0 0 0 1 1 1 1 1 0 0 1 0 0 0 1 1 1 1 1 1]",1.1190521717071533,30,0.1,0.1,40000
binVal,100,-1.267650600227653e+30,37770,"[1 1 1 1 1 1 1 1 1 1 1 1 1 1 1 1 1 1 1 1 1 1 1 1 1 1 1 1 1 1 1 1 1 1 1 1 1
 1 1 1 0 1 1 1 1 1 1 1 1 1 1 1 1 1 0 0 1 0 1 1 0 1 1 1 1 0 1 1 0 0 1 0 1 0
 1 0 0 0 0 0 1 0 1 0 1 0 1 0 1 0 0 1 0 0 1 1 0 1 1 0]",0.9835689067840576,30,0.1,0.1,40000
binVal,100,-1.2676506002282246e+30,25050,"[1 1 1 1 1 1 1 1 1 1 1 1 1 1 1 1 1 1 1 1 1 1 1 1 1 1 1 1 1 1 1 1 1 1 1 1 1
 1 1 1 1 1 1 1 1 1 1 0 1 1 1 0 1 1 0 0 0 1 0 1 0 0 1 1 1 0 1 0 1 1 0 0 1 1
 1 1 1 0 1 0 1 1 1 1 0 1 1 0 0 0 1 1 1 0 0 0 1 0 1 0]",1.0712060928344727,30,0.1,0.1,40000
binVal,100,-1.2676506002282294e+30,28230,"[1 1 1 1 1 1 1 1 1 1 1 1 1 1 1 1 1 1 1 1 1 1 1 1 1 1 1 1 1 1 1 1 1 1 1 1 1
 1 1 1 1 1 1 1 1 1 1 1 1 1 1 1 1 1 1 1 1 1 1 1 0 0 0 0 0 0 0 1 0 0 0 0 0 1
 0 1 1 1 1 0 0 0 0 1 1 1 0 0 0 0 0 0 0 0 1 0 0 0 0 0]",1.0386219024658203,30,0.1,0.1,40000
binVal,100,-1.2676506002270742e+30,30630,"[1 1 1 1 1 1 1 1 1 1 1 1 1 1 1 1 1 1 1 1 1 1 1 1 1 1 1 1 1 1 1 1 1 1 1 1 1
 1 1 0 1 1 1 1 1 1 1 1 0 1 1 1 1 1 1 1 1 1 1 1 1 0 0 1 0 0 1 0 1 1 1 0 0 0
 0 1 1 0 1 0 1 1 0 1 0 0 1 0 1 1 0 1 1 1 0 0 0 0 1 0]",1.0602450370788574,30,0.1,0.1,40000
binVal,100,-1.2676506002282176e+30,39990,"[1 1 1 1 1 1 1 1 1 1 1 1 1 1 1 1 1 1 1 1 1 1 1 1 1 1 1 1 1 1 1 1 1 1 1 1 1
 1 1 1 1 1 1 1 1 1 0 1 0 1 0 1 1 1 1 0 1 0 1 0 1 0 0 0 0 0 0 0 0 1 1 0 0 1
 1 0 1 0 1 0 0 0 0 0 1 0 0 0 0 0 0 0 1 1 0 1 1 1 0 1]",1.0186338424682617,30,0.1,0.1,40000
binVal,100,-1.2676506002282293e+30,32040,"[1 1 1 1 1 1 1 1 1 1 1 1 1 1 1 1 1 1 1 1 1 1 1 1 1 1 1 1 1 1 1 1 1 1 1 1 1
 1 1 1 1 1 1 1 1 1 1 1 1 1 1 1 1 0 1 1 0 0 1 0 0 1 0 0 1 1 0 0 1 0 0 0 1 0
 1 0 0 0 1 0 0 1 1 0 1 1 1 1 0 1 0 1 1 0 1 1 1 1 0 0]",0.956732988357544,30,0.1,0.1,40000
binVal,100,-1.2676506002280853e+30,35580,"[1 1 1 1 1 1 1 1 1 1 1 1 1 1 1 1 1 1 1 1 1 1 1 1 1 1 1 1 1 1 1 1 1 1 1 1 1
 1 1 1 1 1 0 1 1 1 1 1 1 1 1 1 1 1 0 1 1 0 0 1 1 1 0 1 0 0 1 1 0 1 0 0 1 1
 0 1 0 0 0 1 1 1 1 1 0 1 1 1 0 0 0 1 1 0 0 0 1 0 0 1]",0.9946320056915283,30,0.1,0.1,40000
binVal,100,-1.2676506002279315e+30,38100,"[1 1 1 1 1 1 1 1 1 1 1 1 1 1 1 1 1 1 1 1 1 1 1 1 1 1 1 1 1 1 1 1 1 1 1 1 1
 1 1 1 1 0 1 1 1 1 0 1 1 1 0 1 0 1 0 1 1 1 0 1 0 0 1 1 1 0 1 1 1 0 0 1 1 0
 0 0 0 0 0 1 0 0 0 0 1 0 1 0 0 0 0 1 1 1 0 1 0 1 0 1]",1.0182459354400635,30,0.1,0.1,40000
binVal,100,-1.267650600228229e+30,38670,"[1 1 1 1 1 1 1 1 1 1 1 1 1 1 1 1 1 1 1 1 1 1 1 1 1 1 1 1 1 1 1 1 1 1 1 1 1
 1 1 1 1 1 1 1 1 1 1 1 1 1 1 0 1 0 0 0 1 1 0 0 1 1 1 0 1 1 1 1 0 0 1 1 0 0
 0 1 0 1 1 0 1 0 0 1 1 0 1 1 1 0 0 0 1 1 0 1 0 1 1 1]",1.0126149654388428,30,0.1,0.1,40000
binVal,100,-1.2676506002282271e+30,30360,"[1 1 1 1 1 1 1 1 1 1 1 1 1 1 1 1 1 1 1 1 1 1 1 1 1 1 1 1 1 1 1 1 1 1 1 1 1
 1 1 1 1 1 1 1 1 1 1 1 0 1 1 1 1 1 1 1 0 0 0 0 1 0 0 1 0 1 0 1 1 0 0 0 1 1
 1 0 1 1 1 1 1 1 1 1 0 1 0 0 1 1 0 0 0 0 1 0 0 1 1 1]",0.9729750156402588,30,0.1,0.1,40000
binVal,100,-1.2676506002282294e+30,24750,"[1 1 1 1 1 1 1 1 1 1 1 1 1 1 1 1 1 1 1 1 1 1 1 1 1 1 1 1 1 1 1 1 1 1 1 1 1
 1 1 1 1 1 1 1 1 1 1 1 1 1 1 1 1 1 0 0 1 1 0 1 0 0 1 0 1 0 1 1 0 0 0 1 0 0
 1 1 0 1 0 1 0 1 0 0 1 1 0 0 1 0 1 0 0 1 0 1 0 0 1 1]",0.959928035736084,30,0.1,0.1,40000
binVal,100,-1.2676506002282294e+30,33930,"[1 1 1 1 1 1 1 1 1 1 1 1 1 1 1 1 1 1 1 1 1 1 1 1 1 1 1 1 1 1 1 1 1 1 1 1 1
 1 1 1 1 1 1 1 1 1 1 1 1 1 1 1 1 1 1 0 1 1 0 0 1 0 0 0 0 0 1 1 1 0 0 1 0 0
 0 1 0 1 1 1 0 0 0 0 0 0 0 0 0 1 1 0 1 0 0 0 1 1 1 1]",1.0013539791107178,30,0.1,0.1,40000
binVal,100,-1.2676506002282204e+30,26250,"[1 1 1 1 1 1 1 1 1 1 1 1 1 1 1 1 1 1 1 1 1 1 1 1 1 1 1 1 1 1 1 1 1 1 1 1 1
 1 1 1 1 1 1 1 1 1 0 1 1 1 1 1 1 1 0 0 1 0 1 0 0 0 0 0 0 1 1 1 0 0 0 1 0 0
 1 0 1 1 0 0 1 1 0 0 1 1 0 1 0 1 0 0 0 1 1 0 1 1 0 1]",1.0452630519866943,30,0.1,0.1,40000
binVal,100,-1.2676506002282283e+30,35490,"[1 1 1 1 1 1 1 1 1 1 1 1 1 1 1 1 1 1 1 1 1 1 1 1 1 1 1 1 1 1 1 1 1 1 1 1 1
 1 1 1 1 1 1 1 1 1 1 1 1 0 1 1 1 1 0 1 1 0 1 0 1 0 1 0 0 1 0 0 0 0 0 1 1 1
 1 1 1 1 1 1 1 0 1 1 1 0 1 0 1 1 0 1 1 0 0 1 1 1 1 1]",0.9712998867034912,30,0.1,0.1,40000
binVal,100,-1.2676506002259219e+30,34260,"[1 1 1 1 1 1 1 1 1 1 1 1 1 1 1 1 1 1 1 1 1 1 1 1 1 1 1 1 1 1 1 1 1 1 1 1 1
 1 0 1 1 1 1 1 1 1 1 1 1 0 0 1 1 1 1 1 1 0 0 0 0 0 1 1 0 1 1 1 1 1 1 0 0 1
 1 1 1 0 0 0 0 1 1 0 0 1 1 0 0 0 1 1 0 0 0 0 1 1 1 1]",1.0453081130981445,30,0.1,0.1,40000
binVal,100,-1.2676506002281889e+30,34170,"[1 1 1 1 1 1 1 1 1 1 1 1 1 1 1 1 1 1 1 1 1 1 1 1 1 1 1 1 1 1 1 1 1 1 1 1 1
 1 1 1 1 1 1 1 0 1 1 0 1 1 1 1 1 1 1 0 0 0 0 0 1 0 1 0 1 1 1 1 0 0 1 1 1 1
 1 1 1 0 0 1 0 0 1 1 1 0 1 1 1 1 0 1 1 1 1 1 0 1 1 0]",1.2408900260925293,30,0.1,0.1,40000
binVal,100,-1.2676506002282294e+30,30900,"[1 1 1 1 1 1 1 1 1 1 1 1 1 1 1 1 1 1 1 1 1 1 1 1 1 1 1 1 1 1 1 1 1 1 1 1 1
 1 1 1 1 1 1 1 1 1 1 1 1 1 1 1 1 1 1 1 1 1 1 1 0 1 1 0 1 1 0 1 0 1 1 0 0 1
 0 0 1 0 0 0 1 0 0 1 1 0 0 1 0 1 0 0 1 0 1 1 0 0 0 1]",1.070472002029419,30,0.1,0.1,40000
binVal,100,-1.2676506002282287e+30,34650,"[1 1 1 1 1 1 1 1 1 1 1 1 1 1 1 1 1 1 1 1 1 1 1 1 1 1 1 1 1 1 1 1 1 1 1 1 1
 1 1 1 1 1 1 1 1 1 1 1 1 1 0 1 1 0 0 1 0 0 0 0 0 1 1 0 1 1 0 0 0 0 0 0 1 1
 1 1 1 1 1 1 1 1 1 0 1 0 1 1 1 1 1 0 0 0 0 0 0 1 1 0]",1.1147921085357666,30,0.1,0.1,40000
binVal,100,-1.2676506002281889e+30,29250,"[1 1 1 1 1 1 1 1 1 1 1 1 1 1 1 1 1 1 1 1 1 1 1 1 1 1 1 1 1 1 1 1 1 1 1 1 1
 1 1 1 1 1 1 1 0 1 1 0 1 1 1 1 1 1 1 1 1 0 0 0 1 1 0 0 1 1 1 1 1 1 0 0 1 0
 1 0 1 0 0 0 0 0 1 1 1 0 0 1 0 0 1 1 0 0 0 0 1 1 0 0]",1.017557144165039,30,0.1,0.1,40000
