oneMax,64,-59,29670,"[1 1 1 1 1 1 1 1 1 1 1 1 1 1 1 1 1 1 1 1 0 1 1 0 1 1 1 1 1 1 1 1 1 1 1 1 1
 1 1 1 1 1 1 1 1 1 1 1 1 1 1 0 1 1 1 0 1 1 1 0 1 1 1 1]",0.8270931243896484,30,0.1,0.01,40000
oneMax,64,-60,17880,"[1 1 0 1 1 1 1 1 1 1 0 1 1 1 1 1 1 1 1 1 1 1 1 1 0 1 1 1 1 1 1 1 1 1 0 1 1
 1 1 1 1 1 1 1 1 1 1 1 1 1 1 1 1 1 1 1 1 1 1 1 1 1 1 1]",0.8703529834747314,30,0.1,0.01,40000
oneMax,64,-60,30840,"[1 1 1 1 1 1 1 1 1 1 1 1 1 1 1 1 1 1 1 1 1 1 0 1 0 1 1 1 1 1 1 1 1 1 1 1 1
 1 1 1 1 1 1 0 1 1 1 1 1 1 0 1 1 1 1 1 1 1 1 1 1 1 1 1]",0.8427259922027588,30,0.1,0.01,40000
oneMax,64,-61,39510,"[1 1 1 1 1 1 1 1 1 1 1 1 1 1 1 1 1 1 1 1 1 1 1 1 1 0 1 1 0 1 1 1 1 1 1 1 1
 1 1 1 1 1 1 1 1 1 1 1 1 1 1 1 1 1 1 1 1 1 0 1 1 1 1 1]",0.8187041282653809,30,0.1,0.01,40000
oneMax,64,-60,20490,"[1 1 1 1 1 1 1 0 1 1 1 1 1 1 1 1 1 1 1 1 1 1 1 1 1 1 1 1 1 1 1 1 1 1 1 1 1
 1 1 1 1 1 1 1 1 0 0 1 1 1 1 1 1 1 0 1 1 1 1 1 1 1 1 1]",0.802786111831665,30,0.1,0.01,40000
oneMax,64,-56,33570,"[1 1 1 1 0 1 1 1 1 1 1 0 1 0 1 1 1 1 1 1 1 1 1 1 1 1 0 1 1 1 1 1 1 1 1 0 1
 1 1 1 0 0 1 1 1 1 1 1 1 1 1 1 1 1 1 1 1 1 1 1 1 1 0 1]",0.8279180526733398,30,0.1,0.01,40000
oneMax,64,-57,39540,"[1 1 1 1 1 1 1 1 1 1 1 1 1 0 1 1 1 1 1 1 1 1 0 1 1 1 1 0 0 1 0 1 1 1 1 1 1
 1 1 1 1 1 1 1 1 1 1 1 0 1 1 1 1 1 1 1 1 1 1 1 1 1 0 1]",0.8394219875335693,30,0.1,0.01,40000
oneMax,64,-60,37710,"[1 1 1 1 1 1 0 1 1 1 1 1 0 1 1 1 1 1 1 1 1 1 1 1 1 1 1 1 1 1 1 1 1 1 1 1 0
 1 1 1 1 1 0 1 1 1 1 1 1 1 1 1 1 1 1 1 1 1 1 1 1 1 1 1]",0.8642690181732178,30,0.1,0.01,40000
oneMax,64,-58,37470,"[1 1 1 1 1 1 1 1 1 1 0 1 1 1 1 1 1 0 1 1 1 1 0 1 1 1 1 1 1 1 1 1 0 1 1 1 1
 1 1 1 1 1 1 1 1 1 1 1 1 1 1 1 1 1 1 1 1 1 1 1 0 0 1 1]",0.886199951171875,30,0.1,0.01,40000
oneMax,64,-61,26910,"[1 1 1 1 0 1 1 1 1 1 1 1 1 1 1 1 1 1 1 1 1 1 1 1 1 1 1 1 1 1 1 1 1 1 1 1 1
 1 1 1 1 1 1 1 1 1 1 0 1 1 1 1 1 1 0 1 1 1 1 1 1 1 1 1]",0.991753101348877,30,0.1,0.01,40000
oneMax,64,-59,37650,"[1 1 0 1 1 1 1 1 1 1 1 1 1 1 1 1 0 0 1 1 1 1 1 1 1 1 1 1 1 1 0 1 1 1 1 1 1
 1 1 1 1 1 1 1 1 1 1 1 1 1 1 1 1 1 1 0 1 1 1 1 1 1 1 1]",0.8384690284729004,30,0.1,0.01,40000
oneMax,64,-56,32670,"[1 1 1 1 1 1 1 1 1 1 1 1 0 1 1 1 1 0 1 1 1 1 0 1 1 1 1 1 0 1 1 1 1 1 1 1 1
 1 1 1 1 1 0 1 0 1 1 1 1 1 0 1 0 1 1 1 1 1 1 1 1 1 1 1]",0.8339378833770752,30,0.1,0.01,40000
oneMax,64,-59,37920,"[1 1 1 1 1 1 1 1 1 1 0 1 1 1 1 1 1 1 1 1 1 1 1 1 1 1 1 1 1 1 1 1 1 1 1 0 0
 1 1 1 0 1 1 1 1 1 1 1 1 1 1 1 1 1 1 1 1 1 1 1 1 1 0 1]",0.8216938972473145,30,0.1,0.01,40000
oneMax,64,-59,24360,"[1 1 1 1 1 1 0 1 1 1 1 1 1 1 1 1 0 1 1 1 1 1 1 1 0 1 1 1 1 1 1 1 1 1 1 1 0
 1 1 1 1 1 1 1 1 1 1 1 1 1 1 1 1 1 1 1 0 1 1 1 1 1 1 1]",0.8239419460296631,30,0.1,0.01,40000
oneMax,64,-60,37470,"[1 1 1 1 1 1 1 1 1 1 1 1 1 1 1 0 1 1 1 1 1 1 1 1 1 0 1 1 1 1 1 1 0 1 1 1 1
 1 1 1 1 1 1 1 0 1 1 1 1 1 1 1 1 1 1 1 1 1 1 1 1 1 1 1]",0.8500921726226807,30,0.1,0.01,40000
oneMax,64,-61,35010,"[0 1 1 1 1 1 1 1 1 1 1 1 1 1 1 1 1 1 1 1 1 0 1 1 0 1 1 1 1 1 1 1 1 1 1 1 1
 1 1 1 1 1 1 1 1 1 1 1 1 1 1 1 1 1 1 1 1 1 1 1 1 1 1 1]",0.8219501972198486,30,0.1,0.01,40000
oneMax,64,-61,34350,"[1 1 1 1 1 1 1 1 1 1 1 1 1 1 1 1 1 1 1 1 1 1 1 1 1 1 1 1 1 1 1 1 0 1 1 1 0
 1 1 1 1 0 1 1 1 1 1 1 1 1 1 1 1 1 1 1 1 1 1 1 1 1 1 1]",0.8332839012145996,30,0.1,0.01,40000
oneMax,64,-59,22230,"[1 1 1 1 1 1 1 1 1 1 1 1 1 1 1 1 1 1 1 1 1 1 1 1 1 1 1 1 1 1 1 1 1 1 1 1 1
 1 1 1 1 1 1 0 1 1 0 1 1 1 0 0 1 1 1 1 1 0 1 1 1 1 1 1]",0.9198660850524902,30,0.1,0.01,40000
oneMax,64,-60,17760,"[1 1 1 1 1 1 1 1 1 1 1 1 1 1 1 1 1 1 1 0 1 1 1 1 1 1 0 1 1 1 1 1 1 1 1 1 1
 1 1 1 1 1 1 1 1 1 1 1 1 1 0 1 1 1 1 1 1 0 1 1 1 1 1 1]",0.8671040534973145,30,0.1,0.01,40000
oneMax,64,-59,17370,"[1 1 1 1 1 1 1 1 1 1 0 0 1 1 1 1 1 1 1 1 1 1 1 1 1 1 1 1 1 1 1 1 1 1 1 1 1
 1 1 1 1 1 1 1 1 1 1 1 1 0 1 1 0 0 1 1 1 1 1 1 1 1 1 1]",0.8384270668029785,30,0.1,0.01,40000
oneMax,64,-61,30150,"[0 1 1 1 1 1 1 1 1 1 1 1 1 1 1 1 1 1 1 1 1 1 1 1 1 1 1 1 1 1 1 1 1 1 1 1 1
 1 1 1 1 1 1 1 1 1 1 1 1 0 1 1 1 1 1 0 1 1 1 1 1 1 1 1]",0.8897159099578857,30,0.1,0.01,40000
oneMax,64,-59,28710,"[1 0 1 1 1 1 0 1 1 1 1 1 1 1 1 1 1 1 1 1 1 1 1 1 1 0 1 1 1 1 1 1 1 1 1 1 1
 1 1 1 1 1 1 0 1 1 1 0 1 1 1 1 1 1 1 1 1 1 1 1 1 1 1 1]",0.817471981048584,30,0.1,0.01,40000
oneMax,64,-61,33210,"[1 1 1 1 1 1 1 1 1 1 1 1 1 1 1 1 0 1 1 1 1 1 1 1 1 1 1 1 1 1 1 1 1 1 1 1 1
 1 1 1 0 1 1 1 1 1 1 1 1 1 1 1 1 1 1 1 1 1 1 1 1 1 1 0]",0.8505880832672119,30,0.1,0.01,40000
oneMax,64,-62,38880,"[1 1 1 1 1 1 1 1 1 1 0 1 1 1 1 1 1 1 1 1 1 1 1 1 1 1 1 1 1 1 1 1 1 1 1 1 1
 0 1 1 1 1 1 1 1 1 1 1 1 1 1 1 1 1 1 1 1 1 1 1 1 1 1 1]",0.8595490455627441,30,0.1,0.01,40000
oneMax,64,-59,25800,"[1 1 1 1 1 1 1 0 0 1 1 1 1 1 1 1 1 1 1 1 0 1 1 1 1 1 1 1 1 1 1 1 1 1 1 1 1
 1 1 0 1 1 1 1 1 1 1 0 1 1 1 1 1 1 1 1 1 1 1 1 1 1 1 1]",0.819141149520874,30,0.1,0.01,40000
oneMax,64,-62,33360,"[1 1 1 1 1 1 1 1 1 1 1 1 1 0 1 1 0 1 1 1 1 1 1 1 1 1 1 1 1 1 1 1 1 1 1 1 1
 1 1 1 1 1 1 1 1 1 1 1 1 1 1 1 1 1 1 1 1 1 1 1 1 1 1 1]",0.8805468082427979,30,0.1,0.01,40000
oneMax,64,-58,30420,"[0 1 1 1 0 1 1 1 1 1 1 1 1 1 1 1 1 1 1 1 0 1 1 1 1 1 1 1 1 1 1 1 1 1 1 1 1
 1 1 1 0 1 1 1 1 1 1 1 1 1 1 1 1 1 1 1 1 1 1 0 0 1 1 1]",0.8540689945220947,30,0.1,0.01,40000
oneMax,64,-59,39240,"[1 1 1 1 1 1 1 1 1 1 1 1 1 1 1 1 1 1 1 1 1 1 1 1 1 1 1 0 1 1 1 1 1 1 1 1 1
 1 1 1 1 1 1 0 1 1 1 1 1 1 1 1 1 1 1 0 1 0 1 1 1 1 1 0]",0.8715300559997559,30,0.1,0.01,40000
oneMax,64,-60,35730,"[1 1 1 1 1 1 1 1 1 1 1 1 1 1 1 1 1 1 1 1 1 1 1 1 0 1 1 0 1 1 1 1 1 1 1 0 1
 1 1 1 1 1 1 1 1 1 1 1 1 1 0 1 1 1 1 1 1 1 1 1 1 1 1 1]",0.8494689464569092,30,0.1,0.01,40000
oneMax,64,-55,36090,"[1 1 1 1 1 1 0 1 0 1 1 1 1 1 1 1 0 1 1 1 1 1 0 0 0 1 1 0 1 1 1 1 1 1 1 1 1
 1 1 1 1 1 1 1 1 1 1 1 0 1 1 1 1 1 1 1 0 1 1 1 1 1 1 1]",0.8328299522399902,30,0.1,0.01,40000
oneMax,64,-64,34140,"[1 1 1 1 1 1 1 1 1 1 1 1 1 1 1 1 1 1 1 1 1 1 1 1 1 1 1 1 1 1 1 1 1 1 1 1 1
 1 1 1 1 1 1 1 1 1 1 1 1 1 1 1 1 1 1 1 1 1 1 1 1 1 1 1]",0.8195009231567383,30,0.1,0.1,40000
oneMax,64,-64,30060,"[1 1 1 1 1 1 1 1 1 1 1 1 1 1 1 1 1 1 1 1 1 1 1 1 1 1 1 1 1 1 1 1 1 1 1 1 1
 1 1 1 1 1 1 1 1 1 1 1 1 1 1 1 1 1 1 1 1 1 1 1 1 1 1 1]",0.8801758289337158,30,0.1,0.1,40000
oneMax,64,-64,22830,"[1 1 1 1 1 1 1 1 1 1 1 1 1 1 1 1 1 1 1 1 1 1 1 1 1 1 1 1 1 1 1 1 1 1 1 1 1
 1 1 1 1 1 1 1 1 1 1 1 1 1 1 1 1 1 1 1 1 1 1 1 1 1 1 1]",1.0229730606079102,30,0.1,0.1,40000
oneMax,64,-64,28170,"[1 1 1 1 1 1 1 1 1 1 1 1 1 1 1 1 1 1 1 1 1 1 1 1 1 1 1 1 1 1 1 1 1 1 1 1 1
 1 1 1 1 1 1 1 1 1 1 1 1 1 1 1 1 1 1 1 1 1 1 1 1 1 1 1]",0.9029231071472168,30,0.1,0.1,40000
oneMax,64,-64,34320,"[1 1 1 1 1 1 1 1 1 1 1 1 1 1 1 1 1 1 1 1 1 1 1 1 1 1 1 1 1 1 1 1 1 1 1 1 1
 1 1 1 1 1 1 1 1 1 1 1 1 1 1 1 1 1 1 1 1 1 1 1 1 1 1 1]",0.8569281101226807,30,0.1,0.1,40000
oneMax,64,-64,22560,"[1 1 1 1 1 1 1 1 1 1 1 1 1 1 1 1 1 1 1 1 1 1 1 1 1 1 1 1 1 1 1 1 1 1 1 1 1
 1 1 1 1 1 1 1 1 1 1 1 1 1 1 1 1 1 1 1 1 1 1 1 1 1 1 1]",0.8364050388336182,30,0.1,0.1,40000
oneMax,64,-64,22080,"[1 1 1 1 1 1 1 1 1 1 1 1 1 1 1 1 1 1 1 1 1 1 1 1 1 1 1 1 1 1 1 1 1 1 1 1 1
 1 1 1 1 1 1 1 1 1 1 1 1 1 1 1 1 1 1 1 1 1 1 1 1 1 1 1]",0.8271281719207764,30,0.1,0.1,40000
oneMax,64,-64,26160,"[1 1 1 1 1 1 1 1 1 1 1 1 1 1 1 1 1 1 1 1 1 1 1 1 1 1 1 1 1 1 1 1 1 1 1 1 1
 1 1 1 1 1 1 1 1 1 1 1 1 1 1 1 1 1 1 1 1 1 1 1 1 1 1 1]",0.8112549781799316,30,0.1,0.1,40000
oneMax,64,-64,10410,"[1 1 1 1 1 1 1 1 1 1 1 1 1 1 1 1 1 1 1 1 1 1 1 1 1 1 1 1 1 1 1 1 1 1 1 1 1
 1 1 1 1 1 1 1 1 1 1 1 1 1 1 1 1 1 1 1 1 1 1 1 1 1 1 1]",0.811312198638916,30,0.1,0.1,40000
oneMax,64,-64,24450,"[1 1 1 1 1 1 1 1 1 1 1 1 1 1 1 1 1 1 1 1 1 1 1 1 1 1 1 1 1 1 1 1 1 1 1 1 1
 1 1 1 1 1 1 1 1 1 1 1 1 1 1 1 1 1 1 1 1 1 1 1 1 1 1 1]",0.8417530059814453,30,0.1,0.1,40000
oneMax,64,-64,34050,"[1 1 1 1 1 1 1 1 1 1 1 1 1 1 1 1 1 1 1 1 1 1 1 1 1 1 1 1 1 1 1 1 1 1 1 1 1
 1 1 1 1 1 1 1 1 1 1 1 1 1 1 1 1 1 1 1 1 1 1 1 1 1 1 1]",0.8599240779876709,30,0.1,0.1,40000
oneMax,64,-63,21360,"[1 1 1 1 1 1 1 1 1 1 1 1 1 1 1 1 1 1 0 1 1 1 1 1 1 1 1 1 1 1 1 1 1 1 1 1 1
 1 1 1 1 1 1 1 1 1 1 1 1 1 1 1 1 1 1 1 1 1 1 1 1 1 1 1]",0.8829848766326904,30,0.1,0.1,40000
oneMax,64,-64,20040,"[1 1 1 1 1 1 1 1 1 1 1 1 1 1 1 1 1 1 1 1 1 1 1 1 1 1 1 1 1 1 1 1 1 1 1 1 1
 1 1 1 1 1 1 1 1 1 1 1 1 1 1 1 1 1 1 1 1 1 1 1 1 1 1 1]",0.8478109836578369,30,0.1,0.1,40000
oneMax,64,-64,24150,"[1 1 1 1 1 1 1 1 1 1 1 1 1 1 1 1 1 1 1 1 1 1 1 1 1 1 1 1 1 1 1 1 1 1 1 1 1
 1 1 1 1 1 1 1 1 1 1 1 1 1 1 1 1 1 1 1 1 1 1 1 1 1 1 1]",0.887592077255249,30,0.1,0.1,40000
oneMax,64,-63,12570,"[1 1 1 1 1 1 1 1 1 1 1 1 1 1 1 1 0 1 1 1 1 1 1 1 1 1 1 1 1 1 1 1 1 1 1 1 1
 1 1 1 1 1 1 1 1 1 1 1 1 1 1 1 1 1 1 1 1 1 1 1 1 1 1 1]",0.9292471408843994,30,0.1,0.1,40000
oneMax,64,-64,24390,"[1 1 1 1 1 1 1 1 1 1 1 1 1 1 1 1 1 1 1 1 1 1 1 1 1 1 1 1 1 1 1 1 1 1 1 1 1
 1 1 1 1 1 1 1 1 1 1 1 1 1 1 1 1 1 1 1 1 1 1 1 1 1 1 1]",0.842397928237915,30,0.1,0.1,40000
oneMax,64,-64,18270,"[1 1 1 1 1 1 1 1 1 1 1 1 1 1 1 1 1 1 1 1 1 1 1 1 1 1 1 1 1 1 1 1 1 1 1 1 1
 1 1 1 1 1 1 1 1 1 1 1 1 1 1 1 1 1 1 1 1 1 1 1 1 1 1 1]",0.8621420860290527,30,0.1,0.1,40000
oneMax,64,-64,12510,"[1 1 1 1 1 1 1 1 1 1 1 1 1 1 1 1 1 1 1 1 1 1 1 1 1 1 1 1 1 1 1 1 1 1 1 1 1
 1 1 1 1 1 1 1 1 1 1 1 1 1 1 1 1 1 1 1 1 1 1 1 1 1 1 1]",0.8217670917510986,30,0.1,0.1,40000
oneMax,64,-64,18420,"[1 1 1 1 1 1 1 1 1 1 1 1 1 1 1 1 1 1 1 1 1 1 1 1 1 1 1 1 1 1 1 1 1 1 1 1 1
 1 1 1 1 1 1 1 1 1 1 1 1 1 1 1 1 1 1 1 1 1 1 1 1 1 1 1]",0.9339778423309326,30,0.1,0.1,40000
oneMax,64,-64,26130,"[1 1 1 1 1 1 1 1 1 1 1 1 1 1 1 1 1 1 1 1 1 1 1 1 1 1 1 1 1 1 1 1 1 1 1 1 1
 1 1 1 1 1 1 1 1 1 1 1 1 1 1 1 1 1 1 1 1 1 1 1 1 1 1 1]",0.9463560581207275,30,0.1,0.1,40000
oneMax,64,-64,16560,"[1 1 1 1 1 1 1 1 1 1 1 1 1 1 1 1 1 1 1 1 1 1 1 1 1 1 1 1 1 1 1 1 1 1 1 1 1
 1 1 1 1 1 1 1 1 1 1 1 1 1 1 1 1 1 1 1 1 1 1 1 1 1 1 1]",0.876533031463623,30,0.1,0.1,40000
oneMax,64,-64,24420,"[1 1 1 1 1 1 1 1 1 1 1 1 1 1 1 1 1 1 1 1 1 1 1 1 1 1 1 1 1 1 1 1 1 1 1 1 1
 1 1 1 1 1 1 1 1 1 1 1 1 1 1 1 1 1 1 1 1 1 1 1 1 1 1 1]",0.976891040802002,30,0.1,0.1,40000
oneMax,64,-64,18330,"[1 1 1 1 1 1 1 1 1 1 1 1 1 1 1 1 1 1 1 1 1 1 1 1 1 1 1 1 1 1 1 1 1 1 1 1 1
 1 1 1 1 1 1 1 1 1 1 1 1 1 1 1 1 1 1 1 1 1 1 1 1 1 1 1]",0.9811801910400391,30,0.1,0.1,40000
oneMax,64,-64,23280,"[1 1 1 1 1 1 1 1 1 1 1 1 1 1 1 1 1 1 1 1 1 1 1 1 1 1 1 1 1 1 1 1 1 1 1 1 1
 1 1 1 1 1 1 1 1 1 1 1 1 1 1 1 1 1 1 1 1 1 1 1 1 1 1 1]",0.8203871250152588,30,0.1,0.1,40000
oneMax,64,-64,24180,"[1 1 1 1 1 1 1 1 1 1 1 1 1 1 1 1 1 1 1 1 1 1 1 1 1 1 1 1 1 1 1 1 1 1 1 1 1
 1 1 1 1 1 1 1 1 1 1 1 1 1 1 1 1 1 1 1 1 1 1 1 1 1 1 1]",0.796212911605835,30,0.1,0.1,40000
oneMax,64,-64,38610,"[1 1 1 1 1 1 1 1 1 1 1 1 1 1 1 1 1 1 1 1 1 1 1 1 1 1 1 1 1 1 1 1 1 1 1 1 1
 1 1 1 1 1 1 1 1 1 1 1 1 1 1 1 1 1 1 1 1 1 1 1 1 1 1 1]",0.8213579654693604,30,0.1,0.1,40000
oneMax,64,-64,14160,"[1 1 1 1 1 1 1 1 1 1 1 1 1 1 1 1 1 1 1 1 1 1 1 1 1 1 1 1 1 1 1 1 1 1 1 1 1
 1 1 1 1 1 1 1 1 1 1 1 1 1 1 1 1 1 1 1 1 1 1 1 1 1 1 1]",0.8281099796295166,30,0.1,0.1,40000
oneMax,64,-64,22170,"[1 1 1 1 1 1 1 1 1 1 1 1 1 1 1 1 1 1 1 1 1 1 1 1 1 1 1 1 1 1 1 1 1 1 1 1 1
 1 1 1 1 1 1 1 1 1 1 1 1 1 1 1 1 1 1 1 1 1 1 1 1 1 1 1]",0.8130221366882324,30,0.1,0.1,40000
oneMax,64,-64,22350,"[1 1 1 1 1 1 1 1 1 1 1 1 1 1 1 1 1 1 1 1 1 1 1 1 1 1 1 1 1 1 1 1 1 1 1 1 1
 1 1 1 1 1 1 1 1 1 1 1 1 1 1 1 1 1 1 1 1 1 1 1 1 1 1 1]",0.8092291355133057,30,0.1,0.1,40000
oneMax,64,-64,22890,"[1 1 1 1 1 1 1 1 1 1 1 1 1 1 1 1 1 1 1 1 1 1 1 1 1 1 1 1 1 1 1 1 1 1 1 1 1
 1 1 1 1 1 1 1 1 1 1 1 1 1 1 1 1 1 1 1 1 1 1 1 1 1 1 1]",0.7984490394592285,30,0.1,0.1,40000
oneMax,64,-56,7530,"[1 1 1 1 1 1 1 1 1 1 0 1 1 1 1 1 1 1 0 0 1 1 1 1 1 1 1 1 1 1 1 1 1 1 0 1 1
 0 1 1 1 0 1 0 1 1 1 1 1 1 1 1 1 0 1 1 1 1 1 1 1 1 1 1]",0.8877558708190918,30,0.1,0.5,40000
oneMax,64,-56,25260,"[1 1 1 1 1 1 1 1 1 1 1 1 1 1 1 1 0 1 1 1 1 1 1 1 1 1 1 1 1 1 1 1 0 1 1 1 1
 1 0 1 0 1 1 1 1 1 1 1 1 0 0 0 1 1 1 1 1 0 1 1 1 1 1 1]",0.8872590065002441,30,0.1,0.5,40000
oneMax,64,-57,7590,"[1 1 0 1 1 1 1 1 1 1 1 1 0 0 1 1 1 1 1 1 1 1 1 1 1 1 1 0 1 1 0 1 1 1 1 1 1
 1 0 1 1 1 0 1 1 1 1 1 1 1 1 1 1 1 1 1 1 1 1 1 1 1 1 1]",0.861487865447998,30,0.1,0.5,40000
oneMax,64,-57,38970,"[1 1 1 1 1 0 1 1 1 1 1 1 1 0 1 1 1 1 1 1 1 1 1 1 1 1 1 1 0 1 1 1 1 0 1 1 1
 1 1 1 1 1 1 1 1 1 1 1 1 1 1 0 1 1 1 1 0 1 0 1 1 1 1 1]",0.8534939289093018,30,0.1,0.5,40000
oneMax,64,-58,7710,"[1 1 1 1 1 1 1 1 1 1 1 1 0 1 1 1 0 1 1 1 1 1 1 1 1 1 1 1 1 1 1 1 1 1 1 1 1
 1 0 1 1 1 1 1 1 0 1 1 0 1 1 1 1 1 1 1 1 1 1 0 1 1 1 1]",0.8493809700012207,30,0.1,0.5,40000
oneMax,64,-57,9660,"[1 1 1 1 1 1 1 1 1 1 1 1 1 0 1 1 1 1 1 1 1 1 1 1 1 0 1 1 0 1 1 1 1 1 1 1 1
 0 1 1 1 1 0 1 1 1 1 1 1 1 1 1 1 0 1 0 1 1 1 1 1 1 1 1]",0.8544290065765381,30,0.1,0.5,40000
oneMax,64,-55,19560,"[1 0 1 0 1 1 1 1 1 0 1 1 0 1 0 1 1 0 1 1 1 1 1 0 1 1 1 1 1 1 1 0 1 1 1 1 1
 1 1 0 1 1 1 1 1 1 1 1 1 1 1 1 1 1 1 1 1 1 1 1 1 1 1 1]",0.8798618316650391,30,0.1,0.5,40000
oneMax,64,-57,23520,"[1 1 1 1 1 0 1 1 1 1 1 1 1 1 1 1 1 1 1 1 1 0 1 0 0 1 1 1 1 1 1 1 1 1 1 1 1
 1 1 1 1 1 0 1 1 1 1 0 1 1 1 1 1 1 1 1 1 1 1 1 0 1 1 1]",0.8698949813842773,30,0.1,0.5,40000
oneMax,64,-56,15630,"[1 1 1 1 1 1 1 0 1 0 1 1 1 1 1 1 1 1 1 0 1 1 1 1 1 1 1 1 1 1 0 1 1 1 1 1 1
 1 0 1 1 0 1 1 1 1 1 1 1 1 1 1 1 1 0 1 0 1 1 1 1 1 1 1]",0.9578521251678467,30,0.1,0.5,40000
oneMax,64,-56,23460,"[1 1 1 1 1 1 1 1 1 1 1 1 1 1 0 1 1 1 0 1 0 0 1 1 1 1 1 1 1 1 0 1 0 1 1 1 1
 1 1 1 1 1 1 1 1 1 1 1 0 1 1 1 1 1 1 1 1 1 1 1 0 1 1 1]",1.1678111553192139,30,0.1,0.5,40000
oneMax,64,-57,19230,"[0 1 1 1 1 1 1 1 1 1 0 1 1 1 1 1 1 1 1 1 0 1 1 1 1 1 1 1 1 1 1 0 1 1 1 0 1
 1 1 1 1 1 1 1 1 1 1 1 1 1 1 1 0 1 1 1 0 1 1 1 1 1 1 1]",2.574295997619629,30,0.1,0.5,40000
oneMax,64,-58,5670,"[1 1 1 0 1 1 1 1 1 1 1 1 1 1 0 1 1 1 1 1 1 1 1 1 1 1 1 1 1 0 1 1 1 1 1 1 1
 1 1 1 0 1 1 1 1 1 1 1 1 1 1 1 1 1 1 1 1 1 1 1 0 1 0 1]",1.1056311130523682,30,0.1,0.5,40000
oneMax,64,-55,9510,"[0 1 1 1 1 1 1 1 1 1 1 1 1 1 1 1 1 0 1 1 1 1 1 1 1 1 0 1 1 1 1 1 1 1 1 1 1
 1 0 0 1 1 1 1 1 1 1 1 0 1 1 1 0 1 1 1 1 1 0 1 1 1 0 1]",0.8879380226135254,30,0.1,0.5,40000
oneMax,64,-54,25500,"[1 1 1 0 1 1 0 1 1 0 1 1 1 1 1 1 1 1 0 1 1 1 1 1 1 1 1 1 1 1 1 1 1 0 1 0 1
 1 1 1 1 1 0 1 1 1 1 1 1 0 1 1 1 1 1 1 1 1 0 1 1 1 1 0]",0.888826847076416,30,0.1,0.5,40000
oneMax,64,-56,6870,"[1 1 1 1 0 0 1 1 1 1 1 1 1 1 1 1 1 0 1 1 1 1 1 1 1 1 1 1 1 1 1 1 1 1 1 0 0
 1 1 1 1 1 1 1 1 1 1 0 1 1 1 1 1 1 1 1 0 1 1 1 1 0 1 1]",0.8561480045318604,30,0.1,0.5,40000
oneMax,64,-56,3750,"[1 1 1 1 0 0 0 1 1 1 1 1 1 1 1 1 1 1 1 1 1 1 1 0 1 1 1 1 1 0 1 1 1 1 1 1 1
 1 1 1 1 1 1 1 1 1 0 1 1 1 1 1 1 1 0 1 1 1 1 1 1 1 1 0]",0.8368089199066162,30,0.1,0.5,40000
oneMax,64,-56,25080,"[0 1 0 1 1 1 1 1 1 1 1 0 1 1 1 1 1 1 1 1 0 1 1 1 1 1 1 1 1 1 1 1 1 1 1 1 1
 1 1 1 1 1 1 0 0 1 1 1 1 0 1 1 1 1 1 1 1 1 0 1 1 1 1 1]",0.9318759441375732,30,0.1,0.5,40000
oneMax,64,-55,1380,"[1 1 1 1 1 0 1 1 1 1 1 1 0 1 1 1 1 1 1 1 1 1 1 1 1 1 1 1 1 1 1 0 1 1 1 1 1
 1 1 1 0 1 1 0 1 1 1 1 1 1 1 1 1 1 1 0 1 0 0 1 1 1 0 1]",1.1058728694915771,30,0.1,0.5,40000
oneMax,64,-55,24840,"[1 1 1 1 1 0 1 1 0 1 1 1 1 1 1 1 1 1 0 1 1 1 1 1 1 0 1 0 1 1 1 0 1 1 1 0 1
 1 1 1 1 1 1 0 1 1 1 1 1 1 1 1 1 0 1 1 1 1 1 1 1 1 1 1]",1.0230488777160645,30,0.1,0.5,40000
oneMax,64,-57,33450,"[1 1 1 1 1 1 1 0 1 1 1 1 1 0 1 1 1 1 1 1 1 1 0 1 1 0 1 1 1 1 1 0 1 1 1 1 1
 1 1 1 1 1 1 1 1 0 1 1 1 1 1 1 0 1 1 1 1 1 1 1 1 1 1 1]",0.8314740657806396,30,0.1,0.5,40000
oneMax,64,-55,27210,"[1 1 1 1 1 1 1 1 1 0 1 1 0 0 1 1 1 0 0 1 1 1 1 0 1 1 1 1 1 1 1 1 1 1 1 1 1
 1 1 1 1 1 1 1 1 1 1 0 1 0 0 1 1 1 1 1 1 1 1 1 1 1 1 1]",0.8458919525146484,30,0.1,0.5,40000
oneMax,64,-55,19620,"[1 1 1 1 0 1 0 1 1 1 1 1 1 1 1 0 1 1 1 1 1 1 1 1 0 1 1 1 1 1 1 1 1 1 1 1 1
 1 1 0 1 1 1 1 0 1 0 0 1 1 0 1 1 1 1 1 1 1 1 1 1 1 1 1]",0.8165879249572754,30,0.1,0.5,40000
oneMax,64,-57,31290,"[1 1 1 1 1 1 1 1 1 1 1 0 1 1 0 1 1 1 1 1 1 1 1 1 1 0 1 1 1 1 1 1 1 1 1 1 1
 1 1 1 0 1 0 1 1 1 1 0 1 1 1 1 1 1 1 1 0 1 1 1 1 1 1 1]",0.8259499073028564,30,0.1,0.5,40000
oneMax,64,-56,17310,"[1 0 0 1 1 1 1 1 1 1 1 1 0 1 1 1 1 0 1 1 1 1 1 1 1 1 1 1 1 1 1 1 1 1 1 1 1
 1 1 0 1 1 1 1 0 0 1 1 1 1 1 1 1 1 1 1 0 1 1 1 1 1 1 1]",0.8229248523712158,30,0.1,0.5,40000
oneMax,64,-56,25410,"[1 1 1 1 1 1 1 1 1 1 1 1 0 0 1 1 0 1 1 1 1 1 1 1 1 1 1 1 1 1 1 1 0 1 1 1 1
 1 1 1 0 1 1 1 1 1 1 0 1 1 1 1 1 1 1 1 1 0 1 1 1 1 1 0]",0.8872659206390381,30,0.1,0.5,40000
oneMax,64,-58,11370,"[1 1 1 1 1 1 1 1 1 1 1 1 1 1 1 1 1 1 1 1 1 1 1 1 1 1 1 1 1 1 1 1 1 1 0 1 1
 0 1 1 1 0 1 1 1 1 1 1 0 1 0 0 1 1 1 1 1 1 1 1 1 1 1 1]",0.8541581630706787,30,0.1,0.5,40000
oneMax,64,-56,17460,"[1 1 1 1 1 1 1 0 0 1 1 1 1 1 1 1 1 1 1 1 1 1 1 1 1 1 1 1 1 1 0 1 1 1 1 1 1
 1 0 1 1 1 1 1 1 1 1 1 1 0 1 1 1 0 1 1 0 1 1 1 1 1 1 0]",1.0000100135803223,30,0.1,0.5,40000
oneMax,64,-58,27390,"[0 1 1 0 1 0 1 1 1 1 1 1 1 1 1 1 1 1 1 1 1 1 1 1 1 1 1 1 1 1 1 1 1 1 1 1 1
 1 1 0 1 1 1 1 0 1 1 1 1 1 1 1 1 1 1 1 0 1 1 1 1 1 1 1]",1.0272700786590576,30,0.1,0.5,40000
oneMax,64,-56,23250,"[1 1 1 1 1 1 1 1 0 1 1 1 1 1 1 1 1 1 1 0 0 1 1 1 0 1 1 1 1 1 1 1 1 1 1 1 1
 1 1 1 0 1 1 1 1 1 1 1 1 1 1 1 1 1 1 1 1 0 1 0 1 0 1 1]",1.0069329738616943,30,0.1,0.5,40000
oneMax,64,-56,17640,"[0 1 1 1 1 1 1 1 1 1 1 1 0 1 0 1 1 1 1 1 1 1 0 1 1 1 1 1 1 1 1 0 1 1 1 1 1
 1 1 1 1 1 0 1 1 1 1 1 1 1 0 1 1 1 1 1 0 1 1 1 1 1 1 1]",0.8419158458709717,30,0.1,0.5,40000
squareWave,64,-60,27600,"[0 0 0 0 1 1 0 1 0 0 0 0 1 1 1 1 0 0 0 0 1 1 1 0 0 1 0 0 1 1 1 1 0 0 0 0 1
 1 1 1 0 0 0 0 1 1 1 1 0 0 0 1 1 1 1 1 0 0 0 0 1 1 1 1]",1.1111268997192383,30,0.1,0.01,40000
squareWave,64,-59,14010,"[0 0 0 0 1 1 1 0 0 0 0 0 1 1 1 1 0 0 0 0 1 1 1 1 0 1 0 0 1 1 1 1 0 0 0 0 1
 1 1 0 0 0 0 0 1 0 1 1 0 0 0 0 1 1 1 1 0 0 0 0 1 0 1 1]",1.1147329807281494,30,0.1,0.01,40000
squareWave,64,-61,35670,"[0 0 0 0 1 1 1 1 0 0 0 0 1 1 1 1 0 0 0 0 1 0 1 1 0 0 0 0 1 1 1 1 0 0 0 0 1
 1 1 1 0 0 0 0 1 1 1 1 0 0 0 0 1 1 1 1 1 0 1 0 1 1 1 1]",1.0941197872161865,30,0.1,0.01,40000
squareWave,64,-60,37800,"[0 0 0 0 1 1 1 1 0 0 0 0 1 1 1 1 0 0 0 0 1 1 1 1 0 0 1 0 1 1 1 1 0 0 0 0 1
 0 1 1 0 0 0 0 1 1 1 1 0 0 0 0 1 1 1 1 0 1 0 0 0 1 1 1]",1.0991480350494385,30,0.1,0.01,40000
squareWave,64,-61,39600,"[0 0 0 0 1 1 0 1 0 0 0 0 1 0 1 1 0 0 0 0 1 1 1 1 0 0 0 0 1 1 1 1 0 0 0 0 1
 1 1 1 0 0 0 0 1 1 1 1 0 0 0 0 1 1 1 1 0 1 0 0 1 1 1 1]",1.1076469421386719,30,0.1,0.01,40000
squareWave,64,-62,39450,"[0 1 1 0 1 1 1 1 0 0 0 0 1 1 1 1 0 0 0 0 1 1 1 1 0 0 0 0 1 1 1 1 0 0 0 0 1
 1 1 1 0 0 0 0 1 1 1 1 0 0 0 0 1 1 1 1 0 0 0 0 1 1 1 1]",1.110982894897461,30,0.1,0.01,40000
squareWave,64,-60,37500,"[0 0 0 0 1 1 1 1 0 0 0 0 1 1 1 1 0 0 0 0 1 1 1 1 0 0 0 0 1 1 1 1 0 1 0 0 1
 0 1 1 0 0 0 0 1 0 1 0 0 0 0 0 1 1 1 1 0 0 0 0 1 1 1 1]",1.5445499420166016,30,0.1,0.01,40000
squareWave,64,-58,34050,"[0 1 0 0 1 1 0 1 0 0 0 0 1 1 1 1 1 0 0 0 1 1 1 0 0 0 0 1 1 1 1 1 0 0 0 0 1
 1 1 1 0 0 0 0 1 0 1 1 0 0 0 0 1 1 1 1 0 0 0 0 1 1 1 1]",1.1802330017089844,30,0.1,0.01,40000
squareWave,64,-59,37680,"[0 1 0 0 1 1 0 1 0 0 0 0 1 0 1 1 0 0 0 0 1 1 0 1 0 0 0 0 1 1 1 1 0 0 0 0 1
 1 1 1 0 0 0 0 1 1 1 1 0 0 0 0 1 1 1 1 1 0 0 0 1 1 1 1]",1.1307950019836426,30,0.1,0.01,40000
squareWave,64,-59,38370,"[0 1 0 0 1 1 1 1 0 0 0 0 1 1 1 0 0 1 0 0 1 1 1 1 0 0 0 0 1 1 1 0 0 0 0 0 1
 1 1 1 0 0 0 0 1 1 1 1 0 0 0 0 1 1 1 1 0 1 0 0 1 1 1 1]",1.0977809429168701,30,0.1,0.01,40000
squareWave,64,-54,39120,"[0 0 0 0 0 1 1 1 0 1 0 0 0 1 0 1 0 0 1 1 1 1 1 1 0 1 0 0 1 1 1 1 0 0 0 1 1
 1 0 1 0 0 0 0 1 1 1 1 0 0 0 0 1 1 1 0 0 0 0 0 1 1 1 1]",1.1707510948181152,30,0.1,0.01,40000
squareWave,64,-63,27420,"[1 0 0 0 1 1 1 1 0 0 0 0 1 1 1 1 0 0 0 0 1 1 1 1 0 0 0 0 1 1 1 1 0 0 0 0 1
 1 1 1 0 0 0 0 1 1 1 1 0 0 0 0 1 1 1 1 0 0 0 0 1 1 1 1]",1.2443838119506836,30,0.1,0.01,40000
squareWave,64,-63,22470,"[0 0 0 0 1 1 1 1 0 0 0 0 1 1 1 1 0 0 0 0 1 1 1 1 0 0 0 0 0 1 1 1 0 0 0 0 1
 1 1 1 0 0 0 0 1 1 1 1 0 0 0 0 1 1 1 1 0 0 0 0 1 1 1 1]",1.1774611473083496,30,0.1,0.01,40000
squareWave,64,-61,35700,"[0 0 0 0 1 1 1 1 0 0 0 0 1 1 1 1 0 0 0 0 1 1 1 1 0 0 0 1 1 1 1 1 0 0 0 0 1
 1 1 1 0 0 0 0 1 1 1 1 0 1 0 0 1 0 1 1 0 0 0 0 1 1 1 1]",1.3575489521026611,30,0.1,0.01,40000
squareWave,64,-56,31710,"[0 0 0 0 1 1 1 1 0 1 0 0 1 1 1 1 1 0 1 0 1 1 0 0 0 0 0 0 1 1 0 1 0 0 0 0 1
 1 1 1 0 0 0 0 1 1 1 1 0 0 0 0 1 1 0 1 0 0 0 1 1 1 1 1]",1.176267147064209,30,0.1,0.01,40000
squareWave,64,-63,36000,"[0 0 0 0 1 1 1 1 0 0 0 0 1 1 1 1 0 0 0 0 1 1 1 1 0 0 1 0 1 1 1 1 0 0 0 0 1
 1 1 1 0 0 0 0 1 1 1 1 0 0 0 0 1 1 1 1 0 0 0 0 1 1 1 1]",1.3253259658813477,30,0.1,0.01,40000
squareWave,64,-60,39330,"[0 0 0 0 1 1 1 1 0 0 0 0 1 1 1 1 0 0 0 1 1 1 1 1 0 0 1 0 1 1 1 1 0 0 0 0 1
 1 0 1 0 0 0 0 1 1 1 1 0 0 0 0 1 1 1 0 0 0 0 0 1 1 1 1]",1.4995110034942627,30,0.1,0.01,40000
squareWave,64,-58,39030,"[0 0 0 0 1 1 1 1 0 0 0 0 1 1 1 0 0 0 0 0 1 1 1 1 0 0 0 1 1 1 1 1 0 0 0 0 1
 1 1 1 0 0 1 0 1 1 1 1 0 0 1 0 0 1 1 1 1 0 0 0 1 1 1 1]",1.3432199954986572,30,0.1,0.01,40000
squareWave,64,-61,34020,"[0 0 0 0 1 1 1 1 0 0 0 0 1 1 1 1 0 0 0 0 1 1 1 1 0 0 0 0 1 1 1 1 0 0 0 0 1
 1 1 1 0 1 0 0 1 0 0 1 0 0 0 0 1 1 1 1 0 0 0 0 1 1 1 1]",1.1577231884002686,30,0.1,0.01,40000
squareWave,64,-56,37710,"[1 0 0 0 0 1 1 1 0 0 1 0 1 1 0 1 0 0 0 1 1 1 1 1 0 1 1 0 1 1 1 1 0 0 0 0 1
 1 1 1 0 0 0 0 1 1 1 1 0 1 0 0 1 1 1 1 0 0 0 0 1 1 1 1]",1.1416101455688477,30,0.1,0.01,40000
squareWave,64,-61,39330,"[0 0 0 0 1 1 1 1 0 0 0 0 1 1 1 1 0 0 0 0 1 1 1 1 0 0 0 0 1 1 1 1 0 1 0 0 1
 1 1 1 0 0 0 1 1 1 1 1 0 0 0 0 1 1 1 1 1 0 0 0 1 1 1 1]",1.097320795059204,30,0.1,0.01,40000
squareWave,64,-60,39210,"[0 0 0 0 1 1 0 1 0 0 0 0 1 1 1 1 0 0 0 0 1 1 1 1 0 0 0 0 1 1 1 1 0 0 0 0 1
 1 1 1 0 0 0 0 1 0 0 1 0 0 0 0 1 1 1 1 0 0 1 0 1 1 1 1]",1.0947849750518799,30,0.1,0.01,40000
squareWave,64,-64,24330,"[0 0 0 0 1 1 1 1 0 0 0 0 1 1 1 1 0 0 0 0 1 1 1 1 0 0 0 0 1 1 1 1 0 0 0 0 1
 1 1 1 0 0 0 0 1 1 1 1 0 0 0 0 1 1 1 1 0 0 0 0 1 1 1 1]",1.168928861618042,30,0.1,0.01,40000
squareWave,64,-58,33540,"[0 0 0 0 1 1 1 1 1 0 0 0 0 1 1 1 0 1 0 0 1 1 1 1 0 0 0 0 1 1 1 1 0 0 0 0 1
 1 1 1 0 0 0 1 1 1 1 1 0 1 1 0 1 1 1 1 0 0 0 0 1 1 1 1]",1.1469180583953857,30,0.1,0.01,40000
squareWave,64,-60,20580,"[1 0 0 0 1 1 1 1 0 0 0 0 1 1 1 1 0 0 1 0 1 0 1 1 0 0 0 0 1 1 1 1 0 0 0 0 1
 1 1 1 0 0 0 0 1 1 0 1 0 0 0 0 1 1 1 1 0 0 0 0 1 1 1 1]",1.1299998760223389,30,0.1,0.01,40000
squareWave,64,-63,23280,"[0 0 0 0 1 1 1 1 0 0 0 0 1 1 1 1 0 0 0 0 1 1 1 1 0 0 0 0 1 1 1 1 0 0 0 0 1
 1 1 1 0 0 0 0 1 1 1 1 0 0 0 0 1 1 1 1 0 0 0 0 1 1 1 0]",1.1047890186309814,30,0.1,0.01,40000
squareWave,64,-60,38670,"[0 0 0 0 1 1 1 1 0 0 0 0 1 1 1 1 0 0 0 0 1 1 0 1 0 0 0 0 1 1 1 1 0 0 0 1 1
 1 1 1 0 0 0 0 0 1 1 1 1 0 0 0 1 1 1 1 0 0 0 0 1 1 1 1]",1.1307361125946045,30,0.1,0.01,40000
squareWave,64,-57,29160,"[0 0 1 0 1 0 1 1 0 0 0 0 1 1 1 1 1 0 0 0 1 1 1 1 1 1 0 0 1 1 1 1 0 0 0 0 1
 1 1 1 0 0 0 0 1 1 1 0 0 1 0 0 1 1 1 1 0 0 0 0 1 1 1 1]",1.1522629261016846,30,0.1,0.01,40000
squareWave,64,-59,29910,"[0 0 0 0 1 1 1 0 0 0 0 0 1 1 1 1 0 0 0 1 1 1 1 1 0 0 0 0 1 1 1 0 0 0 0 0 1
 1 1 1 0 0 0 0 1 1 1 1 0 0 0 1 1 1 1 0 0 0 0 0 1 1 1 1]",1.2932379245758057,30,0.1,0.01,40000
squareWave,64,-58,33990,"[0 0 0 0 1 1 1 1 0 0 0 0 1 1 1 1 0 0 0 0 1 1 1 1 0 0 0 0 1 1 0 1 1 0 0 0 0
 1 1 1 0 0 0 1 1 1 1 0 1 0 0 0 1 1 1 1 0 0 0 0 1 1 1 1]",1.3839988708496094,30,0.1,0.01,40000
squareWave,64,-64,16470,"[0 0 0 0 1 1 1 1 0 0 0 0 1 1 1 1 0 0 0 0 1 1 1 1 0 0 0 0 1 1 1 1 0 0 0 0 1
 1 1 1 0 0 0 0 1 1 1 1 0 0 0 0 1 1 1 1 0 0 0 0 1 1 1 1]",1.6733839511871338,30,0.1,0.1,40000
squareWave,64,-64,18270,"[0 0 0 0 1 1 1 1 0 0 0 0 1 1 1 1 0 0 0 0 1 1 1 1 0 0 0 0 1 1 1 1 0 0 0 0 1
 1 1 1 0 0 0 0 1 1 1 1 0 0 0 0 1 1 1 1 0 0 0 0 1 1 1 1]",1.1817798614501953,30,0.1,0.1,40000
squareWave,64,-64,36000,"[0 0 0 0 1 1 1 1 0 0 0 0 1 1 1 1 0 0 0 0 1 1 1 1 0 0 0 0 1 1 1 1 0 0 0 0 1
 1 1 1 0 0 0 0 1 1 1 1 0 0 0 0 1 1 1 1 0 0 0 0 1 1 1 1]",1.1843712329864502,30,0.1,0.1,40000
squareWave,64,-64,24450,"[0 0 0 0 1 1 1 1 0 0 0 0 1 1 1 1 0 0 0 0 1 1 1 1 0 0 0 0 1 1 1 1 0 0 0 0 1
 1 1 1 0 0 0 0 1 1 1 1 0 0 0 0 1 1 1 1 0 0 0 0 1 1 1 1]",1.3593571186065674,30,0.1,0.1,40000
squareWave,64,-64,24240,"[0 0 0 0 1 1 1 1 0 0 0 0 1 1 1 1 0 0 0 0 1 1 1 1 0 0 0 0 1 1 1 1 0 0 0 0 1
 1 1 1 0 0 0 0 1 1 1 1 0 0 0 0 1 1 1 1 0 0 0 0 1 1 1 1]",1.377640962600708,30,0.1,0.1,40000
squareWave,64,-64,24150,"[0 0 0 0 1 1 1 1 0 0 0 0 1 1 1 1 0 0 0 0 1 1 1 1 0 0 0 0 1 1 1 1 0 0 0 0 1
 1 1 1 0 0 0 0 1 1 1 1 0 0 0 0 1 1 1 1 0 0 0 0 1 1 1 1]",1.2403099536895752,30,0.1,0.1,40000
squareWave,64,-64,30840,"[0 0 0 0 1 1 1 1 0 0 0 0 1 1 1 1 0 0 0 0 1 1 1 1 0 0 0 0 1 1 1 1 0 0 0 0 1
 1 1 1 0 0 0 0 1 1 1 1 0 0 0 0 1 1 1 1 0 0 0 0 1 1 1 1]",1.4448418617248535,30,0.1,0.1,40000
squareWave,64,-64,26190,"[0 0 0 0 1 1 1 1 0 0 0 0 1 1 1 1 0 0 0 0 1 1 1 1 0 0 0 0 1 1 1 1 0 0 0 0 1
 1 1 1 0 0 0 0 1 1 1 1 0 0 0 0 1 1 1 1 0 0 0 0 1 1 1 1]",1.201596975326538,30,0.1,0.1,40000
squareWave,64,-64,16500,"[0 0 0 0 1 1 1 1 0 0 0 0 1 1 1 1 0 0 0 0 1 1 1 1 0 0 0 0 1 1 1 1 0 0 0 0 1
 1 1 1 0 0 0 0 1 1 1 1 0 0 0 0 1 1 1 1 0 0 0 0 1 1 1 1]",1.188633918762207,30,0.1,0.1,40000
squareWave,64,-64,14910,"[0 0 0 0 1 1 1 1 0 0 0 0 1 1 1 1 0 0 0 0 1 1 1 1 0 0 0 0 1 1 1 1 0 0 0 0 1
 1 1 1 0 0 0 0 1 1 1 1 0 0 0 0 1 1 1 1 0 0 0 0 1 1 1 1]",1.1805341243743896,30,0.1,0.1,40000
squareWave,64,-63,20130,"[0 0 0 0 1 1 1 1 0 0 0 0 1 1 1 1 0 0 0 0 1 1 1 1 0 0 0 0 1 1 1 1 0 0 0 0 1
 1 1 1 1 0 0 0 1 1 1 1 0 0 0 0 1 1 1 1 0 0 0 0 1 1 1 1]",1.4467248916625977,30,0.1,0.1,40000
squareWave,64,-64,25170,"[0 0 0 0 1 1 1 1 0 0 0 0 1 1 1 1 0 0 0 0 1 1 1 1 0 0 0 0 1 1 1 1 0 0 0 0 1
 1 1 1 0 0 0 0 1 1 1 1 0 0 0 0 1 1 1 1 0 0 0 0 1 1 1 1]",1.2734720706939697,30,0.1,0.1,40000
squareWave,64,-64,20160,"[0 0 0 0 1 1 1 1 0 0 0 0 1 1 1 1 0 0 0 0 1 1 1 1 0 0 0 0 1 1 1 1 0 0 0 0 1
 1 1 1 0 0 0 0 1 1 1 1 0 0 0 0 1 1 1 1 0 0 0 0 1 1 1 1]",1.2194559574127197,30,0.1,0.1,40000
squareWave,64,-63,32070,"[0 0 0 0 1 1 1 1 0 0 0 0 1 1 1 1 0 1 0 0 1 1 1 1 0 0 0 0 1 1 1 1 0 0 0 0 1
 1 1 1 0 0 0 0 1 1 1 1 0 0 0 0 1 1 1 1 0 0 0 0 1 1 1 1]",1.1862759590148926,30,0.1,0.1,40000
squareWave,64,-64,38160,"[0 0 0 0 1 1 1 1 0 0 0 0 1 1 1 1 0 0 0 0 1 1 1 1 0 0 0 0 1 1 1 1 0 0 0 0 1
 1 1 1 0 0 0 0 1 1 1 1 0 0 0 0 1 1 1 1 0 0 0 0 1 1 1 1]",1.14410400390625,30,0.1,0.1,40000
squareWave,64,-64,24300,"[0 0 0 0 1 1 1 1 0 0 0 0 1 1 1 1 0 0 0 0 1 1 1 1 0 0 0 0 1 1 1 1 0 0 0 0 1
 1 1 1 0 0 0 0 1 1 1 1 0 0 0 0 1 1 1 1 0 0 0 0 1 1 1 1]",1.2719719409942627,30,0.1,0.1,40000
squareWave,64,-64,20550,"[0 0 0 0 1 1 1 1 0 0 0 0 1 1 1 1 0 0 0 0 1 1 1 1 0 0 0 0 1 1 1 1 0 0 0 0 1
 1 1 1 0 0 0 0 1 1 1 1 0 0 0 0 1 1 1 1 0 0 0 0 1 1 1 1]",1.3318450450897217,30,0.1,0.1,40000
squareWave,64,-64,26010,"[0 0 0 0 1 1 1 1 0 0 0 0 1 1 1 1 0 0 0 0 1 1 1 1 0 0 0 0 1 1 1 1 0 0 0 0 1
 1 1 1 0 0 0 0 1 1 1 1 0 0 0 0 1 1 1 1 0 0 0 0 1 1 1 1]",1.3587350845336914,30,0.1,0.1,40000
squareWave,64,-64,30300,"[0 0 0 0 1 1 1 1 0 0 0 0 1 1 1 1 0 0 0 0 1 1 1 1 0 0 0 0 1 1 1 1 0 0 0 0 1
 1 1 1 0 0 0 0 1 1 1 1 0 0 0 0 1 1 1 1 0 0 0 0 1 1 1 1]",1.1439881324768066,30,0.1,0.1,40000
squareWave,64,-64,34140,"[0 0 0 0 1 1 1 1 0 0 0 0 1 1 1 1 0 0 0 0 1 1 1 1 0 0 0 0 1 1 1 1 0 0 0 0 1
 1 1 1 0 0 0 0 1 1 1 1 0 0 0 0 1 1 1 1 0 0 0 0 1 1 1 1]",1.0962882041931152,30,0.1,0.1,40000
squareWave,64,-64,37980,"[0 0 0 0 1 1 1 1 0 0 0 0 1 1 1 1 0 0 0 0 1 1 1 1 0 0 0 0 1 1 1 1 0 0 0 0 1
 1 1 1 0 0 0 0 1 1 1 1 0 0 0 0 1 1 1 1 0 0 0 0 1 1 1 1]",1.393056869506836,30,0.1,0.1,40000
squareWave,64,-64,12300,"[0 0 0 0 1 1 1 1 0 0 0 0 1 1 1 1 0 0 0 0 1 1 1 1 0 0 0 0 1 1 1 1 0 0 0 0 1
 1 1 1 0 0 0 0 1 1 1 1 0 0 0 0 1 1 1 1 0 0 0 0 1 1 1 1]",1.1030700206756592,30,0.1,0.1,40000
squareWave,64,-64,22290,"[0 0 0 0 1 1 1 1 0 0 0 0 1 1 1 1 0 0 0 0 1 1 1 1 0 0 0 0 1 1 1 1 0 0 0 0 1
 1 1 1 0 0 0 0 1 1 1 1 0 0 0 0 1 1 1 1 0 0 0 0 1 1 1 1]",1.1723060607910156,30,0.1,0.1,40000
squareWave,64,-64,24420,"[0 0 0 0 1 1 1 1 0 0 0 0 1 1 1 1 0 0 0 0 1 1 1 1 0 0 0 0 1 1 1 1 0 0 0 0 1
 1 1 1 0 0 0 0 1 1 1 1 0 0 0 0 1 1 1 1 0 0 0 0 1 1 1 1]",1.1259801387786865,30,0.1,0.1,40000
squareWave,64,-64,28200,"[0 0 0 0 1 1 1 1 0 0 0 0 1 1 1 1 0 0 0 0 1 1 1 1 0 0 0 0 1 1 1 1 0 0 0 0 1
 1 1 1 0 0 0 0 1 1 1 1 0 0 0 0 1 1 1 1 0 0 0 0 1 1 1 1]",1.1381158828735352,30,0.1,0.1,40000
squareWave,64,-64,22290,"[0 0 0 0 1 1 1 1 0 0 0 0 1 1 1 1 0 0 0 0 1 1 1 1 0 0 0 0 1 1 1 1 0 0 0 0 1
 1 1 1 0 0 0 0 1 1 1 1 0 0 0 0 1 1 1 1 0 0 0 0 1 1 1 1]",1.1863131523132324,30,0.1,0.1,40000
squareWave,64,-64,12660,"[0 0 0 0 1 1 1 1 0 0 0 0 1 1 1 1 0 0 0 0 1 1 1 1 0 0 0 0 1 1 1 1 0 0 0 0 1
 1 1 1 0 0 0 0 1 1 1 1 0 0 0 0 1 1 1 1 0 0 0 0 1 1 1 1]",1.1888351440429688,30,0.1,0.1,40000
squareWave,64,-64,22260,"[0 0 0 0 1 1 1 1 0 0 0 0 1 1 1 1 0 0 0 0 1 1 1 1 0 0 0 0 1 1 1 1 0 0 0 0 1
 1 1 1 0 0 0 0 1 1 1 1 0 0 0 0 1 1 1 1 0 0 0 0 1 1 1 1]",1.145169973373413,30,0.1,0.1,40000
squareWave,64,-63,20190,"[0 0 0 0 1 1 1 1 0 0 0 0 1 1 1 1 0 0 0 0 1 1 1 1 0 0 0 0 1 1 0 1 0 0 0 0 1
 1 1 1 0 0 0 0 1 1 1 1 0 0 0 0 1 1 1 1 0 0 0 0 1 1 1 1]",1.4609599113464355,30,0.1,0.1,40000
squareWave,64,-64,20400,"[0 0 0 0 1 1 1 1 0 0 0 0 1 1 1 1 0 0 0 0 1 1 1 1 0 0 0 0 1 1 1 1 0 0 0 0 1
 1 1 1 0 0 0 0 1 1 1 1 0 0 0 0 1 1 1 1 0 0 0 0 1 1 1 1]",1.1481218338012695,30,0.1,0.1,40000
squareWave,64,-55,17490,"[0 0 0 1 1 1 1 1 0 0 0 0 1 1 1 1 0 1 0 0 1 1 1 1 0 0 0 0 1 1 1 1 0 0 0 0 1
 1 1 1 0 0 0 0 0 1 0 1 0 1 1 0 1 0 1 1 0 0 0 1 1 1 1 0]",1.2968430519104004,30,0.1,0.5,40000
squareWave,64,-56,29160,"[0 0 0 0 1 1 0 1 0 0 1 0 1 1 1 1 0 1 0 0 1 1 1 1 0 0 1 0 1 0 1 1 0 0 0 0 1
 1 1 1 0 0 0 0 0 1 1 1 0 0 0 0 1 1 0 0 0 0 0 0 1 1 1 1]",1.1169049739837646,30,0.1,0.5,40000
squareWave,64,-55,1590,"[0 0 0 0 1 1 1 1 0 0 0 0 1 1 0 1 1 1 0 1 1 0 1 0 0 1 0 0 1 1 1 1 1 0 0 0 1
 1 1 1 0 0 0 0 1 1 1 1 0 0 0 0 1 1 1 1 0 0 0 0 1 1 0 1]",1.112752914428711,30,0.1,0.5,40000
squareWave,64,-54,13110,"[1 0 1 1 1 1 1 1 0 0 0 0 1 1 1 1 0 0 0 0 1 1 1 1 0 1 0 0 1 0 1 1 0 0 1 0 1
 1 0 1 0 0 1 0 1 1 1 1 1 1 0 0 1 1 1 1 0 0 0 0 1 1 1 1]",1.1401410102844238,30,0.1,0.5,40000
squareWave,64,-54,5520,"[0 0 0 0 1 1 1 1 0 0 0 0 1 0 1 1 0 0 1 0 1 1 1 1 0 0 0 0 1 1 1 1 0 0 0 1 0
 1 1 1 0 1 0 0 1 1 1 1 1 0 0 1 1 1 0 1 1 0 0 0 0 1 1 1]",1.1891632080078125,30,0.1,0.5,40000
squareWave,64,-57,17550,"[1 0 0 0 1 1 1 1 0 1 0 0 1 1 1 1 0 0 0 0 1 1 1 1 0 1 0 0 1 1 1 0 0 0 0 0 1
 1 1 1 0 0 0 0 1 1 1 1 1 0 0 0 1 1 1 1 1 1 0 0 1 1 1 1]",1.1129851341247559,30,0.1,0.5,40000
squareWave,64,-57,13680,"[0 0 0 0 1 1 1 1 1 0 1 1 1 1 1 1 0 0 0 0 1 1 1 1 0 1 0 0 1 1 1 1 0 0 0 0 1
 1 1 1 0 0 0 0 1 1 1 1 0 0 0 0 1 1 1 1 1 1 0 0 0 1 1 1]",1.1602609157562256,30,0.1,0.5,40000
squareWave,64,-55,5700,"[0 0 0 0 1 0 1 1 0 0 0 1 1 1 1 1 0 0 0 0 1 1 0 1 0 0 0 0 1 0 1 1 0 1 0 0 1
 1 1 1 0 0 0 1 1 1 1 1 0 1 1 0 1 1 1 1 0 0 0 0 1 1 1 0]",1.2031738758087158,30,0.1,0.5,40000
squareWave,64,-55,33480,"[0 0 0 1 1 1 1 1 0 1 0 0 1 1 1 1 0 0 1 0 1 1 0 1 0 0 1 0 1 0 1 1 0 0 0 0 1
 0 0 1 0 0 0 0 1 1 1 1 0 0 0 0 1 1 1 1 0 0 0 0 1 1 0 1]",1.1387181282043457,30,0.1,0.5,40000
squareWave,64,-54,7620,"[0 0 0 0 1 1 1 1 0 0 0 0 1 1 1 1 0 0 1 0 1 1 1 1 0 0 0 0 1 1 1 1 0 1 0 0 0
 1 0 0 1 0 0 1 1 1 1 1 0 0 0 1 1 1 0 1 1 0 0 0 1 1 1 1]",1.1140711307525635,30,0.1,0.5,40000
squareWave,64,-55,3660,"[0 0 0 0 1 1 1 1 0 0 0 1 1 1 1 1 0 0 0 0 1 1 1 1 1 1 1 1 1 1 1 1 0 0 0 1 1
 1 1 1 0 0 0 0 1 1 1 1 0 1 0 0 1 1 0 1 0 0 1 0 1 1 1 1]",1.1809968948364258,30,0.1,0.5,40000
squareWave,64,-55,7140,"[0 0 0 0 1 1 1 1 0 0 0 0 1 1 1 1 0 0 0 1 1 1 1 0 0 0 1 0 1 1 1 0 0 0 1 0 1
 1 1 0 0 1 1 0 1 1 1 1 0 0 0 0 0 1 1 1 0 0 0 0 1 1 1 1]",1.1252529621124268,30,0.1,0.5,40000
squareWave,64,-53,5580,"[0 0 0 0 1 1 1 1 0 0 1 0 1 1 1 1 0 0 1 0 1 1 1 1 0 1 0 0 1 1 1 1 0 1 0 0 1
 1 1 1 1 0 0 1 0 1 0 1 0 0 0 0 1 1 1 0 0 0 0 0 0 0 1 1]",1.1271870136260986,30,0.1,0.5,40000
squareWave,64,-54,29070,"[0 0 0 0 1 1 1 1 0 1 0 0 1 1 1 1 1 0 0 0 0 1 1 1 0 0 0 0 1 1 1 0 0 0 0 1 0
 1 1 1 0 0 1 0 1 1 1 1 0 1 0 0 1 1 0 1 0 0 0 0 1 1 0 1]",1.2952070236206055,30,0.1,0.5,40000
squareWave,64,-55,1530,"[0 0 0 0 1 1 1 1 0 1 0 0 0 1 1 1 0 0 1 0 1 1 0 1 1 0 0 0 1 1 1 1 0 0 1 0 1
 0 1 1 1 0 0 0 1 1 1 1 0 0 0 0 1 1 1 0 0 0 0 0 1 1 1 1]",1.2164018154144287,30,0.1,0.5,40000
squareWave,64,-55,24750,"[0 0 0 0 1 1 1 1 0 0 1 0 1 1 1 1 0 0 1 0 1 0 1 1 0 0 0 0 1 0 1 1 0 0 0 0 1
 1 1 1 0 0 1 0 1 1 0 1 0 1 0 0 1 1 1 1 0 1 1 0 1 1 1 1]",1.2436490058898926,30,0.1,0.5,40000
squareWave,64,-55,13410,"[0 1 1 0 1 1 1 1 0 0 0 0 0 1 1 1 0 0 0 0 1 1 1 1 0 0 0 0 1 1 1 1 0 0 0 0 1
 1 1 1 0 1 1 0 0 1 1 1 0 0 0 1 1 1 0 1 0 0 0 0 0 1 1 1]",1.205064058303833,30,0.1,0.5,40000
squareWave,64,-56,26640,"[1 0 0 0 1 1 1 1 0 0 0 0 1 1 1 1 0 0 0 1 1 0 1 0 0 0 0 0 1 1 0 1 0 0 0 0 1
 0 1 0 0 0 0 0 1 1 1 1 0 0 0 0 1 1 1 1 0 0 0 1 1 1 1 1]",1.1127898693084717,30,0.1,0.5,40000
squareWave,64,-57,9540,"[0 0 0 0 1 1 0 1 1 1 0 0 1 1 1 1 0 0 0 0 1 1 1 1 0 1 0 0 1 0 1 1 0 0 0 0 1
 1 0 1 0 0 0 0 1 1 1 1 0 0 0 0 1 1 1 1 0 0 0 0 1 1 0 1]",1.1076610088348389,30,0.1,0.5,40000
squareWave,64,-54,15450,"[0 0 0 0 1 1 0 1 0 0 0 0 0 1 1 0 0 0 0 1 1 1 1 1 0 0 0 0 1 1 1 1 1 0 0 1 1
 1 1 0 0 1 0 0 1 0 1 1 0 0 0 0 1 1 1 1 0 0 0 1 1 1 1 1]",1.1572937965393066,30,0.1,0.5,40000
squareWave,64,-56,34860,"[0 0 0 0 0 1 1 1 0 0 0 0 1 1 1 0 0 0 0 0 1 1 1 1 0 0 1 0 1 0 1 1 0 0 0 0 1
 1 1 1 1 0 0 0 1 1 0 1 0 0 0 0 1 1 0 1 0 0 0 0 1 0 1 1]",1.2146220207214355,30,0.1,0.5,40000
squareWave,64,-55,5400,"[0 1 0 0 1 1 1 1 1 0 0 0 1 0 1 1 0 0 0 0 1 1 1 1 0 0 0 0 1 0 1 1 0 0 1 0 1
 1 1 1 0 0 1 0 1 1 1 1 0 0 0 0 1 1 0 1 0 0 0 1 0 1 1 1]",1.111358880996704,30,0.1,0.5,40000
squareWave,64,-56,29460,"[0 0 0 0 0 1 1 0 0 1 0 0 1 1 1 1 0 0 0 0 1 1 0 1 0 0 0 1 1 1 1 1 0 0 0 0 1
 0 1 1 0 0 0 0 1 1 1 0 0 0 0 0 1 0 1 1 0 0 0 0 1 1 1 1]",1.2007560729980469,30,0.1,0.5,40000
squareWave,64,-55,1290,"[1 0 0 1 0 1 1 1 0 0 0 0 1 1 1 1 0 0 0 1 1 1 1 1 0 0 1 0 1 1 1 1 0 0 0 0 1
 1 1 1 0 1 0 0 1 1 1 0 0 0 0 0 1 1 1 1 0 1 1 0 1 1 1 1]",1.2562329769134521,30,0.1,0.5,40000
squareWave,64,-57,33390,"[0 0 1 1 1 1 1 1 0 0 0 0 1 0 1 0 0 0 0 0 1 1 1 1 0 0 0 0 1 1 1 1 0 0 0 0 1
 1 1 1 1 0 0 0 1 1 1 1 0 0 0 1 0 1 1 1 0 0 0 0 1 1 1 1]",1.2350490093231201,30,0.1,0.5,40000
squareWave,64,-55,11370,"[1 0 0 1 1 1 1 1 0 0 0 0 1 1 1 1 0 0 0 1 1 1 1 0 0 0 0 0 1 1 1 0 0 1 0 0 0
 1 1 1 0 0 0 0 1 1 1 0 0 0 0 0 1 1 1 1 0 1 0 0 1 1 1 1]",1.5537440776824951,30,0.1,0.5,40000
squareWave,64,-55,21330,"[0 0 0 0 1 1 1 1 0 0 0 0 1 1 1 1 0 0 0 0 0 1 1 1 0 0 1 0 0 1 1 1 0 0 0 1 1
 1 1 1 0 0 0 0 1 1 1 1 1 0 1 0 0 0 1 1 0 0 0 1 1 1 1 1]",1.2915658950805664,30,0.1,0.5,40000
squareWave,64,-55,7620,"[0 0 1 0 1 1 0 0 0 0 0 0 0 1 1 1 0 0 1 0 1 0 1 1 0 0 0 0 1 1 1 1 0 0 1 0 1
 1 1 1 0 0 0 0 0 1 1 1 0 0 0 0 1 1 1 1 1 0 0 0 1 1 1 1]",1.1712379455566406,30,0.1,0.5,40000
squareWave,64,-57,13260,"[0 0 0 0 1 1 1 1 0 0 0 0 1 0 1 1 0 0 0 0 1 1 1 1 0 0 0 0 1 1 1 1 1 0 0 0 1
 1 1 1 0 1 1 0 1 1 1 1 0 0 1 0 1 1 1 1 1 0 0 0 1 1 0 1]",1.1348538398742676,30,0.1,0.5,40000
squareWave,64,-57,31410,"[0 0 1 0 1 1 1 1 0 0 0 1 1 1 1 1 0 0 0 0 1 1 1 1 1 0 0 0 1 1 1 1 0 0 0 0 1
 1 1 1 0 0 0 0 1 1 1 1 0 0 0 1 1 1 0 1 0 0 0 0 1 1 0 0]",1.2384419441223145,30,0.1,0.5,40000
binVal,64,-1.8446180024244503e+19,30720,"[1 1 1 1 1 1 1 1 1 1 1 1 1 1 0 1 1 1 1 1 1 1 1 0 1 1 1 1 1 1 1 1 1 1 1 1 1
 1 1 1 1 1 1 1 1 1 1 1 1 1 1 1 1 1 1 0 0 0 0 0 1 1 1 0]",0.8651511669158936,30,0.1,0.01,40000
binVal,64,-1.8444492265171583e+19,38040,"[1 1 1 1 1 1 1 1 1 1 1 1 0 1 1 1 1 1 1 1 1 1 1 1 1 1 1 1 1 1 0 1 1 1 1 1 0
 1 1 1 1 1 1 1 1 1 0 1 1 1 1 1 1 1 0 1 0 1 0 0 0 1 0 1]",0.8901901245117188,30,0.1,0.01,40000
binVal,64,-1.8265966220114903e+19,37470,"[1 1 1 1 1 1 0 1 0 1 1 1 1 1 0 1 1 0 1 1 1 1 1 1 0 1 1 1 1 1 1 1 1 1 1 1 1
 1 0 1 0 0 1 1 1 0 1 1 1 0 1 1 1 1 0 1 1 1 1 0 1 1 0 1]",0.9065189361572266,30,0.1,0.01,40000
binVal,64,-1.8343929960995226e+19,2580,"[1 1 1 1 1 1 1 0 1 0 0 1 0 0 1 0 1 0 1 1 1 0 1 1 0 0 0 1 1 0 1 1 1 1 1 1 0
 1 0 1 1 1 0 0 0 0 1 1 1 1 1 1 1 1 1 1 1 0 0 1 1 1 1 1]",0.975944995880127,30,0.1,0.01,40000
binVal,64,-1.8446744073709552e+19,14430,"[1 1 1 1 1 1 1 1 1 1 1 1 1 1 1 1 1 1 1 1 1 1 1 1 1 1 1 1 1 1 1 1 1 1 1 1 1
 1 1 1 1 1 1 1 1 1 1 1 1 1 1 1 1 1 1 1 0 1 1 0 0 1 0 1]",0.9947669506072998,30,0.1,0.01,40000
binVal,64,-1.8446742955403114e+19,37500,"[1 1 1 1 1 1 1 1 1 1 1 1 1 1 1 1 1 1 1 1 1 1 1 0 1 1 1 1 1 0 1 1 1 0 0 1 1
 1 1 1 1 0 1 1 1 1 0 1 1 1 1 1 0 1 1 0 0 1 1 1 1 0 0 1]",1.0808279514312744,30,0.1,0.01,40000
binVal,64,-1.8446735277616525e+19,37410,"[1 1 1 1 1 1 1 1 1 1 1 1 1 1 1 1 1 1 1 1 0 1 1 1 1 1 1 1 1 1 1 1 1 1 1 1 1
 1 1 1 1 1 1 1 1 1 1 1 1 1 1 0 1 1 0 1 1 1 0 0 1 0 0 0]",1.023017168045044,30,0.1,0.01,40000
binVal,64,-1.8446717676840532e+19,39000,"[1 1 1 1 1 1 1 1 1 1 1 1 1 1 1 1 1 1 1 0 0 1 1 1 1 1 1 1 1 1 0 1 1 1 1 1 1
 1 1 1 1 1 1 1 1 1 1 1 1 0 1 1 1 0 1 0 0 0 0 0 1 0 1 1]",1.0655090808868408,30,0.1,0.01,40000
binVal,64,-1.8446739658483171e+19,38880,"[1 1 1 1 1 1 1 1 1 1 1 1 1 1 1 1 1 1 1 1 1 0 1 1 1 1 1 1 1 0 1 1 1 1 1 1 1
 1 1 1 1 1 1 1 1 1 1 1 1 1 1 1 1 1 0 0 0 0 1 0 0 1 0 1]",0.9707810878753662,30,0.1,0.01,40000
binVal,64,-1.8446744073705351e+19,33240,"[1 1 1 1 1 1 1 1 1 1 1 1 1 1 1 1 1 1 1 1 1 1 1 1 1 1 1 1 1 1 1 1 1 1 1 1 1
 1 1 1 1 0 1 1 1 1 1 1 1 1 1 0 1 0 1 1 1 0 1 0 0 1 1 0]",0.9939930438995361,30,0.1,0.01,40000
binVal,64,-1.8446743909959696e+19,29610,"[1 1 1 1 1 1 1 1 1 1 1 1 1 1 1 1 1 1 1 1 1 1 1 1 1 1 0 1 1 0 0 1 1 1 0 1 1
 1 1 1 1 0 1 1 1 1 1 1 0 1 1 1 1 1 0 0 0 0 1 1 1 0 1 0]",0.9136741161346436,30,0.1,0.01,40000
binVal,64,-1.8158474115105681e+19,37350,"[1 1 1 1 1 0 1 1 1 1 1 1 1 1 1 1 1 1 0 1 1 0 1 1 1 1 1 1 1 1 1 1 1 1 1 1 1
 1 0 1 1 1 1 1 1 1 1 1 1 1 1 0 1 1 1 1 1 0 0 1 0 0 1 1]",0.9012749195098877,30,0.1,0.01,40000
binVal,64,-1.8443647848428601e+19,39750,"[1 1 1 1 1 1 1 1 1 1 1 1 0 1 0 0 1 1 1 1 1 1 1 1 1 1 1 1 1 1 1 1 1 1 0 1 1
 1 1 1 1 1 1 1 1 0 1 1 1 1 1 1 1 1 0 0 0 1 1 0 0 0 0 0]",0.9525179862976074,30,0.1,0.01,40000
binVal,64,-1.8446743970630318e+19,35610,"[1 1 1 1 1 1 1 1 1 1 1 1 1 1 1 1 1 1 1 1 1 1 1 1 1 1 1 0 0 1 1 1 1 1 1 1 1
 1 1 1 1 1 1 1 1 1 1 1 1 0 1 1 0 1 0 1 0 0 1 1 1 0 1 0]",0.8872771263122559,30,0.1,0.01,40000
binVal,64,-1.8446744073707454e+19,38250,"[1 1 1 1 1 1 1 1 1 1 1 1 1 1 1 1 1 1 1 1 1 1 1 1 1 1 1 1 1 1 1 1 1 1 1 1 1
 1 1 1 1 1 0 1 1 1 1 1 1 1 1 1 1 1 1 1 0 1 0 1 1 0 1 1]",0.8739118576049805,30,0.1,0.01,40000
binVal,64,-1.8446744050052628e+19,35340,"[1 1 1 1 1 1 1 1 1 1 1 1 1 1 1 1 1 1 1 1 1 1 1 1 1 1 1 1 1 0 1 0 0 1 1 1 1
 1 0 1 1 1 1 0 1 1 1 1 1 1 1 1 1 1 1 0 0 1 1 0 1 0 0 0]",2.150491952896118,30,0.1,0.01,40000
binVal,64,-1.8446741870391329e+19,26880,"[1 1 1 1 1 1 1 1 1 1 1 1 1 1 1 1 1 1 1 1 1 1 0 1 1 1 1 1 1 1 1 0 1 1 1 1 1
 1 1 1 1 1 1 1 1 1 1 1 1 1 1 1 1 1 0 0 0 0 1 1 1 0 1 0]",1.7536489963531494,30,0.1,0.01,40000
binVal,64,-1.8444417305778287e+19,4140,"[1 1 1 1 1 1 1 1 1 1 1 1 0 1 1 1 1 0 1 1 1 0 1 1 1 1 0 1 0 0 0 1 0 0 0 1 1
 1 1 1 1 1 1 1 1 0 1 1 0 1 1 0 1 1 0 1 0 0 0 1 1 0 1 0]",1.4879810810089111,30,0.1,0.01,40000
binVal,64,-1.844674407370942e+19,27750,"[1 1 1 1 1 1 1 1 1 1 1 1 1 1 1 1 1 1 1 1 1 1 1 1 1 1 1 1 1 1 1 1 1 1 1 1 1
 1 1 1 1 1 1 1 1 1 0 1 1 1 1 1 1 1 1 0 1 1 0 1 0 1 1 1]",1.6966960430145264,30,0.1,0.01,40000
binVal,64,-1.8442239374369227e+19,24120,"[1 1 1 1 1 1 1 1 1 1 1 0 1 1 1 1 1 1 1 1 1 1 1 0 1 1 1 1 1 1 1 1 1 1 1 1 0
 0 1 1 1 1 1 1 1 1 1 1 1 1 1 1 1 1 1 1 1 0 0 0 0 0 1 1]",0.9066371917724609,30,0.1,0.01,40000
binVal,64,-1.844674297419785e+19,26460,"[1 1 1 1 1 1 1 1 1 1 1 1 1 1 1 1 1 1 1 1 1 1 1 0 1 1 1 1 1 1 1 1 1 1 1 1 1
 1 1 1 1 1 1 1 1 1 1 0 1 1 0 1 1 1 1 1 1 0 0 1 0 1 1 0]",0.9239630699157715,30,0.1,0.01,40000
binVal,64,-1.8374615380656759e+19,12330,"[1 1 1 1 1 1 1 0 1 1 1 1 1 1 1 1 1 0 1 1 1 1 1 1 0 1 0 1 0 1 0 1 1 1 1 1 1
 0 0 0 0 1 1 1 1 0 0 1 1 0 0 1 1 1 0 0 0 1 1 0 0 1 0 0]",0.9013059139251709,30,0.1,0.01,40000
binVal,64,-1.844674398344681e+19,39810,"[1 1 1 1 1 1 1 1 1 1 1 1 1 1 1 1 1 1 1 1 1 1 1 1 1 1 1 0 1 0 1 0 1 1 1 1 1
 0 1 1 1 1 1 0 1 0 1 1 1 1 0 1 1 1 1 0 1 1 1 0 1 0 1 0]",0.9830799102783203,30,0.1,0.01,40000
binVal,64,-1.8446704491288672e+19,39510,"[1 1 1 1 1 1 1 1 1 1 1 1 1 1 1 1 1 1 0 1 1 0 1 1 1 1 1 1 1 1 1 1 1 1 1 1 1
 1 1 1 1 1 0 1 1 1 0 1 0 0 1 1 0 1 1 1 0 0 0 1 1 0 0 0]",0.8993699550628662,30,0.1,0.01,40000
binVal,64,-1.8446741872001614e+19,39450,"[1 1 1 1 1 1 1 1 1 1 1 1 1 1 1 1 1 1 1 1 1 1 0 1 1 1 1 1 1 1 1 1 0 1 0 1 1
 1 1 1 1 1 1 1 1 0 1 0 1 1 1 1 1 1 1 0 0 0 1 1 1 0 1 1]",0.9200031757354736,30,0.1,0.01,40000
binVal,64,-1.8446596730557264e+19,38160,"[1 1 1 1 1 1 1 1 1 1 1 1 1 1 1 1 0 1 1 1 1 0 0 1 1 1 1 1 1 1 0 1 1 1 1 1 1
 1 1 1 1 0 1 1 1 1 1 1 0 1 1 0 1 1 1 1 1 0 1 1 0 0 1 0]",0.8962340354919434,30,0.1,0.01,40000
binVal,64,-1.842647718818218e+19,39720,"[1 1 1 1 1 1 1 1 1 0 1 1 0 1 1 1 1 1 1 1 1 1 1 1 0 1 0 1 1 1 1 1 1 1 1 1 1
 1 1 1 0 1 1 0 1 1 1 1 1 1 1 1 1 1 0 0 1 1 1 1 1 1 1 1]",0.9302928447723389,30,0.1,0.01,40000
binVal,64,-1.8442240474081133e+19,34110,"[1 1 1 1 1 1 1 1 1 1 1 0 1 1 1 1 1 1 1 1 1 1 1 1 1 1 1 1 1 1 1 1 1 1 1 1 1
 1 1 1 1 1 1 0 1 1 1 1 1 1 1 1 1 1 0 1 0 1 1 0 0 0 0 1]",0.9198119640350342,30,0.1,0.01,40000
binVal,64,-1.8446743246852588e+19,39450,"[1 1 1 1 1 1 1 1 1 1 1 1 1 1 1 1 1 1 1 1 1 1 1 1 0 0 1 1 1 1 1 1 0 1 1 1 1
 0 1 1 0 1 1 1 1 0 1 1 1 1 1 1 1 1 1 1 0 1 0 1 0 1 1 0]",0.9209630489349365,30,0.1,0.01,40000
binVal,64,-1.844674407354176e+19,35820,"[1 1 1 1 1 1 1 1 1 1 1 1 1 1 1 1 1 1 1 1 1 1 1 1 1 1 1 1 1 1 1 1 1 1 1 1 0
 1 0 1 1 1 1 1 1 1 1 1 1 0 1 0 1 1 1 1 0 0 0 1 0 1 0 0]",0.9035718441009521,30,0.1,0.01,40000
binVal,64,-1.8446744073709548e+19,36690,"[1 1 1 1 1 1 1 1 1 1 1 1 1 1 1 1 1 1 1 1 1 1 1 1 1 1 1 1 1 1 1 1 1 1 1 1 1
 1 1 1 1 1 1 1 1 1 1 1 1 1 1 0 1 1 0 1 1 1 0 0 1 0 1 1]",0.8924398422241211,30,0.1,0.1,40000
binVal,64,-1.8446744073709552e+19,34950,"[1 1 1 1 1 1 1 1 1 1 1 1 1 1 1 1 1 1 1 1 1 1 1 1 1 1 1 1 1 1 1 1 1 1 1 1 1
 1 1 1 1 1 1 1 1 1 1 1 1 1 1 1 1 1 0 1 0 0 1 0 1 0 1 0]",0.900277853012085,30,0.1,0.1,40000
binVal,64,-1.8446744073709543e+19,38010,"[1 1 1 1 1 1 1 1 1 1 1 1 1 1 1 1 1 1 1 1 1 1 1 1 1 1 1 1 1 1 1 1 1 1 1 1 1
 1 1 1 1 1 1 1 1 1 1 1 1 1 0 1 1 1 1 1 0 0 1 0 0 0 0 1]",0.9124670028686523,30,0.1,0.1,40000
binVal,64,-1.8446744073709552e+19,34590,"[1 1 1 1 1 1 1 1 1 1 1 1 1 1 1 1 1 1 1 1 1 1 1 1 1 1 1 1 1 1 1 1 1 1 1 1 1
 1 1 1 1 1 1 1 1 1 1 1 1 1 1 1 1 1 1 1 1 1 1 1 1 0 0 0]",0.9047470092773438,30,0.1,0.1,40000
binVal,64,-1.844674407370929e+19,30150,"[1 1 1 1 1 1 1 1 1 1 1 1 1 1 1 1 1 1 1 1 1 1 1 1 1 1 1 1 1 1 1 1 1 1 1 1 1
 1 1 1 1 1 1 1 1 0 1 1 1 1 1 1 1 1 1 0 1 1 0 0 0 1 0 1]",0.9057550430297852,30,0.1,0.1,40000
binVal,64,-1.8446744073709552e+19,34980,"[1 1 1 1 1 1 1 1 1 1 1 1 1 1 1 1 1 1 1 1 1 1 1 1 1 1 1 1 1 1 1 1 1 1 1 1 1
 1 1 1 1 1 1 1 1 1 1 1 1 1 1 1 1 1 1 0 1 0 1 1 1 0 0 0]",0.8855898380279541,30,0.1,0.1,40000
binVal,64,-1.8446744073709543e+19,36030,"[1 1 1 1 1 1 1 1 1 1 1 1 1 1 1 1 1 1 1 1 1 1 1 1 1 1 1 1 1 1 1 1 1 1 1 1 1
 1 1 1 1 1 1 1 1 1 1 1 1 1 0 1 1 1 0 0 1 1 0 0 1 0 0 1]",0.8970479965209961,30,0.1,0.1,40000
binVal,64,-1.8446744073692772e+19,34080,"[1 1 1 1 1 1 1 1 1 1 1 1 1 1 1 1 1 1 1 1 1 1 1 1 1 1 1 1 1 1 1 1 1 1 1 1 1
 1 1 0 1 1 1 1 1 1 1 1 1 1 1 1 1 0 0 0 1 0 0 0 0 0 1 1]",0.9005138874053955,30,0.1,0.1,40000
binVal,64,-1.844674407370953e+19,39840,"[1 1 1 1 1 1 1 1 1 1 1 1 1 1 1 1 1 1 1 1 1 1 1 1 1 1 1 1 1 1 1 1 1 1 1 1 1
 1 1 1 1 1 1 1 1 1 1 1 1 0 1 0 0 1 0 1 0 1 0 0 1 0 1 1]",0.9051101207733154,30,0.1,0.1,40000
binVal,64,-1.8446744073709482e+19,36390,"[1 1 1 1 1 1 1 1 1 1 1 1 1 1 1 1 1 1 1 1 1 1 1 1 1 1 1 1 1 1 1 1 1 1 1 1 1
 1 1 1 1 1 1 1 1 1 1 0 1 1 1 0 1 1 0 1 1 1 0 1 1 0 0 0]",0.9070329666137695,30,0.1,0.1,40000
binVal,64,-1.8446744073709552e+19,28710,"[1 1 1 1 1 1 1 1 1 1 1 1 1 1 1 1 1 1 1 1 1 1 1 1 1 1 1 1 1 1 1 1 1 1 1 1 1
 1 1 1 1 1 1 1 1 1 1 1 1 1 1 1 1 1 0 0 0 1 1 0 1 1 1 1]",0.8949811458587646,30,0.1,0.1,40000
binVal,64,-1.8446744073709552e+19,28770,"[1 1 1 1 1 1 1 1 1 1 1 1 1 1 1 1 1 1 1 1 1 1 1 1 1 1 1 1 1 1 1 1 1 1 1 1 1
 1 1 1 1 1 1 1 1 1 1 1 1 1 1 1 1 1 1 0 1 0 0 1 0 1 1 1]",0.8851819038391113,30,0.1,0.1,40000
binVal,64,-1.8446744073709552e+19,37380,"[1 1 1 1 1 1 1 1 1 1 1 1 1 1 1 1 1 1 1 1 1 1 1 1 1 1 1 1 1 1 1 1 1 1 1 1 1
 1 1 1 1 1 1 1 1 1 1 1 1 1 1 1 1 1 1 1 1 0 1 0 0 1 0 0]",0.9062488079071045,30,0.1,0.1,40000
binVal,64,-1.8446744073709552e+19,33510,"[1 1 1 1 1 1 1 1 1 1 1 1 1 1 1 1 1 1 1 1 1 1 1 1 1 1 1 1 1 1 1 1 1 1 1 1 1
 1 1 1 1 1 1 1 1 1 1 1 1 1 1 1 1 1 1 0 0 1 0 0 1 1 1 0]",0.9142358303070068,30,0.1,0.1,40000
binVal,64,-1.844674407357428e+19,25650,"[1 1 1 1 1 1 1 1 1 1 1 1 1 1 1 1 1 1 1 1 1 1 1 1 1 1 1 1 1 1 1 1 1 1 1 1 0
 1 1 1 1 1 1 0 1 1 1 1 1 1 1 0 0 1 1 1 1 1 0 1 0 0 0 0]",0.8991310596466064,30,0.1,0.1,40000
binVal,64,-1.8446744073709552e+19,30000,"[1 1 1 1 1 1 1 1 1 1 1 1 1 1 1 1 1 1 1 1 1 1 1 1 1 1 1 1 1 1 1 1 1 1 1 1 1
 1 1 1 1 1 1 1 1 1 1 1 1 1 1 1 1 1 0 0 1 0 0 0 1 1 1 0]",0.9083170890808105,30,0.1,0.1,40000
binVal,64,-1.8446744073709548e+19,38670,"[1 1 1 1 1 1 1 1 1 1 1 1 1 1 1 1 1 1 1 1 1 1 1 1 1 1 1 1 1 1 1 1 1 1 1 1 1
 1 1 1 1 1 1 1 1 1 1 1 1 1 1 0 1 1 0 0 1 1 0 0 1 1 1 0]",0.8947999477386475,30,0.1,0.1,40000
binVal,64,-1.8446744073709552e+19,29940,"[1 1 1 1 1 1 1 1 1 1 1 1 1 1 1 1 1 1 1 1 1 1 1 1 1 1 1 1 1 1 1 1 1 1 1 1 1
 1 1 1 1 1 1 1 1 1 1 1 1 1 1 1 1 1 0 0 0 0 0 0 0 0 0 0]",0.9098269939422607,30,0.1,0.1,40000
binVal,64,-1.8446744073709519e+19,31950,"[1 1 1 1 1 1 1 1 1 1 1 1 1 1 1 1 1 1 1 1 1 1 1 1 1 1 1 1 1 1 1 1 1 1 1 1 1
 1 1 1 1 1 1 1 1 1 1 1 0 1 1 1 1 1 1 0 0 1 0 0 0 1 0 0]",0.9245541095733643,30,0.1,0.1,40000
binVal,64,-1.8446744073709552e+19,34410,"[1 1 1 1 1 1 1 1 1 1 1 1 1 1 1 1 1 1 1 1 1 1 1 1 1 1 1 1 1 1 1 1 1 1 1 1 1
 1 1 1 1 1 1 1 1 1 1 1 1 1 1 1 1 1 1 0 0 1 1 1 1 1 0 1]",0.921483039855957,30,0.1,0.1,40000
binVal,64,-1.8446744073103475e+19,37290,"[1 1 1 1 1 1 1 1 1 1 1 1 1 1 1 1 1 1 1 1 1 1 1 1 1 1 1 1 1 1 1 1 1 1 0 1 1
 0 1 1 1 1 0 1 1 1 1 1 1 1 1 1 1 1 1 0 1 0 1 0 1 0 0 1]",0.9160449504852295,30,0.1,0.1,40000
binVal,64,-1.8446744073709486e+19,34290,"[1 1 1 1 1 1 1 1 1 1 1 1 1 1 1 1 1 1 1 1 1 1 1 1 1 1 1 1 1 1 1 1 1 1 1 1 1
 1 1 1 1 1 1 1 1 1 1 0 1 1 1 1 1 1 0 0 1 1 1 1 0 1 0 1]",0.8964109420776367,30,0.1,0.1,40000
binVal,64,-1.844674407370942e+19,39990,"[1 1 1 1 1 1 1 1 1 1 1 1 1 1 1 1 1 1 1 1 1 1 1 1 1 1 1 1 1 1 1 1 1 1 1 1 1
 1 1 1 1 1 1 1 1 1 0 1 1 1 1 1 1 1 0 1 1 0 0 0 0 0 1 1]",0.9109790325164795,30,0.1,0.1,40000
binVal,64,-1.8446744073709462e+19,27150,"[1 1 1 1 1 1 1 1 1 1 1 1 1 1 1 1 1 1 1 1 1 1 1 1 1 1 1 1 1 1 1 1 1 1 1 1 1
 1 1 1 1 1 1 1 1 1 1 0 1 0 0 1 1 1 1 1 1 0 0 0 1 0 1 1]",0.9084038734436035,30,0.1,0.1,40000
binVal,64,-1.8446744073709552e+19,30360,"[1 1 1 1 1 1 1 1 1 1 1 1 1 1 1 1 1 1 1 1 1 1 1 1 1 1 1 1 1 1 1 1 1 1 1 1 1
 1 1 1 1 1 1 1 1 1 1 1 1 1 1 1 1 1 0 1 0 1 1 0 1 1 1 0]",0.9226710796356201,30,0.1,0.1,40000
binVal,64,-1.8446744073709486e+19,33960,"[1 1 1 1 1 1 1 1 1 1 1 1 1 1 1 1 1 1 1 1 1 1 1 1 1 1 1 1 1 1 1 1 1 1 1 1 1
 1 1 1 1 1 1 1 1 1 1 0 1 1 1 1 1 1 0 1 1 1 0 0 0 1 1 1]",0.9164469242095947,30,0.1,0.1,40000
binVal,64,-1.8446744073709552e+19,28380,"[1 1 1 1 1 1 1 1 1 1 1 1 1 1 1 1 1 1 1 1 1 1 1 1 1 1 1 1 1 1 1 1 1 1 1 1 1
 1 1 1 1 1 1 1 1 1 1 1 1 1 1 1 1 1 0 0 0 1 0 1 1 1 0 0]",0.908128023147583,30,0.1,0.1,40000
binVal,64,-1.844674407370954e+19,39840,"[1 1 1 1 1 1 1 1 1 1 1 1 1 1 1 1 1 1 1 1 1 1 1 1 1 1 1 1 1 1 1 1 1 1 1 1 1
 1 1 1 1 1 1 1 1 1 1 1 1 1 0 0 1 1 0 0 0 0 1 0 1 1 0 0]",0.900493860244751,30,0.1,0.1,40000
binVal,64,-1.8446744073709519e+19,30060,"[1 1 1 1 1 1 1 1 1 1 1 1 1 1 1 1 1 1 1 1 1 1 1 1 1 1 1 1 1 1 1 1 1 1 1 1 1
 1 1 1 1 1 1 1 1 1 1 1 0 1 1 1 1 1 0 1 0 1 0 1 1 1 1 0]",0.9276089668273926,30,0.1,0.1,40000
binVal,64,-1.8446744073709552e+19,36060,"[1 1 1 1 1 1 1 1 1 1 1 1 1 1 1 1 1 1 1 1 1 1 1 1 1 1 1 1 1 1 1 1 1 1 1 1 1
 1 1 1 1 1 1 1 1 1 1 1 1 1 1 1 1 1 0 1 0 1 1 1 1 1 0 0]",0.9274110794067383,30,0.1,0.1,40000
binVal,64,-1.8446690986281875e+19,34890,"[1 1 1 1 1 1 1 1 1 1 1 1 1 1 1 1 1 1 0 0 1 1 1 1 1 0 1 1 0 1 1 1 1 0 0 1 1
 1 1 0 1 0 1 1 1 0 1 1 0 0 1 1 0 1 1 0 1 0 1 0 0 0 0 0]",0.9145660400390625,30,0.1,0.5,40000
binVal,64,-1.844674347189681e+19,38820,"[1 1 1 1 1 1 1 1 1 1 1 1 1 1 1 1 1 1 1 1 1 1 1 1 0 1 1 1 0 0 1 1 1 1 1 0 0
 0 0 1 0 0 1 0 1 0 1 0 0 1 0 1 0 0 1 1 0 0 1 1 1 1 1 0]",0.9065968990325928,30,0.1,0.5,40000
binVal,64,-1.8446744029575332e+19,26790,"[1 1 1 1 1 1 1 1 1 1 1 1 1 1 1 1 1 1 1 1 1 1 1 1 1 1 1 1 0 1 0 1 1 0 1 1 1
 0 0 1 0 1 1 0 0 1 0 1 0 1 0 0 0 0 1 0 0 1 0 1 0 0 0 0]",0.900137186050415,30,0.1,0.5,40000
binVal,64,-1.8446636859314311e+19,15510,"[1 1 1 1 1 1 1 1 1 1 1 1 1 1 1 1 1 0 0 1 1 1 1 0 0 1 1 1 1 1 0 1 0 0 1 1 0
 1 0 0 0 0 0 0 1 1 1 0 1 0 0 0 1 1 0 1 1 1 1 0 0 1 1 1]",0.8994150161743164,30,0.1,0.5,40000
binVal,64,-1.8446655696150168e+19,29100,"[1 1 1 1 1 1 1 1 1 1 1 1 1 1 1 1 1 0 1 0 1 1 1 1 1 0 0 1 1 1 1 0 1 1 1 1 1
 1 1 0 1 1 1 1 0 1 1 1 0 1 1 1 1 1 0 0 0 0 0 1 1 1 0 1]",0.8980700969696045,30,0.1,0.5,40000
binVal,64,-1.8446724254982558e+19,15600,"[1 1 1 1 1 1 1 1 1 1 1 1 1 1 1 1 1 1 1 0 1 1 0 1 1 1 1 1 1 0 0 1 1 0 0 1 0
 1 1 1 1 1 0 1 0 0 0 1 0 1 0 1 0 0 0 1 0 1 0 0 0 0 1 1]",0.9168808460235596,30,0.1,0.5,40000
binVal,64,-1.8446734655313594e+19,13680,"[1 1 1 1 1 1 1 1 1 1 1 1 1 1 1 1 1 1 1 1 0 1 1 1 0 1 1 0 1 1 1 1 0 0 0 1 1
 0 1 1 1 1 0 1 1 0 1 0 1 1 0 0 0 1 1 0 1 0 0 1 1 0 0 1]",0.9109499454498291,30,0.1,0.5,40000
binVal,64,-1.8446739608953133e+19,39300,"[1 1 1 1 1 1 1 1 1 1 1 1 1 1 1 1 1 1 1 1 1 0 1 1 1 1 1 1 0 0 0 0 0 1 1 1 0
 1 1 1 1 1 0 0 0 1 1 1 1 0 0 1 0 1 1 1 1 0 0 1 1 0 1 1]",0.8982601165771484,30,0.1,0.5,40000
binVal,64,-1.8446722811629545e+19,19530,"[1 1 1 1 1 1 1 1 1 1 1 1 1 1 1 1 1 1 1 0 1 1 0 0 1 0 1 0 1 0 0 1 1 0 0 0 1
 0 0 1 0 1 0 0 0 1 1 0 0 0 1 0 0 1 1 1 0 0 0 0 0 0 1 1]",0.9181728363037109,30,0.1,0.5,40000
binVal,64,-1.8446722834971496e+19,17520,"[1 1 1 1 1 1 1 1 1 1 1 1 1 1 1 1 1 1 1 0 1 1 0 0 1 0 1 0 1 1 1 0 1 1 1 1 1
 0 0 0 1 0 0 1 0 0 0 0 0 0 0 1 0 0 1 1 1 1 0 1 1 1 0 0]",0.9077270030975342,30,0.1,0.5,40000
binVal,64,-1.84467065352038e+19,1350,"[1 1 1 1 1 1 1 1 1 1 1 1 1 1 1 1 1 1 0 1 1 1 0 1 1 1 0 1 1 0 1 1 1 1 1 0 0
 0 1 0 1 0 1 1 0 0 1 1 0 0 0 0 0 0 0 1 0 1 0 1 1 0 1 1]",0.9465470314025879,30,0.1,0.5,40000
binVal,64,-1.8446743974638367e+19,35460,"[1 1 1 1 1 1 1 1 1 1 1 1 1 1 1 1 1 1 1 1 1 1 1 1 1 1 1 0 1 0 0 0 1 1 1 0 1
 1 1 0 1 1 1 0 0 1 0 1 1 0 1 0 1 1 0 1 1 1 1 0 0 0 1 0]",1.1766278743743896,30,0.1,0.5,40000
binVal,64,-1.8445767054220554e+19,39990,"[1 1 1 1 1 1 1 1 1 1 1 1 1 1 0 0 1 0 0 0 0 1 1 1 0 1 1 0 0 1 1 1 1 1 1 0 1
 1 0 0 0 1 1 0 1 0 1 1 0 1 1 0 1 1 1 1 1 1 1 1 1 0 0 1]",0.9206840991973877,30,0.1,0.5,40000
binVal,64,-1.8446731479185768e+19,39180,"[1 1 1 1 1 1 1 1 1 1 1 1 1 1 1 1 1 1 1 1 0 1 0 0 1 0 0 0 1 0 1 1 1 0 0 1 1
 0 1 1 1 1 1 0 0 0 1 0 0 0 1 1 1 1 0 1 0 1 1 0 0 0 1 0]",0.9762189388275146,30,0.1,0.5,40000
binVal,64,-1.844673493375695e+19,27540,"[1 1 1 1 1 1 1 1 1 1 1 1 1 1 1 1 1 1 1 1 0 1 1 1 1 0 1 0 1 1 1 1 1 1 1 1 0
 0 0 0 0 1 0 1 1 1 1 1 0 0 1 1 0 1 1 1 1 1 0 0 1 1 1 1]",1.1352250576019287,30,0.1,0.5,40000
binVal,64,-1.8446672278610362e+19,11700,"[1 1 1 1 1 1 1 1 1 1 1 1 1 1 1 1 1 0 1 1 1 1 1 0 1 0 1 1 0 0 1 1 1 1 1 0 0
 1 1 0 1 0 0 1 1 1 0 1 1 0 1 1 1 1 0 1 1 0 0 0 1 0 1 0]",1.5092520713806152,30,0.1,0.5,40000
binVal,64,-1.8446743929022097e+19,19530,"[1 1 1 1 1 1 1 1 1 1 1 1 1 1 1 1 1 1 1 1 1 1 1 1 1 1 0 1 1 1 1 0 0 1 0 0 1
 1 1 1 1 1 1 1 0 1 0 0 1 0 1 0 1 0 1 0 1 1 0 0 1 0 1 0]",1.4128730297088623,30,0.1,0.5,40000
binVal,64,-1.84466864856499e+19,21600,"[1 1 1 1 1 1 1 1 1 1 1 1 1 1 1 1 1 1 0 0 1 0 1 1 1 0 0 1 1 1 1 1 1 0 1 1 1
 1 0 0 0 0 1 0 1 0 0 1 0 0 1 1 1 1 0 1 0 0 0 1 1 0 1 0]",0.9476931095123291,30,0.1,0.5,40000
binVal,64,-1.8446586390707405e+19,3840,"[1 1 1 1 1 1 1 1 1 1 1 1 1 1 1 1 0 1 1 1 0 0 0 0 1 0 0 1 0 1 1 0 1 0 0 1 0
 0 0 0 1 0 1 0 1 0 1 1 0 1 1 1 1 1 0 1 1 0 0 0 1 0 1 1]",1.0557270050048828,30,0.1,0.5,40000
binVal,64,-1.844666703409864e+19,7530,"[1 1 1 1 1 1 1 1 1 1 1 1 1 1 1 1 1 0 1 1 1 0 0 1 1 1 1 0 1 1 1 0 1 1 0 1 0
 0 0 1 0 1 0 1 1 0 1 1 1 0 1 0 1 0 0 1 0 1 0 0 0 1 1 1]",1.10086989402771,30,0.1,0.5,40000
binVal,64,-1.8446742936322822e+19,15180,"[1 1 1 1 1 1 1 1 1 1 1 1 1 1 1 1 1 1 1 1 1 1 1 0 1 1 1 1 0 1 1 1 0 0 1 0 1
 1 1 0 0 1 1 1 0 1 1 1 1 1 0 1 0 0 0 0 1 0 1 0 0 1 0 1]",1.3021302223205566,30,0.1,0.5,40000
binVal,64,-1.8446742931783967e+19,19410,"[1 1 1 1 1 1 1 1 1 1 1 1 1 1 1 1 1 1 1 1 1 1 1 0 1 1 1 1 0 1 1 0 0 0 0 1 1
 1 1 1 1 1 1 0 1 1 1 0 0 1 0 1 1 1 0 0 1 1 1 1 0 0 1 0]",1.0253989696502686,30,0.1,0.5,40000
binVal,64,-1.8446735276787034e+19,35100,"[1 1 1 1 1 1 1 1 1 1 1 1 1 1 1 1 1 1 1 1 0 1 1 1 1 1 1 1 1 1 1 1 1 1 0 0 1
 1 1 0 1 0 0 0 1 1 1 0 1 1 1 0 0 1 0 1 1 1 0 1 1 0 1 0]",0.9172408580780029,30,0.1,0.5,40000
binVal,64,-1.8446730572151548e+19,17610,"[1 1 1 1 1 1 1 1 1 1 1 1 1 1 1 1 1 1 1 1 0 0 1 1 1 0 1 1 1 0 0 0 0 1 1 0 1
 1 0 0 0 1 1 0 1 1 1 0 0 1 1 0 1 0 1 1 1 1 1 0 1 0 0 1]",0.8973000049591064,30,0.1,0.5,40000
binVal,64,-1.8446743916593439e+19,3450,"[1 1 1 1 1 1 1 1 1 1 1 1 1 1 1 1 1 1 1 1 1 1 1 1 1 1 0 1 1 0 1 1 0 1 1 0 1
 0 1 1 0 0 1 0 0 1 1 0 0 1 1 0 0 0 0 1 1 1 0 0 1 1 0 0]",0.9454178810119629,30,0.1,0.5,40000
binVal,64,-1.8446743105093132e+19,28890,"[1 1 1 1 1 1 1 1 1 1 1 1 1 1 1 1 1 1 1 1 1 1 1 1 0 0 0 1 1 1 1 0 0 1 1 1 1
 0 0 1 1 1 1 1 0 1 1 0 0 1 1 0 0 0 0 0 0 0 0 1 0 1 0 0]",1.1120240688323975,30,0.1,0.5,40000
binVal,64,-1.844674264754552e+19,19530,"[1 1 1 1 1 1 1 1 1 1 1 1 1 1 1 1 1 1 1 1 1 1 1 0 1 0 1 1 0 0 1 1 1 1 1 1 0
 0 0 1 1 1 1 1 1 1 1 1 1 1 0 1 1 1 1 1 0 0 0 1 1 0 1 0]",0.9434120655059814,30,0.1,0.5,40000
binVal,64,-1.844674243628286e+19,21600,"[1 1 1 1 1 1 1 1 1 1 1 1 1 1 1 1 1 1 1 1 1 1 1 0 1 0 0 0 0 0 1 0 1 1 0 0 0
 0 0 1 1 1 0 0 0 0 1 1 1 0 0 0 0 1 0 0 1 0 0 1 0 1 0 0]",0.9272189140319824,30,0.1,0.5,40000
binVal,64,-1.8446560315076753e+19,5610,"[1 1 1 1 1 1 1 1 1 1 1 1 1 1 1 1 0 1 0 1 1 0 0 0 1 1 0 1 1 1 1 1 0 1 0 1 1
 0 1 1 1 1 1 1 0 1 1 1 1 0 1 1 0 1 1 1 1 0 0 0 1 1 0 1]",1.0126101970672607,30,0.1,0.5,40000
binVal,64,-1.8446706913147308e+19,2550,"[1 1 1 1 1 1 1 1 1 1 1 1 1 1 1 1 1 1 0 1 1 1 1 0 0 0 1 1 0 0 1 1 1 1 1 0 0
 0 0 1 1 1 1 0 0 0 1 1 0 1 0 0 0 1 1 0 0 1 0 1 1 1 1 1]",0.9169671535491943,30,0.1,0.5,40000
