oneMax,64,-52,35190,"[1 1 1 0 1 1 1 1 0 1 1 1 1 1 1 1 0 1 1 1 1 1 1 1 0 1 1 1 1 1 1 1 1 0 1 1 1
 1 1 1 1 0 0 1 0 1 1 1 0 1 1 0 1 1 1 1 1 1 1 0 1 1 1 0]",1.5106680393218994,30,0.01,0.1,40000
oneMax,64,-52,26340,"[1 0 1 1 0 1 1 1 1 1 1 1 1 1 1 1 0 1 1 1 1 0 1 1 0 1 1 1 1 0 0 0 1 1 1 1 1
 1 1 1 1 1 0 1 0 1 1 1 1 1 1 1 1 1 1 1 1 1 1 1 0 0 1 1]",0.8803069591522217,30,0.01,0.1,40000
oneMax,64,-54,21660,"[1 1 1 1 1 1 1 1 1 1 1 1 1 1 1 1 1 1 1 0 1 1 1 1 1 1 1 1 0 1 1 1 1 1 1 1 1
 1 0 0 1 1 1 0 1 1 1 1 0 1 1 0 0 1 1 1 0 1 1 1 0 1 1 1]",0.9825198650360107,30,0.01,0.1,40000
oneMax,64,-53,17640,"[1 1 1 0 1 0 0 1 0 0 1 1 1 1 1 1 0 1 1 1 1 1 1 1 1 0 1 1 1 0 1 1 1 1 1 1 1
 1 1 1 1 1 1 0 0 1 1 1 1 1 0 1 1 1 1 1 1 1 1 1 1 1 1 1]",1.2049379348754883,30,0.01,0.1,40000
oneMax,64,-55,29580,"[1 1 1 1 1 1 1 1 1 1 1 1 1 1 1 1 1 0 1 0 1 1 1 1 1 1 1 1 1 1 1 1 1 1 0 1 1
 1 1 1 0 1 1 0 1 1 1 1 1 1 0 0 1 1 0 1 0 1 1 1 1 1 1 1]",1.0767099857330322,30,0.01,0.1,40000
oneMax,64,-55,13710,"[1 1 1 1 1 1 1 1 0 1 1 0 1 1 1 1 1 1 1 0 1 1 1 1 1 1 1 1 1 0 1 1 1 1 1 1 1
 1 1 1 1 1 0 0 1 1 0 1 1 1 1 1 1 1 0 1 1 1 1 1 0 1 1 1]",1.0041520595550537,30,0.01,0.1,40000
oneMax,64,-54,25650,"[1 1 1 1 1 1 1 0 1 0 1 0 1 0 1 1 1 1 0 1 1 1 1 1 1 1 1 0 1 1 1 1 1 1 1 1 0
 1 0 1 1 1 1 1 1 1 1 1 1 1 1 1 1 0 1 1 1 1 1 1 1 1 1 0]",1.6025090217590332,30,0.01,0.1,40000
oneMax,64,-53,37140,"[0 1 0 0 1 1 1 1 1 1 1 1 1 1 1 1 1 1 1 1 1 0 1 1 1 1 1 1 1 1 1 1 1 0 1 0 1
 1 1 1 1 0 1 1 1 0 1 1 0 1 1 1 1 0 1 1 1 0 1 1 1 1 1 1]",0.9912369251251221,30,0.01,0.1,40000
oneMax,64,-57,32400,"[0 1 1 0 1 1 1 0 1 1 1 1 1 1 1 1 1 1 1 1 1 0 1 1 1 1 1 1 1 1 1 1 1 1 1 1 1
 1 1 1 1 1 1 1 1 1 1 0 1 1 1 1 1 1 1 1 1 1 0 1 1 1 1 0]",0.9728488922119141,30,0.01,0.1,40000
oneMax,64,-53,35070,"[1 1 1 0 0 1 1 0 1 1 1 1 1 1 1 1 1 1 0 1 1 1 1 1 0 0 1 1 1 1 0 0 1 0 1 1 1
 1 1 1 1 1 1 1 1 1 1 1 1 1 1 1 1 1 1 0 1 1 1 0 1 1 1 1]",0.9582722187042236,30,0.01,0.1,40000
oneMax,64,-54,29190,"[1 0 1 1 1 1 0 1 1 1 1 1 1 1 1 0 1 1 1 1 1 1 1 1 1 1 1 1 1 1 1 1 1 0 1 1 1
 0 1 1 1 0 0 1 1 1 0 1 1 1 1 1 0 1 1 1 1 1 1 1 1 1 0 1]",0.9100618362426758,30,0.01,0.1,40000
oneMax,64,-52,15090,"[1 1 1 1 1 1 1 0 1 1 1 1 1 1 0 1 1 1 1 0 1 1 1 1 0 1 1 1 1 1 0 1 0 1 1 1 1
 1 0 0 1 1 1 1 1 1 0 1 1 1 1 1 0 1 1 0 1 1 1 0 1 1 1 1]",0.9727609157562256,30,0.01,0.1,40000
oneMax,64,-54,28950,"[1 1 1 1 1 1 1 0 1 1 1 1 1 0 1 0 1 1 1 1 1 1 1 1 1 0 1 1 1 0 1 0 0 1 1 1 1
 1 0 1 1 1 1 1 1 1 1 1 1 1 1 0 1 1 1 1 1 1 0 1 1 1 1 1]",0.9480910301208496,30,0.01,0.1,40000
oneMax,64,-55,37530,"[1 1 0 0 1 1 1 1 1 1 0 1 1 1 1 1 0 1 1 1 1 1 1 1 1 1 1 0 1 1 1 1 0 1 1 0 0
 1 1 1 1 1 1 1 1 1 1 1 1 1 1 0 1 1 1 1 1 1 1 1 1 1 1 1]",0.8671371936798096,30,0.01,0.1,40000
oneMax,64,-56,26700,"[1 1 1 1 1 1 1 1 1 1 1 1 1 1 1 1 1 0 1 1 1 1 1 1 1 1 1 1 0 1 1 1 1 0 1 1 1
 1 0 1 1 1 1 0 1 1 1 1 1 1 1 1 1 1 1 1 0 1 1 1 0 1 1 0]",0.8979020118713379,30,0.01,0.1,40000
oneMax,64,-56,19590,"[1 1 1 1 1 1 0 1 0 1 1 1 1 1 1 1 0 1 1 1 1 0 1 0 1 1 1 1 1 1 1 1 1 1 1 1 0
 1 1 1 1 1 1 1 1 1 1 1 1 1 0 1 1 1 1 1 1 1 1 1 1 0 1 1]",0.953240156173706,30,0.01,0.1,40000
oneMax,64,-55,29610,"[1 1 1 1 0 0 1 1 1 1 0 1 1 1 1 1 0 1 0 1 1 1 0 1 1 1 1 1 1 1 1 0 1 1 1 1 1
 1 1 1 1 0 1 1 1 1 1 1 1 1 1 1 1 1 1 1 1 1 1 1 1 0 1 1]",0.89093017578125,30,0.01,0.1,40000
oneMax,64,-54,21570,"[1 1 1 1 1 1 1 1 1 1 1 0 1 1 0 0 1 1 1 1 1 1 1 1 1 0 1 0 1 1 1 1 0 1 1 1 1
 1 1 1 0 1 0 1 1 1 1 0 1 1 1 0 1 1 1 1 1 1 1 1 1 1 1 1]",1.6937241554260254,30,0.01,0.1,40000
oneMax,64,-54,39450,"[0 1 1 1 0 1 1 1 1 1 1 1 1 1 0 1 1 1 1 1 0 1 1 1 0 1 0 1 1 0 1 0 1 1 1 1 1
 0 1 1 1 1 1 1 1 1 1 1 1 1 1 1 1 1 1 1 0 1 1 1 1 1 1 1]",1.8462870121002197,30,0.01,0.1,40000
oneMax,64,-55,39330,"[1 1 1 1 1 1 1 1 1 1 1 0 1 1 0 1 0 0 1 1 1 1 1 1 1 1 1 1 1 1 1 1 0 1 1 1 1
 1 1 1 1 1 1 1 1 1 1 1 0 0 1 1 1 1 1 0 1 1 0 1 1 1 1 1]",1.0724050998687744,30,0.01,0.1,40000
oneMax,64,-53,21690,"[1 0 0 1 1 1 1 0 1 1 0 1 0 1 1 1 1 0 1 1 1 1 1 0 1 1 1 1 1 1 1 1 1 1 1 0 1
 1 0 1 1 1 1 1 1 1 1 1 1 1 1 1 1 1 0 1 1 1 1 1 1 0 1 1]",1.0634958744049072,30,0.01,0.1,40000
oneMax,64,-54,39180,"[0 1 1 1 1 1 0 1 0 1 1 1 1 0 1 1 1 1 1 1 0 1 1 1 1 1 0 1 1 1 1 1 1 0 1 1 1
 1 0 1 1 1 1 0 1 1 1 1 1 1 1 1 1 0 1 1 1 1 1 1 1 1 1 1]",0.9221980571746826,30,0.01,0.1,40000
oneMax,64,-52,21660,"[1 1 1 0 1 1 1 1 0 1 1 1 1 1 1 1 1 0 1 1 1 1 1 1 1 0 1 1 1 0 1 1 1 1 1 1 1
 1 1 0 0 1 1 1 1 1 1 1 1 1 1 1 0 1 0 0 0 1 1 1 1 1 1 0]",0.8747038841247559,30,0.01,0.1,40000
oneMax,64,-53,19170,"[1 1 1 1 1 1 0 1 1 1 0 1 1 0 0 1 1 1 1 0 1 1 1 1 0 1 1 1 1 1 1 1 1 1 1 1 1
 1 1 1 1 1 1 1 1 1 1 1 0 1 1 1 1 0 0 0 1 1 1 1 1 0 1 1]",1.3187000751495361,30,0.01,0.1,40000
oneMax,64,-52,9870,"[1 1 1 1 1 1 1 1 1 0 1 1 1 1 1 1 1 1 1 1 0 1 1 0 1 1 0 1 1 0 1 1 1 1 0 1 1
 0 1 1 1 1 1 1 1 1 1 0 1 1 1 1 1 0 0 1 1 1 1 1 0 0 1 1]",0.9411449432373047,30,0.01,0.1,40000
oneMax,64,-55,19890,"[0 1 1 1 1 1 1 1 1 1 0 1 1 1 1 1 1 1 1 1 1 1 1 1 1 1 1 1 0 1 1 1 1 0 1 1 1
 0 1 1 1 1 1 1 0 1 1 1 1 1 1 0 1 1 1 1 0 1 1 1 0 1 1 1]",0.9955639839172363,30,0.01,0.1,40000
oneMax,64,-54,26610,"[1 1 1 1 1 1 1 1 1 1 1 1 1 1 1 0 0 1 0 1 1 0 0 1 1 0 1 1 1 0 1 0 1 0 1 1 1
 1 1 1 1 1 1 1 1 1 1 1 1 1 1 1 1 1 1 1 1 1 1 1 1 0 1 1]",2.4067351818084717,30,0.01,0.1,40000
oneMax,64,-56,25740,"[1 1 1 1 0 1 1 1 1 1 0 1 0 1 1 1 0 1 1 0 1 1 1 0 1 1 1 1 1 1 1 1 1 0 1 1 1
 1 1 1 1 1 1 1 1 1 1 1 1 1 1 1 1 1 0 1 1 1 1 1 1 1 1 1]",1.2857670783996582,30,0.01,0.1,40000
oneMax,64,-52,14910,"[1 1 1 1 0 1 1 1 0 0 0 1 1 1 1 1 1 1 1 0 1 1 0 1 1 1 1 1 1 1 1 0 1 1 1 1 0
 1 1 1 0 1 1 1 1 1 1 0 1 1 0 1 1 1 1 0 1 1 1 1 1 1 1 1]",1.2885799407958984,30,0.01,0.1,40000
oneMax,64,-53,21600,"[1 0 0 1 1 1 1 1 1 1 1 1 1 1 0 1 1 0 1 1 1 1 1 0 1 1 1 0 1 1 1 1 1 1 1 0 1
 1 0 1 0 1 1 1 0 0 1 1 1 1 1 1 1 1 1 1 1 1 1 1 1 1 1 1]",1.2023429870605469,30,0.01,0.1,40000
oneMax,64,-64,18480,"[1 1 1 1 1 1 1 1 1 1 1 1 1 1 1 1 1 1 1 1 1 1 1 1 1 1 1 1 1 1 1 1 1 1 1 1 1
 1 1 1 1 1 1 1 1 1 1 1 1 1 1 1 1 1 1 1 1 1 1 1 1 1 1 1]",0.9648778438568115,30,0.1,0.1,40000
oneMax,64,-64,12300,"[1 1 1 1 1 1 1 1 1 1 1 1 1 1 1 1 1 1 1 1 1 1 1 1 1 1 1 1 1 1 1 1 1 1 1 1 1
 1 1 1 1 1 1 1 1 1 1 1 1 1 1 1 1 1 1 1 1 1 1 1 1 1 1 1]",1.1367499828338623,30,0.1,0.1,40000
oneMax,64,-64,32190,"[1 1 1 1 1 1 1 1 1 1 1 1 1 1 1 1 1 1 1 1 1 1 1 1 1 1 1 1 1 1 1 1 1 1 1 1 1
 1 1 1 1 1 1 1 1 1 1 1 1 1 1 1 1 1 1 1 1 1 1 1 1 1 1 1]",0.9166779518127441,30,0.1,0.1,40000
oneMax,64,-64,20460,"[1 1 1 1 1 1 1 1 1 1 1 1 1 1 1 1 1 1 1 1 1 1 1 1 1 1 1 1 1 1 1 1 1 1 1 1 1
 1 1 1 1 1 1 1 1 1 1 1 1 1 1 1 1 1 1 1 1 1 1 1 1 1 1 1]",0.899975061416626,30,0.1,0.1,40000
oneMax,64,-64,35100,"[1 1 1 1 1 1 1 1 1 1 1 1 1 1 1 1 1 1 1 1 1 1 1 1 1 1 1 1 1 1 1 1 1 1 1 1 1
 1 1 1 1 1 1 1 1 1 1 1 1 1 1 1 1 1 1 1 1 1 1 1 1 1 1 1]",0.9742541313171387,30,0.1,0.1,40000
oneMax,64,-64,24450,"[1 1 1 1 1 1 1 1 1 1 1 1 1 1 1 1 1 1 1 1 1 1 1 1 1 1 1 1 1 1 1 1 1 1 1 1 1
 1 1 1 1 1 1 1 1 1 1 1 1 1 1 1 1 1 1 1 1 1 1 1 1 1 1 1]",1.0412039756774902,30,0.1,0.1,40000
oneMax,64,-64,12510,"[1 1 1 1 1 1 1 1 1 1 1 1 1 1 1 1 1 1 1 1 1 1 1 1 1 1 1 1 1 1 1 1 1 1 1 1 1
 1 1 1 1 1 1 1 1 1 1 1 1 1 1 1 1 1 1 1 1 1 1 1 1 1 1 1]",0.9828300476074219,30,0.1,0.1,40000
oneMax,64,-64,19170,"[1 1 1 1 1 1 1 1 1 1 1 1 1 1 1 1 1 1 1 1 1 1 1 1 1 1 1 1 1 1 1 1 1 1 1 1 1
 1 1 1 1 1 1 1 1 1 1 1 1 1 1 1 1 1 1 1 1 1 1 1 1 1 1 1]",1.0926570892333984,30,0.1,0.1,40000
oneMax,64,-64,12390,"[1 1 1 1 1 1 1 1 1 1 1 1 1 1 1 1 1 1 1 1 1 1 1 1 1 1 1 1 1 1 1 1 1 1 1 1 1
 1 1 1 1 1 1 1 1 1 1 1 1 1 1 1 1 1 1 1 1 1 1 1 1 1 1 1]",0.930718183517456,30,0.1,0.1,40000
oneMax,64,-64,22170,"[1 1 1 1 1 1 1 1 1 1 1 1 1 1 1 1 1 1 1 1 1 1 1 1 1 1 1 1 1 1 1 1 1 1 1 1 1
 1 1 1 1 1 1 1 1 1 1 1 1 1 1 1 1 1 1 1 1 1 1 1 1 1 1 1]",0.8864550590515137,30,0.1,0.1,40000
oneMax,64,-64,18270,"[1 1 1 1 1 1 1 1 1 1 1 1 1 1 1 1 1 1 1 1 1 1 1 1 1 1 1 1 1 1 1 1 1 1 1 1 1
 1 1 1 1 1 1 1 1 1 1 1 1 1 1 1 1 1 1 1 1 1 1 1 1 1 1 1]",0.9203360080718994,30,0.1,0.1,40000
oneMax,64,-64,20280,"[1 1 1 1 1 1 1 1 1 1 1 1 1 1 1 1 1 1 1 1 1 1 1 1 1 1 1 1 1 1 1 1 1 1 1 1 1
 1 1 1 1 1 1 1 1 1 1 1 1 1 1 1 1 1 1 1 1 1 1 1 1 1 1 1]",1.1021811962127686,30,0.1,0.1,40000
oneMax,64,-64,28200,"[1 1 1 1 1 1 1 1 1 1 1 1 1 1 1 1 1 1 1 1 1 1 1 1 1 1 1 1 1 1 1 1 1 1 1 1 1
 1 1 1 1 1 1 1 1 1 1 1 1 1 1 1 1 1 1 1 1 1 1 1 1 1 1 1]",0.9048991203308105,30,0.1,0.1,40000
oneMax,64,-64,18150,"[1 1 1 1 1 1 1 1 1 1 1 1 1 1 1 1 1 1 1 1 1 1 1 1 1 1 1 1 1 1 1 1 1 1 1 1 1
 1 1 1 1 1 1 1 1 1 1 1 1 1 1 1 1 1 1 1 1 1 1 1 1 1 1 1]",0.86269211769104,30,0.1,0.1,40000
oneMax,64,-64,12660,"[1 1 1 1 1 1 1 1 1 1 1 1 1 1 1 1 1 1 1 1 1 1 1 1 1 1 1 1 1 1 1 1 1 1 1 1 1
 1 1 1 1 1 1 1 1 1 1 1 1 1 1 1 1 1 1 1 1 1 1 1 1 1 1 1]",0.8425850868225098,30,0.1,0.1,40000
oneMax,64,-64,26580,"[1 1 1 1 1 1 1 1 1 1 1 1 1 1 1 1 1 1 1 1 1 1 1 1 1 1 1 1 1 1 1 1 1 1 1 1 1
 1 1 1 1 1 1 1 1 1 1 1 1 1 1 1 1 1 1 1 1 1 1 1 1 1 1 1]",0.8510158061981201,30,0.1,0.1,40000
oneMax,64,-64,22740,"[1 1 1 1 1 1 1 1 1 1 1 1 1 1 1 1 1 1 1 1 1 1 1 1 1 1 1 1 1 1 1 1 1 1 1 1 1
 1 1 1 1 1 1 1 1 1 1 1 1 1 1 1 1 1 1 1 1 1 1 1 1 1 1 1]",0.8648688793182373,30,0.1,0.1,40000
oneMax,64,-64,34830,"[1 1 1 1 1 1 1 1 1 1 1 1 1 1 1 1 1 1 1 1 1 1 1 1 1 1 1 1 1 1 1 1 1 1 1 1 1
 1 1 1 1 1 1 1 1 1 1 1 1 1 1 1 1 1 1 1 1 1 1 1 1 1 1 1]",0.8570778369903564,30,0.1,0.1,40000
oneMax,64,-64,22080,"[1 1 1 1 1 1 1 1 1 1 1 1 1 1 1 1 1 1 1 1 1 1 1 1 1 1 1 1 1 1 1 1 1 1 1 1 1
 1 1 1 1 1 1 1 1 1 1 1 1 1 1 1 1 1 1 1 1 1 1 1 1 1 1 1]",0.8654870986938477,30,0.1,0.1,40000
oneMax,64,-64,22530,"[1 1 1 1 1 1 1 1 1 1 1 1 1 1 1 1 1 1 1 1 1 1 1 1 1 1 1 1 1 1 1 1 1 1 1 1 1
 1 1 1 1 1 1 1 1 1 1 1 1 1 1 1 1 1 1 1 1 1 1 1 1 1 1 1]",0.9320068359375,30,0.1,0.1,40000
oneMax,64,-64,28110,"[1 1 1 1 1 1 1 1 1 1 1 1 1 1 1 1 1 1 1 1 1 1 1 1 1 1 1 1 1 1 1 1 1 1 1 1 1
 1 1 1 1 1 1 1 1 1 1 1 1 1 1 1 1 1 1 1 1 1 1 1 1 1 1 1]",0.8821389675140381,30,0.1,0.1,40000
oneMax,64,-64,20280,"[1 1 1 1 1 1 1 1 1 1 1 1 1 1 1 1 1 1 1 1 1 1 1 1 1 1 1 1 1 1 1 1 1 1 1 1 1
 1 1 1 1 1 1 1 1 1 1 1 1 1 1 1 1 1 1 1 1 1 1 1 1 1 1 1]",0.8662540912628174,30,0.1,0.1,40000
oneMax,64,-64,20280,"[1 1 1 1 1 1 1 1 1 1 1 1 1 1 1 1 1 1 1 1 1 1 1 1 1 1 1 1 1 1 1 1 1 1 1 1 1
 1 1 1 1 1 1 1 1 1 1 1 1 1 1 1 1 1 1 1 1 1 1 1 1 1 1 1]",0.8475549221038818,30,0.1,0.1,40000
oneMax,64,-64,28170,"[1 1 1 1 1 1 1 1 1 1 1 1 1 1 1 1 1 1 1 1 1 1 1 1 1 1 1 1 1 1 1 1 1 1 1 1 1
 1 1 1 1 1 1 1 1 1 1 1 1 1 1 1 1 1 1 1 1 1 1 1 1 1 1 1]",0.8284909725189209,30,0.1,0.1,40000
oneMax,64,-64,12390,"[1 1 1 1 1 1 1 1 1 1 1 1 1 1 1 1 1 1 1 1 1 1 1 1 1 1 1 1 1 1 1 1 1 1 1 1 1
 1 1 1 1 1 1 1 1 1 1 1 1 1 1 1 1 1 1 1 1 1 1 1 1 1 1 1]",0.936755895614624,30,0.1,0.1,40000
oneMax,64,-64,14220,"[1 1 1 1 1 1 1 1 1 1 1 1 1 1 1 1 1 1 1 1 1 1 1 1 1 1 1 1 1 1 1 1 1 1 1 1 1
 1 1 1 1 1 1 1 1 1 1 1 1 1 1 1 1 1 1 1 1 1 1 1 1 1 1 1]",0.8291299343109131,30,0.1,0.1,40000
oneMax,64,-64,14670,"[1 1 1 1 1 1 1 1 1 1 1 1 1 1 1 1 1 1 1 1 1 1 1 1 1 1 1 1 1 1 1 1 1 1 1 1 1
 1 1 1 1 1 1 1 1 1 1 1 1 1 1 1 1 1 1 1 1 1 1 1 1 1 1 1]",0.9146039485931396,30,0.1,0.1,40000
oneMax,64,-64,36720,"[1 1 1 1 1 1 1 1 1 1 1 1 1 1 1 1 1 1 1 1 1 1 1 1 1 1 1 1 1 1 1 1 1 1 1 1 1
 1 1 1 1 1 1 1 1 1 1 1 1 1 1 1 1 1 1 1 1 1 1 1 1 1 1 1]",0.807671070098877,30,0.1,0.1,40000
oneMax,64,-64,15360,"[1 1 1 1 1 1 1 1 1 1 1 1 1 1 1 1 1 1 1 1 1 1 1 1 1 1 1 1 1 1 1 1 1 1 1 1 1
 1 1 1 1 1 1 1 1 1 1 1 1 1 1 1 1 1 1 1 1 1 1 1 1 1 1 1]",0.854032039642334,30,0.1,0.1,40000
oneMax,64,-64,24660,"[1 1 1 1 1 1 1 1 1 1 1 1 1 1 1 1 1 1 1 1 1 1 1 1 1 1 1 1 1 1 1 1 1 1 1 1 1
 1 1 1 1 1 1 1 1 1 1 1 1 1 1 1 1 1 1 1 1 1 1 1 1 1 1 1]",0.8444440364837646,30,0.1,0.1,40000
oneMax,64,-62,29760,"[1 1 1 1 1 1 1 1 1 1 1 1 1 1 1 0 1 1 1 1 1 1 1 1 1 1 0 1 1 1 1 1 1 1 1 1 1
 1 1 1 1 1 1 1 1 1 1 1 1 1 1 1 1 1 1 1 1 1 1 1 1 1 1 1]",0.8872308731079102,30,0.5,0.1,40000
oneMax,64,-61,39960,"[1 1 1 1 1 1 1 1 1 1 1 1 1 1 1 1 1 1 1 1 1 1 1 1 0 1 1 1 1 1 1 1 1 1 1 1 1
 1 1 1 1 1 1 1 1 1 1 1 1 1 1 1 1 0 1 1 1 1 1 1 1 1 1 0]",0.9019689559936523,30,0.5,0.1,40000
oneMax,64,-62,22740,"[1 1 1 1 1 1 1 1 1 1 1 1 1 1 1 1 1 1 1 1 1 1 1 1 1 1 1 1 1 1 1 1 1 1 1 1 1
 1 1 1 1 1 1 0 1 1 1 1 1 1 1 0 1 1 1 1 1 1 1 1 1 1 1 1]",0.8667960166931152,30,0.5,0.1,40000
oneMax,64,-61,17340,"[1 1 1 1 1 1 1 1 1 1 1 1 1 1 1 1 1 1 1 1 0 1 1 1 1 1 1 1 1 1 1 1 0 1 1 0 1
 1 1 1 1 1 1 1 1 1 1 1 1 1 1 1 1 1 1 1 1 1 1 1 1 1 1 1]",0.984483003616333,30,0.5,0.1,40000
oneMax,64,-63,33990,"[1 1 1 1 1 1 1 1 1 1 1 1 0 1 1 1 1 1 1 1 1 1 1 1 1 1 1 1 1 1 1 1 1 1 1 1 1
 1 1 1 1 1 1 1 1 1 1 1 1 1 1 1 1 1 1 1 1 1 1 1 1 1 1 1]",1.1712961196899414,30,0.5,0.1,40000
oneMax,64,-62,25590,"[1 1 1 1 1 1 1 1 1 1 1 1 0 1 1 1 1 1 1 1 1 1 1 1 1 1 1 1 1 1 1 1 1 1 1 1 1
 1 1 1 1 1 0 1 1 1 1 1 1 1 1 1 1 1 1 1 1 1 1 1 1 1 1 1]",1.007749080657959,30,0.5,0.1,40000
oneMax,64,-61,5220,"[0 1 1 1 1 1 1 1 1 1 1 1 1 1 1 1 1 1 1 1 1 1 1 1 1 1 1 1 1 1 1 1 1 1 1 0 1
 1 1 1 1 1 1 1 1 1 1 1 1 0 1 1 1 1 1 1 1 1 1 1 1 1 1 1]",0.8867168426513672,30,0.5,0.1,40000
oneMax,64,-60,37260,"[1 1 1 1 1 0 0 1 1 1 0 1 1 1 1 1 1 1 1 1 1 1 1 1 1 1 1 1 1 1 0 1 1 1 1 1 1
 1 1 1 1 1 1 1 1 1 1 1 1 1 1 1 1 1 1 1 1 1 1 1 1 1 1 1]",0.8473720550537109,30,0.5,0.1,40000
oneMax,64,-60,36240,"[1 1 1 1 0 1 1 1 1 1 1 1 1 1 1 1 1 0 1 1 1 1 1 0 1 1 1 1 1 1 1 1 1 1 1 1 1
 1 1 1 1 0 1 1 1 1 1 1 1 1 1 1 1 1 1 1 1 1 1 1 1 1 1 1]",0.9311299324035645,30,0.5,0.1,40000
oneMax,64,-60,21930,"[1 1 1 1 1 1 1 1 1 1 1 1 1 1 1 1 1 1 1 0 1 1 1 1 1 0 1 1 1 1 1 1 1 1 1 1 1
 1 0 1 1 1 1 1 1 1 1 1 1 1 0 1 1 1 1 1 1 1 1 1 1 1 1 1]",0.8342380523681641,30,0.5,0.1,40000
oneMax,64,-62,24150,"[1 1 1 1 1 1 1 1 1 1 1 1 1 1 1 0 1 1 1 1 1 1 1 1 1 1 1 1 1 1 1 1 1 1 1 1 1
 1 1 1 1 1 1 1 1 1 1 1 1 1 1 1 0 1 1 1 1 1 1 1 1 1 1 1]",0.9789009094238281,30,0.5,0.1,40000
oneMax,64,-62,38700,"[1 1 1 1 1 1 0 1 1 0 1 1 1 1 1 1 1 1 1 1 1 1 1 1 1 1 1 1 1 1 1 1 1 1 1 1 1
 1 1 1 1 1 1 1 1 1 1 1 1 1 1 1 1 1 1 1 1 1 1 1 1 1 1 1]",0.8400039672851562,30,0.5,0.1,40000
oneMax,64,-62,17190,"[1 1 1 0 1 1 1 1 1 1 1 1 1 1 1 1 1 1 1 1 1 1 1 1 1 1 1 1 1 1 1 1 1 1 1 1 1
 1 1 1 1 1 0 1 1 1 1 1 1 1 1 1 1 1 1 1 1 1 1 1 1 1 1 1]",0.9620611667633057,30,0.5,0.1,40000
oneMax,64,-62,12810,"[1 1 1 1 1 1 1 1 1 1 1 1 1 1 1 1 1 0 1 1 1 1 1 1 1 1 1 1 1 1 1 1 1 1 1 1 1
 1 1 1 1 1 1 1 1 1 1 1 1 1 1 1 1 1 1 1 1 1 1 1 1 0 1 1]",0.9588820934295654,30,0.5,0.1,40000
oneMax,64,-63,34740,"[1 1 1 1 1 1 1 1 1 1 1 1 1 1 1 1 1 1 1 1 1 1 1 1 1 1 1 1 1 1 1 1 1 1 1 1 1
 1 0 1 1 1 1 1 1 1 1 1 1 1 1 1 1 1 1 1 1 1 1 1 1 1 1 1]",0.8600311279296875,30,0.5,0.1,40000
oneMax,64,-63,24120,"[1 1 1 1 1 1 1 1 1 1 1 1 1 1 1 1 1 1 1 1 1 1 1 1 1 1 1 1 1 1 1 1 1 1 1 1 1
 1 1 1 1 1 1 1 1 1 1 1 1 1 1 1 1 1 1 1 1 1 1 1 1 1 1 0]",0.825977087020874,30,0.5,0.1,40000
oneMax,64,-63,30750,"[1 1 1 1 1 1 1 1 1 1 1 1 1 1 1 1 1 1 1 1 1 1 1 1 1 1 1 1 1 1 1 0 1 1 1 1 1
 1 1 1 1 1 1 1 1 1 1 1 1 1 1 1 1 1 1 1 1 1 1 1 1 1 1 1]",1.0295968055725098,30,0.5,0.1,40000
oneMax,64,-61,12120,"[1 0 1 1 1 1 0 1 1 1 1 1 1 1 1 1 1 1 1 1 0 1 1 1 1 1 1 1 1 1 1 1 1 1 1 1 1
 1 1 1 1 1 1 1 1 1 1 1 1 1 1 1 1 1 1 1 1 1 1 1 1 1 1 1]",0.9212191104888916,30,0.5,0.1,40000
oneMax,64,-63,35760,"[1 1 1 1 1 1 1 1 1 1 1 1 1 1 1 1 1 1 0 1 1 1 1 1 1 1 1 1 1 1 1 1 1 1 1 1 1
 1 1 1 1 1 1 1 1 1 1 1 1 1 1 1 1 1 1 1 1 1 1 1 1 1 1 1]",0.8978760242462158,30,0.5,0.1,40000
oneMax,64,-64,23610,"[1 1 1 1 1 1 1 1 1 1 1 1 1 1 1 1 1 1 1 1 1 1 1 1 1 1 1 1 1 1 1 1 1 1 1 1 1
 1 1 1 1 1 1 1 1 1 1 1 1 1 1 1 1 1 1 1 1 1 1 1 1 1 1 1]",0.893132209777832,30,0.5,0.1,40000
oneMax,64,-61,23850,"[1 1 1 1 1 1 1 1 1 1 1 1 1 1 1 1 1 1 1 1 1 1 1 1 1 1 1 1 0 1 0 1 1 1 1 1 0
 1 1 1 1 1 1 1 1 1 1 1 1 1 1 1 1 1 1 1 1 1 1 1 1 1 1 1]",0.8782100677490234,30,0.5,0.1,40000
oneMax,64,-63,23070,"[1 1 1 1 1 1 1 1 1 1 1 1 1 1 1 1 1 1 1 1 1 1 1 1 1 1 1 1 1 1 1 1 1 1 1 1 1
 1 1 1 1 1 1 1 1 1 1 1 1 1 1 0 1 1 1 1 1 1 1 1 1 1 1 1]",0.8844530582427979,30,0.5,0.1,40000
oneMax,64,-62,29070,"[1 1 1 1 1 1 1 1 1 1 1 1 1 1 0 1 1 1 1 1 1 1 1 1 1 1 1 1 1 1 1 1 1 1 1 1 1
 0 1 1 1 1 1 1 1 1 1 1 1 1 1 1 1 1 1 1 1 1 1 1 1 1 1 1]",0.8450820446014404,30,0.5,0.1,40000
oneMax,64,-59,37860,"[1 1 1 1 1 1 1 0 1 1 1 1 1 1 1 1 1 1 1 1 1 1 1 0 1 1 1 1 1 1 1 0 1 1 1 1 1
 1 1 1 1 0 1 1 0 1 1 1 1 1 1 1 1 1 1 1 1 1 1 1 1 1 1 1]",1.0984721183776855,30,0.5,0.1,40000
oneMax,64,-63,17070,"[1 1 1 1 1 1 1 1 1 1 1 1 1 1 1 0 1 1 1 1 1 1 1 1 1 1 1 1 1 1 1 1 1 1 1 1 1
 1 1 1 1 1 1 1 1 1 1 1 1 1 1 1 1 1 1 1 1 1 1 1 1 1 1 1]",0.9338650703430176,30,0.5,0.1,40000
oneMax,64,-62,26220,"[1 1 1 1 1 1 1 1 1 1 1 1 1 1 1 1 1 1 1 1 1 0 1 1 1 1 1 1 1 1 1 1 1 1 1 1 1
 1 1 1 1 1 0 1 1 1 1 1 1 1 1 1 1 1 1 1 1 1 1 1 1 1 1 1]",0.8511340618133545,30,0.5,0.1,40000
oneMax,64,-63,31740,"[1 1 1 1 1 1 1 1 1 1 1 1 1 1 1 1 1 1 1 1 1 1 1 1 1 1 1 1 1 1 1 1 1 1 1 1 1
 1 1 1 1 1 1 1 1 1 1 1 1 1 1 1 1 1 1 1 1 1 1 1 1 1 0 1]",0.8055031299591064,30,0.5,0.1,40000
oneMax,64,-64,28140,"[1 1 1 1 1 1 1 1 1 1 1 1 1 1 1 1 1 1 1 1 1 1 1 1 1 1 1 1 1 1 1 1 1 1 1 1 1
 1 1 1 1 1 1 1 1 1 1 1 1 1 1 1 1 1 1 1 1 1 1 1 1 1 1 1]",0.8093321323394775,30,0.5,0.1,40000
oneMax,64,-62,23850,"[1 1 1 1 1 1 1 1 1 1 1 1 1 1 1 1 1 1 1 1 1 1 1 1 1 1 1 0 1 1 1 1 1 1 1 1 1
 1 0 1 1 1 1 1 1 1 1 1 1 1 1 1 1 1 1 1 1 1 1 1 1 1 1 1]",0.9217638969421387,30,0.5,0.1,40000
oneMax,64,-62,21840,"[1 1 1 1 1 1 1 1 1 1 1 1 1 1 1 1 1 1 1 1 1 1 1 1 1 1 1 1 1 1 1 1 1 1 1 1 1
 1 1 1 1 1 1 1 1 1 1 0 1 1 1 0 1 1 1 1 1 1 1 1 1 1 1 1]",0.9328029155731201,30,0.5,0.1,40000
squareWave,64,-52,21510,"[0 0 0 0 1 0 1 1 0 0 0 0 1 1 1 1 0 0 0 0 1 0 0 1 0 0 0 0 1 0 1 1 1 1 0 0 0
 1 0 1 0 0 0 0 1 0 1 1 0 1 0 0 1 1 1 1 0 0 1 0 1 0 1 1]",1.1577839851379395,30,0.01,0.1,40000
squareWave,64,-55,31380,"[0 0 0 0 1 1 1 1 0 0 0 0 1 1 1 1 0 1 0 0 0 1 1 1 0 0 1 0 1 1 1 1 1 0 1 0 1
 1 1 1 0 1 0 1 1 1 1 1 1 0 0 1 1 1 1 1 0 0 0 0 1 1 1 1]",1.1143009662628174,30,0.01,0.1,40000
squareWave,64,-53,17520,"[0 0 0 0 1 1 0 1 0 0 0 1 1 0 1 1 0 0 0 0 1 1 1 1 1 0 0 1 1 1 1 1 1 1 0 0 1
 0 1 1 1 1 0 0 1 1 1 1 0 0 0 0 0 1 1 1 0 0 0 0 1 1 1 1]",1.3018648624420166,30,0.01,0.1,40000
squareWave,64,-54,34290,"[0 0 0 0 1 1 1 1 0 0 0 0 0 1 1 1 0 0 0 1 1 1 1 0 0 0 0 0 1 1 1 0 0 0 0 0 1
 1 0 1 0 1 0 0 1 1 1 1 1 0 0 0 1 0 1 1 0 0 1 1 1 1 1 1]",1.2321720123291016,30,0.01,0.1,40000
squareWave,64,-51,12450,"[0 0 1 0 1 1 1 1 1 0 1 1 1 1 1 1 0 1 0 0 0 1 1 1 0 0 0 0 1 1 0 1 0 0 1 0 1
 1 1 0 0 0 0 0 1 1 0 1 1 0 0 1 1 1 1 1 0 0 0 1 1 1 1 1]",1.226896047592163,30,0.01,0.1,40000
squareWave,64,-58,30990,"[0 0 0 0 1 1 1 0 0 1 0 0 1 1 1 1 0 0 0 0 1 1 1 1 0 0 0 1 1 1 1 1 0 0 0 0 0
 1 1 1 0 0 0 0 1 1 1 0 0 0 0 0 1 1 1 1 0 0 0 0 1 1 0 1]",1.452826976776123,30,0.01,0.1,40000
squareWave,64,-55,33510,"[0 0 0 0 0 1 1 1 0 0 0 0 1 0 1 1 1 0 0 1 1 1 1 0 0 0 0 0 1 1 1 0 0 0 0 0 1
 1 1 1 0 0 0 0 1 1 1 1 0 0 0 0 1 1 1 0 0 0 0 0 1 0 1 0]",1.3205318450927734,30,0.01,0.1,40000
squareWave,64,-53,33120,"[0 1 0 0 1 1 1 1 0 0 0 0 0 1 1 1 0 1 0 1 1 1 0 1 0 0 0 1 1 1 1 1 0 0 0 1 1
 1 0 1 0 0 0 0 1 1 1 1 0 0 0 0 0 1 0 1 1 0 0 0 1 1 1 1]",1.1355581283569336,30,0.01,0.1,40000
squareWave,64,-56,37230,"[0 0 0 0 1 0 1 1 0 0 0 0 1 1 0 1 0 0 0 0 0 1 1 0 0 0 0 0 1 1 0 1 0 0 0 0 1
 1 1 1 0 0 0 0 1 1 1 1 0 1 0 0 1 0 1 1 0 1 0 0 1 1 1 1]",1.1227469444274902,30,0.01,0.1,40000
squareWave,64,-54,31590,"[0 1 0 1 1 0 0 1 0 0 0 0 1 1 1 1 1 0 0 0 1 1 1 1 0 0 1 0 1 0 1 1 0 0 0 1 1
 1 0 1 0 0 0 0 0 1 1 1 0 0 0 0 1 1 1 1 0 0 0 0 1 1 1 1]",1.1760461330413818,30,0.01,0.1,40000
squareWave,64,-54,21660,"[0 0 1 0 1 1 1 1 0 0 1 0 1 1 1 0 0 1 0 0 0 1 1 0 0 0 1 0 0 1 1 1 0 0 0 0 1
 1 1 1 0 0 0 0 1 1 1 1 1 0 0 1 1 1 1 1 0 0 0 0 1 1 1 1]",1.1544609069824219,30,0.01,0.1,40000
squareWave,64,-55,31560,"[1 1 1 0 1 1 0 1 0 0 0 0 1 1 1 1 0 0 0 0 1 1 1 1 0 0 0 0 1 1 1 1 0 0 0 1 1
 1 1 1 1 0 1 0 1 1 1 1 0 0 0 0 1 1 1 1 0 1 0 1 1 1 1 1]",1.1032590866088867,30,0.01,0.1,40000
squareWave,64,-53,25710,"[0 1 0 0 1 1 1 1 1 0 1 0 1 1 1 1 0 0 1 0 1 1 1 1 0 0 1 0 1 0 0 1 0 1 0 0 1
 1 1 1 0 0 0 0 1 1 1 1 1 0 0 0 1 0 1 1 0 0 0 0 1 0 1 1]",1.178844928741455,30,0.01,0.1,40000
squareWave,64,-54,27480,"[0 0 0 0 0 0 0 1 0 0 0 0 1 1 1 1 0 0 0 0 1 1 0 0 0 0 0 0 1 1 1 1 0 0 0 0 1
 1 1 1 0 1 1 1 1 1 1 1 0 0 0 0 1 1 1 1 1 0 1 0 1 1 1 1]",1.1349470615386963,30,0.01,0.1,40000
squareWave,64,-55,27270,"[0 0 0 0 1 1 1 1 0 0 0 0 1 1 1 1 0 0 1 0 0 1 1 1 0 0 0 0 0 1 1 0 0 0 0 0 0
 1 1 0 0 0 0 1 1 1 0 1 0 0 0 0 1 1 1 1 0 1 0 0 1 1 1 1]",1.2132229804992676,30,0.01,0.1,40000
squareWave,64,-53,27450,"[0 0 0 0 1 1 1 1 0 0 0 0 1 1 0 1 0 0 0 0 1 1 1 1 0 0 0 0 1 1 1 1 0 0 0 0 0
 1 1 1 0 0 0 1 0 1 1 0 1 1 0 0 1 1 1 0 0 0 1 1 1 0 1 1]",1.159818172454834,30,0.01,0.1,40000
squareWave,64,-53,7770,"[0 0 0 0 1 1 1 1 0 0 1 1 1 0 1 1 0 0 0 0 1 1 1 1 0 0 0 0 0 1 0 1 1 0 1 0 1
 1 1 1 0 0 0 0 1 1 1 1 1 0 0 0 1 1 1 1 0 0 1 0 1 0 1 0]",1.5487241744995117,30,0.01,0.1,40000
squareWave,64,-52,17340,"[0 0 0 0 1 1 0 1 1 0 0 0 1 1 1 0 0 0 1 0 1 1 1 1 0 0 0 0 0 1 0 1 0 0 0 0 1
 1 1 1 0 0 0 0 0 0 1 0 0 0 0 0 1 1 1 1 1 1 1 0 1 1 1 1]",1.3942348957061768,30,0.01,0.1,40000
squareWave,64,-53,32700,"[1 0 0 0 1 0 1 1 0 0 0 0 1 1 1 1 0 0 1 0 1 1 1 1 1 1 0 1 1 1 1 1 0 1 0 0 1
 0 1 1 0 0 0 0 1 1 0 1 0 0 0 0 0 1 1 1 0 0 0 0 0 1 1 1]",1.3219029903411865,30,0.01,0.1,40000
squareWave,64,-53,39030,"[1 0 0 0 0 1 1 0 0 0 0 0 1 1 0 1 1 0 0 1 1 1 1 1 0 0 0 0 1 1 1 1 0 0 0 0 1
 0 1 1 0 0 0 0 1 1 1 0 0 0 1 0 1 1 1 1 0 0 0 0 1 0 0 1]",1.7859609127044678,30,0.01,0.1,40000
squareWave,64,-56,39630,"[0 1 0 1 1 1 1 0 0 0 0 1 1 1 1 1 0 0 0 0 1 1 1 1 0 0 1 0 1 1 1 1 0 0 0 0 1
 1 1 1 0 1 0 0 1 1 1 1 0 0 1 0 1 1 1 1 0 0 0 1 1 1 1 1]",1.1990008354187012,30,0.01,0.1,40000
squareWave,64,-55,28410,"[0 0 0 1 1 1 1 1 0 0 0 0 0 1 0 1 0 0 1 0 1 1 1 0 0 0 0 0 0 1 0 1 0 0 0 0 1
 1 1 1 0 0 0 0 0 1 1 1 0 0 0 0 1 1 1 1 0 0 0 0 1 0 1 1]",1.2806611061096191,30,0.01,0.1,40000
squareWave,64,-54,33570,"[0 0 0 0 1 1 1 1 0 1 0 0 1 1 0 0 0 0 1 0 1 1 0 1 0 0 0 0 1 1 1 1 0 0 0 0 0
 1 1 1 0 0 0 0 1 0 0 1 0 0 0 0 1 1 1 1 0 1 0 0 0 1 1 1]",1.2542240619659424,30,0.01,0.1,40000
squareWave,64,-54,35490,"[0 0 0 0 1 1 1 1 1 0 0 0 1 1 0 0 0 1 0 0 0 1 1 1 0 0 0 0 1 1 1 1 0 0 1 0 1
 1 1 1 0 1 0 0 1 1 1 1 0 0 0 0 1 1 1 1 1 0 0 0 1 1 0 0]",1.2350029945373535,30,0.01,0.1,40000
squareWave,64,-52,17370,"[0 0 1 0 1 1 1 1 1 0 0 0 0 1 1 1 1 0 0 0 1 1 1 1 0 0 1 0 0 1 1 1 0 0 0 0 1
 1 1 0 0 0 1 0 0 1 1 1 0 0 0 1 1 1 1 1 0 0 0 0 1 0 1 0]",1.1918158531188965,30,0.01,0.1,40000
squareWave,64,-55,21480,"[0 0 1 1 1 1 1 1 0 0 0 1 1 1 1 1 0 0 0 0 1 0 1 1 1 0 0 0 1 1 1 1 0 0 0 0 1
 0 1 1 0 0 0 0 1 1 1 1 0 1 0 0 1 1 1 1 0 0 1 0 1 1 0 1]",1.1826272010803223,30,0.01,0.1,40000
squareWave,64,-52,35490,"[0 1 0 0 1 1 0 0 1 0 0 0 1 1 1 1 0 0 0 1 1 1 1 1 1 0 0 1 0 1 1 1 0 0 0 0 1
 1 1 1 0 0 1 0 1 1 0 1 0 0 0 0 1 1 1 1 0 1 1 0 1 1 1 1]",1.8710689544677734,30,0.01,0.1,40000
squareWave,64,-53,36960,"[0 0 0 0 1 1 1 1 1 0 0 1 0 1 1 1 0 1 0 0 1 1 1 1 0 0 0 0 1 1 1 0 0 1 0 0 1
 1 0 0 0 1 0 0 1 1 1 1 0 1 0 0 1 0 1 1 0 0 0 0 1 1 1 1]",1.3106188774108887,30,0.01,0.1,40000
squareWave,64,-52,35340,"[1 1 0 0 1 1 0 1 0 0 0 0 1 0 0 1 0 0 0 1 1 0 1 1 0 0 0 0 1 1 0 1 0 0 0 0 1
 1 1 1 0 0 0 0 1 0 0 1 0 0 0 0 0 1 1 1 0 0 0 1 1 1 1 1]",1.3653550148010254,30,0.01,0.1,40000
squareWave,64,-54,31860,"[0 1 0 0 1 1 0 0 0 0 0 0 1 1 1 1 0 0 1 1 1 1 1 1 0 0 0 0 1 1 1 0 1 0 0 0 1
 1 1 1 1 0 0 0 1 0 1 0 0 0 0 0 1 1 1 1 0 0 0 0 1 1 1 1]",1.1031029224395752,30,0.01,0.1,40000
squareWave,64,-64,34260,"[0 0 0 0 1 1 1 1 0 0 0 0 1 1 1 1 0 0 0 0 1 1 1 1 0 0 0 0 1 1 1 1 0 0 0 0 1
 1 1 1 0 0 0 0 1 1 1 1 0 0 0 0 1 1 1 1 0 0 0 0 1 1 1 1]",1.113292932510376,30,0.1,0.1,40000
squareWave,64,-64,20490,"[0 0 0 0 1 1 1 1 0 0 0 0 1 1 1 1 0 0 0 0 1 1 1 1 0 0 0 0 1 1 1 1 0 0 0 0 1
 1 1 1 0 0 0 0 1 1 1 1 0 0 0 0 1 1 1 1 0 0 0 0 1 1 1 1]",1.0968780517578125,30,0.1,0.1,40000
squareWave,64,-64,14700,"[0 0 0 0 1 1 1 1 0 0 0 0 1 1 1 1 0 0 0 0 1 1 1 1 0 0 0 0 1 1 1 1 0 0 0 0 1
 1 1 1 0 0 0 0 1 1 1 1 0 0 0 0 1 1 1 1 0 0 0 0 1 1 1 1]",1.2554328441619873,30,0.1,0.1,40000
squareWave,64,-64,22500,"[0 0 0 0 1 1 1 1 0 0 0 0 1 1 1 1 0 0 0 0 1 1 1 1 0 0 0 0 1 1 1 1 0 0 0 0 1
 1 1 1 0 0 0 0 1 1 1 1 0 0 0 0 1 1 1 1 0 0 0 0 1 1 1 1]",1.3936851024627686,30,0.1,0.1,40000
squareWave,64,-64,32100,"[0 0 0 0 1 1 1 1 0 0 0 0 1 1 1 1 0 0 0 0 1 1 1 1 0 0 0 0 1 1 1 1 0 0 0 0 1
 1 1 1 0 0 0 0 1 1 1 1 0 0 0 0 1 1 1 1 0 0 0 0 1 1 1 1]",1.2526350021362305,30,0.1,0.1,40000
squareWave,64,-64,18420,"[0 0 0 0 1 1 1 1 0 0 0 0 1 1 1 1 0 0 0 0 1 1 1 1 0 0 0 0 1 1 1 1 0 0 0 0 1
 1 1 1 0 0 0 0 1 1 1 1 0 0 0 0 1 1 1 1 0 0 0 0 1 1 1 1]",1.1268980503082275,30,0.1,0.1,40000
squareWave,64,-64,30750,"[0 0 0 0 1 1 1 1 0 0 0 0 1 1 1 1 0 0 0 0 1 1 1 1 0 0 0 0 1 1 1 1 0 0 0 0 1
 1 1 1 0 0 0 0 1 1 1 1 0 0 0 0 1 1 1 1 0 0 0 0 1 1 1 1]",1.1649360656738281,30,0.1,0.1,40000
squareWave,64,-64,22740,"[0 0 0 0 1 1 1 1 0 0 0 0 1 1 1 1 0 0 0 0 1 1 1 1 0 0 0 0 1 1 1 1 0 0 0 0 1
 1 1 1 0 0 0 0 1 1 1 1 0 0 0 0 1 1 1 1 0 0 0 0 1 1 1 1]",1.279015064239502,30,0.1,0.1,40000
squareWave,64,-63,21000,"[0 0 0 0 1 1 1 1 0 0 0 0 1 1 1 1 0 0 0 0 1 1 1 1 0 0 0 0 1 1 1 1 0 0 0 0 1
 1 1 1 0 0 0 0 1 1 1 1 0 0 0 0 1 1 1 1 0 0 0 1 1 1 1 1]",1.2203631401062012,30,0.1,0.1,40000
squareWave,64,-64,24180,"[0 0 0 0 1 1 1 1 0 0 0 0 1 1 1 1 0 0 0 0 1 1 1 1 0 0 0 0 1 1 1 1 0 0 0 0 1
 1 1 1 0 0 0 0 1 1 1 1 0 0 0 0 1 1 1 1 0 0 0 0 1 1 1 1]",1.1758601665496826,30,0.1,0.1,40000
squareWave,64,-64,20310,"[0 0 0 0 1 1 1 1 0 0 0 0 1 1 1 1 0 0 0 0 1 1 1 1 0 0 0 0 1 1 1 1 0 0 0 0 1
 1 1 1 0 0 0 0 1 1 1 1 0 0 0 0 1 1 1 1 0 0 0 0 1 1 1 1]",1.4973349571228027,30,0.1,0.1,40000
squareWave,64,-63,35910,"[0 0 0 0 1 1 1 1 0 0 0 0 1 1 1 1 0 0 0 0 1 1 1 1 0 0 0 0 1 1 1 1 0 0 0 0 1
 1 1 1 0 0 0 0 1 1 1 1 0 0 0 1 1 1 1 1 0 0 0 0 1 1 1 1]",1.3404498100280762,30,0.1,0.1,40000
squareWave,64,-64,26100,"[0 0 0 0 1 1 1 1 0 0 0 0 1 1 1 1 0 0 0 0 1 1 1 1 0 0 0 0 1 1 1 1 0 0 0 0 1
 1 1 1 0 0 0 0 1 1 1 1 0 0 0 0 1 1 1 1 0 0 0 0 1 1 1 1]",1.6665821075439453,30,0.1,0.1,40000
squareWave,64,-64,14280,"[0 0 0 0 1 1 1 1 0 0 0 0 1 1 1 1 0 0 0 0 1 1 1 1 0 0 0 0 1 1 1 1 0 0 0 0 1
 1 1 1 0 0 0 0 1 1 1 1 0 0 0 0 1 1 1 1 0 0 0 0 1 1 1 1]",1.480576992034912,30,0.1,0.1,40000
squareWave,64,-64,30300,"[0 0 0 0 1 1 1 1 0 0 0 0 1 1 1 1 0 0 0 0 1 1 1 1 0 0 0 0 1 1 1 1 0 0 0 0 1
 1 1 1 0 0 0 0 1 1 1 1 0 0 0 0 1 1 1 1 0 0 0 0 1 1 1 1]",1.206563949584961,30,0.1,0.1,40000
squareWave,64,-64,26370,"[0 0 0 0 1 1 1 1 0 0 0 0 1 1 1 1 0 0 0 0 1 1 1 1 0 0 0 0 1 1 1 1 0 0 0 0 1
 1 1 1 0 0 0 0 1 1 1 1 0 0 0 0 1 1 1 1 0 0 0 0 1 1 1 1]",1.17336106300354,30,0.1,0.1,40000
squareWave,64,-63,16290,"[0 0 0 0 1 1 1 1 0 0 0 0 1 1 1 1 0 0 0 0 1 1 1 1 0 0 0 0 1 1 1 1 0 0 0 0 1
 1 1 1 0 0 0 0 1 1 1 1 0 0 0 0 1 1 1 1 0 0 0 0 1 1 0 1]",1.2328970432281494,30,0.1,0.1,40000
squareWave,64,-64,39930,"[0 0 0 0 1 1 1 1 0 0 0 0 1 1 1 1 0 0 0 0 1 1 1 1 0 0 0 0 1 1 1 1 0 0 0 0 1
 1 1 1 0 0 0 0 1 1 1 1 0 0 0 0 1 1 1 1 0 0 0 0 1 1 1 1]",1.2647039890289307,30,0.1,0.1,40000
squareWave,64,-64,16380,"[0 0 0 0 1 1 1 1 0 0 0 0 1 1 1 1 0 0 0 0 1 1 1 1 0 0 0 0 1 1 1 1 0 0 0 0 1
 1 1 1 0 0 0 0 1 1 1 1 0 0 0 0 1 1 1 1 0 0 0 0 1 1 1 1]",1.1420128345489502,30,0.1,0.1,40000
squareWave,64,-64,19650,"[0 0 0 0 1 1 1 1 0 0 0 0 1 1 1 1 0 0 0 0 1 1 1 1 0 0 0 0 1 1 1 1 0 0 0 0 1
 1 1 1 0 0 0 0 1 1 1 1 0 0 0 0 1 1 1 1 0 0 0 0 1 1 1 1]",1.2006700038909912,30,0.1,0.1,40000
squareWave,64,-64,32010,"[0 0 0 0 1 1 1 1 0 0 0 0 1 1 1 1 0 0 0 0 1 1 1 1 0 0 0 0 1 1 1 1 0 0 0 0 1
 1 1 1 0 0 0 0 1 1 1 1 0 0 0 0 1 1 1 1 0 0 0 0 1 1 1 1]",1.2175261974334717,30,0.1,0.1,40000
squareWave,64,-64,28050,"[0 0 0 0 1 1 1 1 0 0 0 0 1 1 1 1 0 0 0 0 1 1 1 1 0 0 0 0 1 1 1 1 0 0 0 0 1
 1 1 1 0 0 0 0 1 1 1 1 0 0 0 0 1 1 1 1 0 0 0 0 1 1 1 1]",1.2449159622192383,30,0.1,0.1,40000
squareWave,64,-63,34110,"[0 0 0 1 1 1 1 1 0 0 0 0 1 1 1 1 0 0 0 0 1 1 1 1 0 0 0 0 1 1 1 1 0 0 0 0 1
 1 1 1 0 0 0 0 1 1 1 1 0 0 0 0 1 1 1 1 0 0 0 0 1 1 1 1]",1.465724229812622,30,0.1,0.1,40000
squareWave,64,-64,32070,"[0 0 0 0 1 1 1 1 0 0 0 0 1 1 1 1 0 0 0 0 1 1 1 1 0 0 0 0 1 1 1 1 0 0 0 0 1
 1 1 1 0 0 0 0 1 1 1 1 0 0 0 0 1 1 1 1 0 0 0 0 1 1 1 1]",1.4266211986541748,30,0.1,0.1,40000
squareWave,64,-64,34170,"[0 0 0 0 1 1 1 1 0 0 0 0 1 1 1 1 0 0 0 0 1 1 1 1 0 0 0 0 1 1 1 1 0 0 0 0 1
 1 1 1 0 0 0 0 1 1 1 1 0 0 0 0 1 1 1 1 0 0 0 0 1 1 1 1]",1.2243108749389648,30,0.1,0.1,40000
squareWave,64,-64,10650,"[0 0 0 0 1 1 1 1 0 0 0 0 1 1 1 1 0 0 0 0 1 1 1 1 0 0 0 0 1 1 1 1 0 0 0 0 1
 1 1 1 0 0 0 0 1 1 1 1 0 0 0 0 1 1 1 1 0 0 0 0 1 1 1 1]",1.2139620780944824,30,0.1,0.1,40000
squareWave,64,-64,24990,"[0 0 0 0 1 1 1 1 0 0 0 0 1 1 1 1 0 0 0 0 1 1 1 1 0 0 0 0 1 1 1 1 0 0 0 0 1
 1 1 1 0 0 0 0 1 1 1 1 0 0 0 0 1 1 1 1 0 0 0 0 1 1 1 1]",1.1236071586608887,30,0.1,0.1,40000
squareWave,64,-64,20760,"[0 0 0 0 1 1 1 1 0 0 0 0 1 1 1 1 0 0 0 0 1 1 1 1 0 0 0 0 1 1 1 1 0 0 0 0 1
 1 1 1 0 0 0 0 1 1 1 1 0 0 0 0 1 1 1 1 0 0 0 0 1 1 1 1]",1.1111259460449219,30,0.1,0.1,40000
squareWave,64,-64,9090,"[0 0 0 0 1 1 1 1 0 0 0 0 1 1 1 1 0 0 0 0 1 1 1 1 0 0 0 0 1 1 1 1 0 0 0 0 1
 1 1 1 0 0 0 0 1 1 1 1 0 0 0 0 1 1 1 1 0 0 0 0 1 1 1 1]",1.3813729286193848,30,0.1,0.1,40000
squareWave,64,-64,24270,"[0 0 0 0 1 1 1 1 0 0 0 0 1 1 1 1 0 0 0 0 1 1 1 1 0 0 0 0 1 1 1 1 0 0 0 0 1
 1 1 1 0 0 0 0 1 1 1 1 0 0 0 0 1 1 1 1 0 0 0 0 1 1 1 1]",1.1125209331512451,30,0.1,0.1,40000
squareWave,64,-60,21510,"[0 0 0 0 1 1 0 1 0 0 0 0 1 1 0 1 0 0 1 0 1 1 1 1 0 0 0 0 1 1 1 1 0 0 0 0 1
 1 1 1 0 0 0 0 1 1 1 0 0 0 0 0 1 1 1 1 0 0 0 0 1 1 1 1]",1.1055009365081787,30,0.5,0.1,40000
squareWave,64,-62,19920,"[0 0 0 0 0 1 1 1 0 0 0 0 1 1 1 1 0 0 0 0 1 1 1 1 0 0 0 0 1 1 1 1 0 0 0 0 1
 1 1 1 0 1 0 0 1 1 1 1 0 0 0 0 1 1 1 1 0 0 0 0 1 1 1 1]",1.1221342086791992,30,0.5,0.1,40000
squareWave,64,-61,21270,"[1 0 0 0 1 1 1 1 0 0 0 0 1 1 1 1 0 0 0 0 1 1 1 1 0 0 0 0 1 1 0 1 0 0 0 0 1
 1 1 1 0 0 0 0 1 1 1 1 1 0 0 0 1 1 1 1 0 0 0 0 1 1 1 1]",1.1178059577941895,30,0.5,0.1,40000
squareWave,64,-61,27210,"[0 0 0 0 1 1 1 1 0 0 0 0 1 1 1 1 0 0 0 0 1 1 1 1 0 0 0 0 1 1 1 1 0 0 0 1 1
 1 1 1 0 0 1 0 1 1 1 0 0 0 0 0 1 1 1 1 0 0 0 0 1 1 1 1]",1.1553621292114258,30,0.5,0.1,40000
squareWave,64,-63,39660,"[0 0 0 0 1 1 1 1 0 1 0 0 1 1 1 1 0 0 0 0 1 1 1 1 0 0 0 0 1 1 1 1 0 0 0 0 1
 1 1 1 0 0 0 0 1 1 1 1 0 0 0 0 1 1 1 1 0 0 0 0 1 1 1 1]",1.3621199131011963,30,0.5,0.1,40000
squareWave,64,-63,37140,"[0 0 0 0 1 1 1 1 0 0 0 0 1 0 1 1 0 0 0 0 1 1 1 1 0 0 0 0 1 1 1 1 0 0 0 0 1
 1 1 1 0 0 0 0 1 1 1 1 0 0 0 0 1 1 1 1 0 0 0 0 1 1 1 1]",1.1639900207519531,30,0.5,0.1,40000
squareWave,64,-63,37740,"[0 0 0 0 1 1 1 1 0 0 0 0 1 1 1 1 0 0 0 0 1 1 1 1 0 0 0 0 1 1 1 1 0 0 0 0 0
 1 1 1 0 0 0 0 1 1 1 1 0 0 0 0 1 1 1 1 0 0 0 0 1 1 1 1]",1.2329978942871094,30,0.5,0.1,40000
squareWave,64,-61,14460,"[0 0 0 0 1 1 1 1 0 0 0 0 1 1 1 1 0 0 0 0 1 1 1 0 0 0 0 1 1 1 1 1 0 0 0 0 1
 1 1 1 0 0 0 0 1 1 1 1 0 0 0 1 1 1 1 1 0 0 0 0 1 1 1 1]",1.2648069858551025,30,0.5,0.1,40000
squareWave,64,-60,34710,"[0 1 0 0 1 1 1 1 0 0 0 0 1 1 1 1 0 0 0 0 1 1 1 1 0 0 0 0 1 1 0 1 0 0 0 0 1
 1 1 1 0 0 0 0 1 1 1 1 0 0 0 0 1 1 1 1 1 1 0 0 1 1 1 1]",1.2035579681396484,30,0.5,0.1,40000
squareWave,64,-61,23550,"[0 0 0 0 1 1 1 1 0 0 0 0 1 1 1 1 0 0 0 0 1 1 1 1 0 0 0 1 1 1 1 1 0 0 0 0 1
 1 0 1 0 0 0 0 1 1 1 1 0 0 0 0 1 0 1 1 0 0 0 0 1 1 1 1]",1.2748470306396484,30,0.5,0.1,40000
squareWave,64,-60,18330,"[0 0 0 0 1 1 1 1 0 0 0 0 1 1 1 1 1 0 0 1 1 1 1 1 0 0 1 0 1 1 1 1 0 0 0 0 1
 1 1 1 0 0 0 0 1 1 1 1 0 0 0 0 1 1 1 1 0 0 0 0 1 0 1 1]",1.1697301864624023,30,0.5,0.1,40000
squareWave,64,-63,20040,"[0 0 0 0 1 1 1 1 0 0 0 0 1 1 0 1 0 0 0 0 1 1 1 1 0 0 0 0 1 1 1 1 0 0 0 0 1
 1 1 1 0 0 0 0 1 1 1 1 0 0 0 0 1 1 1 1 0 0 0 0 1 1 1 1]",1.133836030960083,30,0.5,0.1,40000
squareWave,64,-62,37890,"[0 0 0 0 1 1 1 1 0 0 0 0 1 1 1 1 0 0 1 0 1 1 1 1 0 0 0 0 1 1 1 1 0 0 0 0 1
 1 1 1 0 0 0 0 1 1 1 1 0 0 0 0 1 1 1 1 0 0 0 0 1 1 0 1]",1.1136009693145752,30,0.5,0.1,40000
squareWave,64,-62,20580,"[0 0 0 0 1 1 1 1 0 0 0 0 1 1 1 1 0 0 0 0 1 1 1 1 0 0 0 0 1 1 1 1 0 0 0 1 1
 1 1 1 0 0 0 0 1 1 1 1 0 0 0 0 1 1 0 1 0 0 0 0 1 1 1 1]",1.1701679229736328,30,0.5,0.1,40000
squareWave,64,-64,31320,"[0 0 0 0 1 1 1 1 0 0 0 0 1 1 1 1 0 0 0 0 1 1 1 1 0 0 0 0 1 1 1 1 0 0 0 0 1
 1 1 1 0 0 0 0 1 1 1 1 0 0 0 0 1 1 1 1 0 0 0 0 1 1 1 1]",1.215622901916504,30,0.5,0.1,40000
squareWave,64,-61,33780,"[0 0 0 0 1 1 1 1 0 0 0 0 1 1 1 0 0 0 0 0 1 1 1 1 0 0 0 0 1 1 1 1 0 0 0 0 1
 1 0 1 0 0 0 0 1 1 1 1 0 0 0 0 1 1 1 1 0 0 0 1 1 1 1 1]",1.2467398643493652,30,0.5,0.1,40000
squareWave,64,-63,37710,"[0 0 0 0 1 1 0 1 0 0 0 0 1 1 1 1 0 0 0 0 1 1 1 1 0 0 0 0 1 1 1 1 0 0 0 0 1
 1 1 1 0 0 0 0 1 1 1 1 0 0 0 0 1 1 1 1 0 0 0 0 1 1 1 1]",1.2671380043029785,30,0.5,0.1,40000
squareWave,64,-63,35880,"[0 0 0 0 1 1 1 1 0 0 0 0 1 1 1 1 0 0 0 0 1 1 1 1 0 0 0 0 1 1 1 1 0 0 0 0 1
 1 1 1 0 0 0 0 1 1 1 1 0 0 0 0 1 0 1 1 0 0 0 0 1 1 1 1]",1.1458611488342285,30,0.5,0.1,40000
squareWave,64,-60,28440,"[0 0 0 0 1 1 1 1 0 0 0 0 1 1 1 1 0 0 0 0 1 1 1 1 1 0 0 0 1 1 1 1 0 0 0 0 1
 1 1 1 0 0 0 1 1 1 1 1 0 0 0 0 0 1 1 1 1 0 0 0 1 1 1 1]",1.1483170986175537,30,0.5,0.1,40000
squareWave,64,-59,28500,"[0 0 0 0 1 1 1 1 1 0 0 0 1 1 1 1 0 0 1 0 1 1 1 1 0 0 0 0 1 0 1 1 0 0 0 0 1
 1 1 1 0 0 0 0 1 1 1 1 0 0 0 0 1 1 0 1 0 0 0 1 1 1 1 1]",1.124880075454712,30,0.5,0.1,40000
squareWave,64,-62,15930,"[0 1 0 0 1 1 1 1 0 0 0 0 1 1 1 1 0 0 0 0 1 1 1 1 0 0 0 0 1 1 1 1 0 1 0 0 1
 1 1 1 0 0 0 0 1 1 1 1 0 0 0 0 1 1 1 1 0 0 0 0 1 1 1 1]",1.1546030044555664,30,0.5,0.1,40000
squareWave,64,-60,15990,"[0 0 0 0 1 1 1 1 0 0 0 0 1 1 1 1 0 0 0 0 1 1 1 1 0 1 0 0 1 0 1 1 0 1 0 0 1
 1 1 1 0 0 0 0 1 1 1 1 0 0 0 0 1 1 1 0 0 0 0 0 1 1 1 1]",1.3300268650054932,30,0.5,0.1,40000
squareWave,64,-62,13920,"[0 0 0 0 1 1 1 1 0 0 0 0 1 1 1 1 0 0 0 0 1 1 1 1 0 0 0 0 0 1 1 1 0 0 0 0 1
 1 1 1 0 0 0 0 1 1 1 1 0 0 0 0 1 1 1 1 1 0 0 0 1 1 1 1]",1.1781370639801025,30,0.5,0.1,40000
squareWave,64,-62,38910,"[0 0 0 0 1 1 1 1 0 0 0 0 1 1 1 1 0 0 0 0 1 1 1 1 0 0 0 0 1 1 1 1 0 0 0 0 1
 1 1 1 0 0 0 0 1 1 0 1 0 0 0 0 1 1 1 1 0 1 0 0 1 1 1 1]",1.1218159198760986,30,0.5,0.1,40000
squareWave,64,-62,37680,"[0 0 0 0 1 1 1 1 0 0 0 0 1 1 1 1 1 0 0 0 1 1 1 1 0 0 0 0 1 1 1 1 0 0 0 0 1
 1 1 1 0 0 0 0 1 1 1 1 0 0 0 0 1 1 1 1 0 0 0 0 0 1 1 1]",1.3944978713989258,30,0.5,0.1,40000
squareWave,64,-62,38910,"[0 0 0 0 1 1 1 1 0 0 0 0 1 1 1 1 0 0 1 0 1 1 1 1 0 0 0 0 1 1 1 1 0 0 0 0 1
 1 1 1 0 0 0 0 1 1 1 1 0 0 0 0 1 1 0 1 0 0 0 0 1 1 1 1]",1.953571081161499,30,0.5,0.1,40000
squareWave,64,-62,33930,"[0 0 0 0 1 1 0 1 0 0 0 0 1 1 1 1 0 0 0 0 1 1 1 1 0 0 0 0 1 1 1 1 0 0 0 0 1
 1 1 1 0 0 0 0 1 1 1 1 0 0 0 0 1 0 1 1 0 0 0 0 1 1 1 1]",1.9054827690124512,30,0.5,0.1,40000
squareWave,64,-62,21270,"[0 0 0 0 1 1 1 1 0 0 0 0 1 1 1 0 0 0 0 0 1 1 1 1 0 0 0 1 1 1 1 1 0 0 0 0 1
 1 1 1 0 0 0 0 1 1 1 1 0 0 0 0 1 1 1 1 0 0 0 0 1 1 1 1]",1.3313438892364502,30,0.5,0.1,40000
squareWave,64,-61,19380,"[0 0 0 0 1 1 1 1 0 0 0 0 1 1 1 1 0 0 0 0 1 1 1 1 0 0 0 0 1 1 1 1 0 0 0 0 1
 1 1 1 0 0 0 0 0 1 1 1 0 0 0 0 1 1 0 1 0 0 0 1 1 1 1 1]",1.8546009063720703,30,0.5,0.1,40000
squareWave,64,-61,31110,"[0 0 0 0 1 1 1 1 0 0 0 1 1 1 1 1 0 0 0 0 1 1 1 1 0 0 0 0 1 0 1 1 0 0 0 0 1
 1 1 1 0 0 0 0 0 1 1 1 0 0 0 0 1 1 1 1 0 0 0 0 1 1 1 1]",1.4849610328674316,30,0.5,0.1,40000
binVal,64,-1.8446742548866775e+19,33540,"[1 1 1 1 1 1 1 1 1 1 1 1 1 1 1 1 1 1 1 1 1 1 1 0 1 0 0 1 1 1 0 0 1 1 1 1 1
 0 0 0 0 1 0 0 1 0 0 1 1 0 1 1 1 0 1 0 0 0 1 0 0 0 1 0]",1.002737045288086,30,0.01,0.1,40000
binVal,64,-1.8446458578055098e+19,31590,"[1 1 1 1 1 1 1 1 1 1 1 1 1 1 1 0 1 1 1 1 1 1 0 0 0 1 0 1 0 1 1 1 1 1 0 1 1
 1 0 0 1 1 1 0 1 1 1 0 0 1 1 1 0 1 0 0 1 1 1 0 0 1 1 0]",1.9273130893707275,30,0.01,0.1,40000
binVal,64,-1.8446733306889345e+19,15750,"[1 1 1 1 1 1 1 1 1 1 1 1 1 1 1 1 1 1 1 1 0 1 1 0 0 0 1 1 0 1 0 1 0 0 1 0 0
 1 1 1 1 0 0 0 0 0 0 1 1 0 0 1 1 0 1 0 0 1 1 0 0 0 1 1]",1.0160009860992432,30,0.01,0.1,40000
binVal,64,-1.8446703784941834e+19,21750,"[1 1 1 1 1 1 1 1 1 1 1 1 1 1 1 1 1 1 0 1 1 0 1 1 0 1 0 1 1 0 1 1 1 0 0 0 1
 0 1 0 0 1 0 0 1 1 1 1 1 1 0 1 0 0 1 0 0 0 1 1 0 0 1 1]",0.8992669582366943,30,0.01,0.1,40000
binVal,64,-1.8446687352203706e+19,36360,"[1 1 1 1 1 1 1 1 1 1 1 1 1 1 1 1 1 1 0 0 1 1 0 0 0 1 1 0 1 0 0 1 0 1 1 1 1
 1 1 0 1 1 0 0 1 0 1 0 1 1 1 1 1 1 0 1 0 1 1 1 1 0 1 1]",0.9347391128540039,30,0.01,0.1,40000
binVal,64,-1.844672521152587e+19,7920,"[1 1 1 1 1 1 1 1 1 1 1 1 1 1 1 1 1 1 1 0 1 1 1 0 1 1 0 1 1 0 0 0 0 1 0 0 1
 1 1 0 0 0 1 1 1 1 0 1 1 1 1 1 0 0 0 1 0 0 0 1 0 0 1 0]",1.036633014678955,30,0.01,0.1,40000
binVal,64,-1.8446744019968926e+19,26880,"[1 1 1 1 1 1 1 1 1 1 1 1 1 1 1 1 1 1 1 1 1 1 1 1 1 1 1 1 0 0 1 1 0 1 1 1 1
 1 0 0 1 1 0 0 1 1 1 1 0 0 0 1 1 1 0 1 1 0 1 0 0 1 1 1]",0.9858360290527344,30,0.01,0.1,40000
binVal,64,-1.8446742062092351e+19,37470,"[1 1 1 1 1 1 1 1 1 1 1 1 1 1 1 1 1 1 1 1 1 1 1 0 0 0 1 0 1 0 1 1 1 0 1 0 0
 0 1 0 0 1 0 0 0 1 0 1 0 1 1 1 1 0 1 1 1 0 1 0 1 0 0 1]",1.1431999206542969,30,0.01,0.1,40000
binVal,64,-1.8446731943678663e+19,25350,"[1 1 1 1 1 1 1 1 1 1 1 1 1 1 1 1 1 1 1 1 0 1 0 0 1 1 1 1 0 1 1 1 1 1 0 0 0
 0 0 1 1 1 0 1 0 0 0 1 0 1 0 1 0 1 1 1 0 0 1 1 1 1 1 0]",0.8839771747589111,30,0.01,0.1,40000
binVal,64,-1.8446695665186562e+19,25710,"[1 1 1 1 1 1 1 1 1 1 1 1 1 1 1 1 1 1 0 1 0 0 1 1 1 1 1 1 1 0 0 1 0 0 0 0 0
 0 1 1 0 0 1 0 1 1 1 0 1 1 1 0 0 0 0 0 0 0 0 1 0 0 0 0]",0.9383230209350586,30,0.01,0.1,40000
binVal,64,-1.8446727515578413e+19,36570,"[1 1 1 1 1 1 1 1 1 1 1 1 1 1 1 1 1 1 1 1 0 0 0 0 1 1 1 1 0 0 0 0 1 1 0 0 0
 0 1 0 0 1 1 1 1 0 0 1 1 0 1 0 1 1 0 0 0 0 0 0 0 0 0 1]",0.9940328598022461,30,0.01,0.1,40000
binVal,64,-1.844669760888018e+19,30900,"[1 1 1 1 1 1 1 1 1 1 1 1 1 1 1 1 1 1 0 1 0 1 0 1 1 0 1 1 1 1 0 1 1 0 0 1 0
 0 0 0 0 1 0 1 1 0 0 1 1 1 0 0 0 1 0 1 0 0 0 0 0 0 0 1]",0.9148550033569336,30,0.01,0.1,40000
binVal,64,-1.8446705388424675e+19,34950,"[1 1 1 1 1 1 1 1 1 1 1 1 1 1 1 1 1 1 0 1 1 1 0 0 1 1 0 1 0 0 0 0 1 1 1 0 0
 0 0 1 0 1 0 1 0 1 1 0 0 0 1 1 1 1 0 0 1 1 1 0 1 1 1 0]",0.8908240795135498,30,0.01,0.1,40000
binVal,64,-1.8446742522348839e+19,19560,"[1 1 1 1 1 1 1 1 1 1 1 1 1 1 1 1 1 1 1 1 1 1 1 0 1 0 0 1 0 1 1 0 1 1 0 0 1
 0 1 1 1 0 1 1 0 0 1 0 0 0 0 1 1 1 0 1 0 1 0 1 1 0 1 1]",0.8958241939544678,30,0.01,0.1,40000
binVal,64,-1.8446721902988155e+19,23250,"[1 1 1 1 1 1 1 1 1 1 1 1 1 1 1 1 1 1 1 0 1 0 1 1 1 1 0 1 0 1 0 1 1 1 1 1 1
 0 1 0 0 0 0 0 0 1 1 0 1 1 0 1 1 0 1 0 1 1 0 1 1 1 1 0]",0.9013371467590332,30,0.01,0.1,40000
binVal,64,-1.8446732499247399e+19,21240,"[1 1 1 1 1 1 1 1 1 1 1 1 1 1 1 1 1 1 1 1 0 1 0 1 0 1 1 1 1 0 0 1 0 0 0 1 1
 1 0 0 0 1 0 0 1 0 1 1 0 1 1 1 1 1 0 0 1 0 1 1 1 0 0 1]",0.9308619499206543,30,0.01,0.1,40000
binVal,64,-1.8446742638418326e+19,25590,"[1 1 1 1 1 1 1 1 1 1 1 1 1 1 1 1 1 1 1 1 1 1 1 0 1 0 1 1 0 0 0 1 1 1 0 1 0
 0 0 1 1 1 1 1 1 0 0 1 1 1 1 1 0 0 1 0 1 1 0 1 1 0 0 1]",1.0135412216186523,30,0.01,0.1,40000
binVal,64,-1.8446737953259575e+19,19560,"[1 1 1 1 1 1 1 1 1 1 1 1 1 1 1 1 1 1 1 1 1 0 1 0 0 1 1 0 1 1 1 0 1 1 1 1 1
 0 0 0 1 1 0 0 0 0 0 0 1 1 0 1 1 0 0 1 0 1 1 0 0 1 0 1]",0.9226880073547363,30,0.01,0.1,40000
binVal,64,-1.8446729159955382e+19,17400,"[1 1 1 1 1 1 1 1 1 1 1 1 1 1 1 1 1 1 1 1 0 0 1 0 0 1 1 0 1 1 1 1 1 0 0 1 1
 1 1 0 1 1 1 1 1 0 1 1 0 0 0 0 0 0 1 0 0 0 0 0 1 0 0 1]",0.9694199562072754,30,0.01,0.1,40000
binVal,64,-1.8446734819379534e+19,19530,"[1 1 1 1 1 1 1 1 1 1 1 1 1 1 1 1 1 1 1 1 0 1 1 1 1 0 0 1 0 1 0 1 0 1 0 0 1
 1 1 0 1 1 1 1 0 0 1 0 0 1 0 1 1 0 0 1 1 0 0 1 1 0 0 0]",0.9304630756378174,30,0.01,0.1,40000
binVal,64,-1.844670720109004e+19,33510,"[1 1 1 1 1 1 1 1 1 1 1 1 1 1 1 1 1 1 0 1 1 1 1 0 0 1 1 1 0 1 1 0 1 1 1 0 1
 1 0 0 1 0 0 1 1 1 0 0 1 0 1 1 0 0 1 1 1 0 1 0 1 1 1 0]",0.9440360069274902,30,0.01,0.1,40000
binVal,64,-1.8446742961597213e+19,37440,"[1 1 1 1 1 1 1 1 1 1 1 1 1 1 1 1 1 1 1 1 1 1 1 0 1 1 1 1 1 1 0 1 0 0 0 1 0
 0 0 0 1 1 1 1 0 0 0 0 0 1 1 0 1 0 0 1 0 1 0 0 0 0 1 0]",0.922415018081665,30,0.01,0.1,40000
binVal,64,-1.8446722798696538e+19,39390,"[1 1 1 1 1 1 1 1 1 1 1 1 1 1 1 1 1 1 1 0 1 1 0 0 1 0 1 0 0 1 1 0 1 0 0 0 0
 1 1 0 0 1 1 0 1 0 0 0 0 0 1 0 0 0 0 1 1 0 1 0 0 0 0 1]",0.9786050319671631,30,0.01,0.1,40000
binVal,64,-1.8446743588333638e+19,37500,"[1 1 1 1 1 1 1 1 1 1 1 1 1 1 1 1 1 1 1 1 1 1 1 1 1 0 0 0 1 1 1 0 1 1 1 1 1
 1 0 1 0 1 0 1 0 1 1 1 0 1 0 0 1 1 1 1 0 0 1 1 0 0 0 0]",0.9797229766845703,30,0.01,0.1,40000
binVal,64,-1.844672081039749e+19,35310,"[1 1 1 1 1 1 1 1 1 1 1 1 1 1 1 1 1 1 1 0 1 0 1 0 1 1 0 1 0 1 1 1 1 0 0 1 0
 1 1 0 1 0 0 0 1 1 0 0 0 1 0 1 1 0 0 1 1 0 0 0 1 1 0 1]",0.9521729946136475,30,0.01,0.1,40000
binVal,64,-1.844673462044303e+19,31530,"[1 1 1 1 1 1 1 1 1 1 1 1 1 1 1 1 1 1 1 1 0 1 1 1 0 1 1 0 0 1 1 0 1 1 1 1 1
 1 0 1 0 1 1 0 1 0 0 0 0 0 1 1 0 0 0 1 1 0 1 1 1 0 0 1]",0.9593169689178467,30,0.01,0.1,40000
binVal,64,-1.8446726130506338e+19,36630,"[1 1 1 1 1 1 1 1 1 1 1 1 1 1 1 1 1 1 1 0 1 1 1 1 1 0 1 0 1 1 1 0 0 1 0 0 0
 1 0 1 1 0 1 1 1 1 1 1 0 0 0 0 1 1 1 0 1 0 0 0 0 0 0 0]",0.960953950881958,30,0.01,0.1,40000
binVal,64,-1.844671190259892e+19,13740,"[1 1 1 1 1 1 1 1 1 1 1 1 1 1 1 1 1 1 1 0 0 0 1 0 1 0 1 1 1 1 0 1 1 0 0 1 0
 1 0 0 0 1 1 0 0 0 0 0 1 1 1 1 0 1 1 0 0 0 0 0 0 0 0 0]",0.95849609375,30,0.01,0.1,40000
binVal,64,-1.844673884687171e+19,19380,"[1 1 1 1 1 1 1 1 1 1 1 1 1 1 1 1 1 1 1 1 1 0 1 1 0 0 1 1 1 1 1 1 0 0 0 0 1
 0 0 0 0 0 1 0 1 1 1 1 1 1 1 0 0 1 1 0 1 1 0 0 0 0 1 1]",0.9786629676818848,30,0.01,0.1,40000
binVal,64,-1.84466867934679e+19,31620,"[1 1 1 1 1 1 1 1 1 1 1 1 1 1 1 1 1 1 0 0 1 0 1 1 1 1 1 0 0 1 1 1 0 1 1 0 0
 1 1 1 1 0 0 0 1 0 1 1 0 0 1 1 0 0 0 0 1 1 0 1 1 1 1 0]",0.9488849639892578,30,0.01,0.1,40000
binVal,64,-1.8446744073709552e+19,36300,"[1 1 1 1 1 1 1 1 1 1 1 1 1 1 1 1 1 1 1 1 1 1 1 1 1 1 1 1 1 1 1 1 1 1 1 1 1
 1 1 1 1 1 1 1 1 1 1 1 1 1 1 1 1 1 0 0 0 1 1 0 1 0 0 0]",0.9377081394195557,30,0.1,0.1,40000
binVal,64,-1.8446744073709552e+19,25620,"[1 1 1 1 1 1 1 1 1 1 1 1 1 1 1 1 1 1 1 1 1 1 1 1 1 1 1 1 1 1 1 1 1 1 1 1 1
 1 1 1 1 1 1 1 1 1 1 1 1 1 1 1 1 1 0 1 0 1 1 0 0 1 0 0]",0.9103062152862549,30,0.1,0.1,40000
binVal,64,-1.8446744073708438e+19,32820,"[1 1 1 1 1 1 1 1 1 1 1 1 1 1 1 1 1 1 1 1 1 1 1 1 1 1 1 1 1 1 1 1 1 1 1 1 1
 1 1 1 1 1 1 0 1 1 1 0 1 1 1 1 1 1 1 1 0 0 1 1 0 1 1 1]",0.9186980724334717,30,0.1,0.1,40000
binVal,64,-1.8446744073709552e+19,36600,"[1 1 1 1 1 1 1 1 1 1 1 1 1 1 1 1 1 1 1 1 1 1 1 1 1 1 1 1 1 1 1 1 1 1 1 1 1
 1 1 1 1 1 1 1 1 1 1 1 1 1 1 1 1 1 0 0 1 1 0 0 0 0 1 1]",0.8842470645904541,30,0.1,0.1,40000
binVal,64,-1.8446744073708872e+19,35880,"[1 1 1 1 1 1 1 1 1 1 1 1 1 1 1 1 1 1 1 1 1 1 1 1 1 1 1 1 1 1 1 1 1 1 1 1 1
 1 1 1 1 1 1 1 0 1 0 1 1 0 0 1 1 1 1 0 1 0 1 1 1 1 1 1]",0.8793749809265137,30,0.1,0.1,40000
binVal,64,-1.844674407370947e+19,30870,"[1 1 1 1 1 1 1 1 1 1 1 1 1 1 1 1 1 1 1 1 1 1 1 1 1 1 1 1 1 1 1 1 1 1 1 1 1
 1 1 1 1 1 1 1 1 1 1 0 1 0 1 1 1 1 0 1 1 0 0 0 1 0 1 0]",0.9133939743041992,30,0.1,0.1,40000
binVal,64,-1.844674407370955e+19,32130,"[1 1 1 1 1 1 1 1 1 1 1 1 1 1 1 1 1 1 1 1 1 1 1 1 1 1 1 1 1 1 1 1 1 1 1 1 1
 1 1 1 1 1 1 1 1 1 1 1 1 1 1 1 1 0 0 1 1 1 0 1 1 1 1 0]",0.8884119987487793,30,0.1,0.1,40000
binVal,64,-1.8446744073702982e+19,35490,"[1 1 1 1 1 1 1 1 1 1 1 1 1 1 1 1 1 1 1 1 1 1 1 1 1 1 1 1 1 1 1 1 1 1 1 1 1
 1 1 1 1 0 0 1 1 0 1 1 1 0 1 1 1 1 1 0 0 1 0 0 1 0 1 0]",0.9019479751586914,30,0.1,0.1,40000
binVal,64,-1.8446744073708493e+19,21360,"[1 1 1 1 1 1 1 1 1 1 1 1 1 1 1 1 1 1 1 1 1 1 1 1 1 1 1 1 1 1 1 1 1 1 1 1 1
 1 1 1 1 1 1 0 1 1 1 1 1 1 0 1 0 1 1 1 1 0 0 0 0 1 1 0]",0.8821368217468262,30,0.1,0.1,40000
binVal,64,-1.8446744073709486e+19,32970,"[1 1 1 1 1 1 1 1 1 1 1 1 1 1 1 1 1 1 1 1 1 1 1 1 1 1 1 1 1 1 1 1 1 1 1 1 1
 1 1 1 1 1 1 1 1 1 1 0 1 1 1 1 1 1 1 0 0 1 0 1 1 0 0 0]",0.8808948993682861,30,0.1,0.1,40000
binVal,64,-1.8446744073709552e+19,32190,"[1 1 1 1 1 1 1 1 1 1 1 1 1 1 1 1 1 1 1 1 1 1 1 1 1 1 1 1 1 1 1 1 1 1 1 1 1
 1 1 1 1 1 1 1 1 1 1 1 1 1 1 1 1 1 0 0 0 1 1 1 1 0 1 1]",0.8932511806488037,30,0.1,0.1,40000
binVal,64,-1.844674407370942e+19,36360,"[1 1 1 1 1 1 1 1 1 1 1 1 1 1 1 1 1 1 1 1 1 1 1 1 1 1 1 1 1 1 1 1 1 1 1 1 1
 1 1 1 1 1 1 1 1 1 0 1 1 1 1 1 1 1 1 1 1 1 1 1 1 1 0 0]",0.8888301849365234,30,0.1,0.1,40000
binVal,64,-1.8446744073709552e+19,37950,"[1 1 1 1 1 1 1 1 1 1 1 1 1 1 1 1 1 1 1 1 1 1 1 1 1 1 1 1 1 1 1 1 1 1 1 1 1
 1 1 1 1 1 1 1 1 1 1 1 1 1 1 1 1 1 0 0 1 1 0 1 0 0 0 1]",0.8783648014068604,30,0.1,0.1,40000
binVal,64,-1.8446744073706748e+19,31890,"[1 1 1 1 1 1 1 1 1 1 1 1 1 1 1 1 1 1 1 1 1 1 1 1 1 1 1 1 1 1 1 1 1 1 1 1 1
 1 1 1 1 1 0 1 0 1 0 1 0 0 1 1 0 1 1 0 0 0 1 0 1 0 1 1]",0.9614808559417725,30,0.1,0.1,40000
binVal,64,-1.8446744073709437e+19,25590,"[1 1 1 1 1 1 1 1 1 1 1 1 1 1 1 1 1 1 1 1 1 1 1 1 1 1 1 1 1 1 1 1 1 1 1 1 1
 1 1 1 1 1 1 1 1 1 1 0 0 0 1 1 1 1 0 0 0 1 0 0 0 1 1 0]",0.8895950317382812,30,0.1,0.1,40000
binVal,64,-1.8446744073709486e+19,33960,"[1 1 1 1 1 1 1 1 1 1 1 1 1 1 1 1 1 1 1 1 1 1 1 1 1 1 1 1 1 1 1 1 1 1 1 1 1
 1 1 1 1 1 1 1 1 1 1 0 1 1 1 1 1 1 0 1 0 0 1 1 0 1 0 0]",0.8874349594116211,30,0.1,0.1,40000
binVal,64,-1.8446744073709552e+19,35970,"[1 1 1 1 1 1 1 1 1 1 1 1 1 1 1 1 1 1 1 1 1 1 1 1 1 1 1 1 1 1 1 1 1 1 1 1 1
 1 1 1 1 1 1 1 1 1 1 1 1 1 1 1 1 1 1 0 0 0 0 0 1 1 0 0]",0.8766450881958008,30,0.1,0.1,40000
binVal,64,-1.8446744073675997e+19,21270,"[1 1 1 1 1 1 1 1 1 1 1 1 1 1 1 1 1 1 1 1 1 1 1 1 1 1 1 1 1 1 1 1 1 1 1 1 1
 1 0 1 1 1 1 1 1 1 1 1 1 1 1 1 1 1 1 1 0 0 0 0 1 0 0 0]",0.8751890659332275,30,0.1,0.1,40000
binVal,64,-1.8446744073709519e+19,37470,"[1 1 1 1 1 1 1 1 1 1 1 1 1 1 1 1 1 1 1 1 1 1 1 1 1 1 1 1 1 1 1 1 1 1 1 1 1
 1 1 1 1 1 1 1 1 1 1 1 0 1 1 1 1 1 1 1 1 1 0 0 1 0 1 1]",0.9403941631317139,30,0.1,0.1,40000
binVal,64,-1.8446744073701163e+19,39120,"[1 1 1 1 1 1 1 1 1 1 1 1 1 1 1 1 1 1 1 1 1 1 1 1 1 1 1 1 1 1 1 1 1 1 1 1 1
 1 1 1 0 1 1 1 1 1 1 1 1 1 1 1 1 1 1 1 1 0 0 1 0 1 1 1]",0.9077880382537842,30,0.1,0.1,40000
binVal,64,-1.8446744073709543e+19,32160,"[1 1 1 1 1 1 1 1 1 1 1 1 1 1 1 1 1 1 1 1 1 1 1 1 1 1 1 1 1 1 1 1 1 1 1 1 1
 1 1 1 1 1 1 1 1 1 1 1 1 1 0 1 1 1 0 1 0 0 1 1 0 1 0 1]",0.8763790130615234,30,0.1,0.1,40000
binVal,64,-1.8446744073709552e+19,38070,"[1 1 1 1 1 1 1 1 1 1 1 1 1 1 1 1 1 1 1 1 1 1 1 1 1 1 1 1 1 1 1 1 1 1 1 1 1
 1 1 1 1 1 1 1 1 1 1 1 1 1 1 1 1 1 1 1 0 1 1 1 0 1 1 1]",0.8774869441986084,30,0.1,0.1,40000
binVal,64,-1.8446744073441036e+19,33540,"[1 1 1 1 1 1 1 1 1 1 1 1 1 1 1 1 1 1 1 1 1 1 1 1 1 1 1 1 1 1 1 1 1 1 1 0 1
 1 1 1 1 1 1 1 1 1 1 0 1 1 0 0 0 1 0 1 1 0 1 1 0 0 0 0]",0.889286994934082,30,0.1,0.1,40000
binVal,64,-1.8446744073692764e+19,21300,"[1 1 1 1 1 1 1 1 1 1 1 1 1 1 1 1 1 1 1 1 1 1 1 1 1 1 1 1 1 1 1 1 1 1 1 1 1
 1 1 0 1 1 1 1 1 1 1 1 1 1 0 1 1 0 0 1 1 1 0 1 1 0 0 1]",0.8770651817321777,30,0.1,0.1,40000
binVal,64,-1.8446744073700835e+19,28620,"[1 1 1 1 1 1 1 1 1 1 1 1 1 1 1 1 1 1 1 1 1 1 1 1 1 1 1 1 1 1 1 1 1 1 1 1 1
 1 1 1 0 1 1 1 1 0 1 0 1 1 1 1 1 1 1 1 1 1 1 0 1 1 0 0]",0.8859570026397705,30,0.1,0.1,40000
binVal,64,-1.8446744073709414e+19,39900,"[1 1 1 1 1 1 1 1 1 1 1 1 1 1 1 1 1 1 1 1 1 1 1 1 1 1 1 1 1 1 1 1 1 1 1 1 1
 1 1 1 1 1 1 1 1 1 0 1 1 1 1 0 1 0 0 1 1 0 1 1 1 1 0 0]",0.8803861141204834,30,0.1,0.1,40000
binVal,64,-1.8446744073709552e+19,30180,"[1 1 1 1 1 1 1 1 1 1 1 1 1 1 1 1 1 1 1 1 1 1 1 1 1 1 1 1 1 1 1 1 1 1 1 1 1
 1 1 1 1 1 1 1 1 1 1 1 1 1 1 1 1 1 1 0 1 1 0 1 1 0 0 1]",0.8758828639984131,30,0.1,0.1,40000
binVal,64,-1.8446744073708302e+19,37170,"[1 1 1 1 1 1 1 1 1 1 1 1 1 1 1 1 1 1 1 1 1 1 1 1 1 1 1 1 1 1 1 1 1 1 1 1 1
 1 1 1 1 1 1 0 1 1 0 0 1 1 1 1 0 0 1 0 1 1 0 1 1 0 1 0]",0.8948390483856201,30,0.1,0.1,40000
binVal,64,-1.8446744073541714e+19,29850,"[1 1 1 1 1 1 1 1 1 1 1 1 1 1 1 1 1 1 1 1 1 1 1 1 1 1 1 1 1 1 1 1 1 1 1 1 0
 1 0 1 1 1 1 1 1 1 1 0 1 1 1 1 1 1 0 1 0 1 0 0 0 0 1 1]",0.8680610656738281,30,0.1,0.1,40000
binVal,64,-1.8446744073709519e+19,32340,"[1 1 1 1 1 1 1 1 1 1 1 1 1 1 1 1 1 1 1 1 1 1 1 1 1 1 1 1 1 1 1 1 1 1 1 1 1
 1 1 1 1 1 1 1 1 1 1 1 0 1 1 1 1 1 0 0 1 1 0 1 0 1 1 1]",0.9999520778656006,30,0.1,0.1,40000
binVal,64,-1.8446744073132544e+19,29760,"[1 1 1 1 1 1 1 1 1 1 1 1 1 1 1 1 1 1 1 1 1 1 1 1 1 1 1 1 1 1 1 1 1 1 0 1 1
 1 0 1 1 0 0 1 1 0 1 1 1 0 0 1 0 1 0 0 1 0 0 0 1 0 1 1]",0.9603300094604492,30,0.5,0.1,40000
binVal,64,-1.8446744073639428e+19,39120,"[1 1 1 1 1 1 1 1 1 1 1 1 1 1 1 1 1 1 1 1 1 1 1 1 1 1 1 1 1 1 1 1 1 1 1 1 1
 0 1 1 1 1 0 1 0 0 0 1 1 1 1 1 1 1 1 0 1 1 1 1 1 1 0 0]",0.8902771472930908,30,0.5,0.1,40000
binVal,64,-1.8446744073239478e+19,15390,"[1 1 1 1 1 1 1 1 1 1 1 1 1 1 1 1 1 1 1 1 1 1 1 1 1 1 1 1 1 1 1 1 1 1 1 0 0
 0 1 1 1 1 1 1 1 0 1 1 0 0 1 1 1 1 0 1 0 1 1 1 1 0 1 1]",0.8950240612030029,30,0.5,0.1,40000
binVal,64,-1.8446744073435865e+19,23640,"[1 1 1 1 1 1 1 1 1 1 1 1 1 1 1 1 1 1 1 1 1 1 1 1 1 1 1 1 1 1 1 1 1 1 1 0 1
 1 1 1 1 0 1 0 1 1 1 1 1 1 0 1 1 1 0 0 0 1 1 0 0 1 1 0]",0.8750638961791992,30,0.5,0.1,40000
binVal,64,-1.8446744073697886e+19,21630,"[1 1 1 1 1 1 1 1 1 1 1 1 1 1 1 1 1 1 1 1 1 1 1 1 1 1 1 1 1 1 1 1 1 1 1 1 1
 1 1 1 0 1 0 0 1 1 0 1 1 1 1 1 1 1 0 1 0 1 0 0 0 1 0 1]",0.8509008884429932,30,0.5,0.1,40000
binVal,64,-1.8446744073675921e+19,21000,"[1 1 1 1 1 1 1 1 1 1 1 1 1 1 1 1 1 1 1 1 1 1 1 1 1 1 1 1 1 1 1 1 1 1 1 1 1
 1 0 1 1 1 1 1 1 1 1 0 1 1 0 1 0 1 1 1 1 0 0 1 0 0 1 0]",0.874100923538208,30,0.5,0.1,40000
binVal,64,-1.8446744071217603e+19,18540,"[1 1 1 1 1 1 1 1 1 1 1 1 1 1 1 1 1 1 1 1 1 1 1 1 1 1 1 1 1 1 1 1 0 1 1 0 1
 0 1 1 0 1 1 1 0 1 1 1 1 1 0 1 1 1 1 0 1 0 0 0 0 1 0 0]",0.8385210037231445,30,0.5,0.1,40000
binVal,64,-1.844674407205263e+19,11220,"[1 1 1 1 1 1 1 1 1 1 1 1 1 1 1 1 1 1 1 1 1 1 1 1 1 1 1 1 1 1 1 1 1 0 0 1 1
 1 0 1 0 0 1 1 1 1 0 1 0 1 0 1 1 1 0 1 0 1 0 0 0 1 1 0]",0.840994119644165,30,0.5,0.1,40000
binVal,64,-1.8446744055445117e+19,39750,"[1 1 1 1 1 1 1 1 1 1 1 1 1 1 1 1 1 1 1 1 1 1 1 1 1 1 1 1 1 0 1 1 1 0 1 1 1
 1 1 1 0 1 0 1 1 0 1 0 1 1 0 1 0 1 1 1 1 0 0 1 1 1 0 0]",0.8399949073791504,30,0.5,0.1,40000
binVal,64,-1.8446744071309015e+19,17670,"[1 1 1 1 1 1 1 1 1 1 1 1 1 1 1 1 1 1 1 1 1 1 1 1 1 1 1 1 1 1 1 1 0 1 1 1 0
 0 0 0 1 1 1 0 1 0 1 0 1 0 1 1 0 1 1 0 0 1 1 1 0 1 0 0]",0.8442280292510986,30,0.5,0.1,40000
binVal,64,-1.8446744073441108e+19,35910,"[1 1 1 1 1 1 1 1 1 1 1 1 1 1 1 1 1 1 1 1 1 1 1 1 1 1 1 1 1 1 1 1 1 1 1 0 1
 1 1 1 1 1 1 1 1 1 1 1 1 1 0 1 1 1 0 1 0 1 1 0 1 1 0 1]",0.8421099185943604,30,0.5,0.1,40000
binVal,64,-1.8446744058235642e+19,25620,"[1 1 1 1 1 1 1 1 1 1 1 1 1 1 1 1 1 1 1 1 1 1 1 1 1 1 1 1 1 1 0 0 0 1 1 0 0
 1 0 1 1 0 1 0 1 1 1 0 1 1 1 0 0 0 1 1 1 0 0 1 1 1 1 0]",0.8452901840209961,30,0.5,0.1,40000
binVal,64,-1.8446744073700383e+19,34680,"[1 1 1 1 1 1 1 1 1 1 1 1 1 1 1 1 1 1 1 1 1 1 1 1 1 1 1 1 1 1 1 1 1 1 1 1 1
 1 1 1 0 1 1 1 0 1 0 0 0 0 0 1 1 0 0 0 1 0 1 1 0 0 1 0]",0.8414490222930908,30,0.5,0.1,40000
binVal,64,-1.8446744056460603e+19,30120,"[1 1 1 1 1 1 1 1 1 1 1 1 1 1 1 1 1 1 1 1 1 1 1 1 1 1 1 1 1 0 1 1 1 1 1 1 1
 0 1 1 1 1 1 0 0 0 0 1 1 1 1 0 1 1 1 0 1 0 1 0 1 0 0 1]",0.844465970993042,30,0.5,0.1,40000
binVal,64,-1.8446744002841395e+19,39660,"[1 1 1 1 1 1 1 1 1 1 1 1 1 1 1 1 1 1 1 1 1 1 1 1 1 1 1 0 1 1 1 1 0 1 1 1 1
 1 1 1 1 1 1 0 1 1 0 1 1 0 1 1 1 1 0 0 1 0 0 0 0 1 1 0]",0.8395459651947021,30,0.5,0.1,40000
binVal,64,-1.8446744073306898e+19,18510,"[1 1 1 1 1 1 1 1 1 1 1 1 1 1 1 1 1 1 1 1 1 1 1 1 1 1 1 1 1 1 1 1 1 1 1 0 0
 1 1 1 1 1 1 1 1 1 1 1 1 1 1 1 1 1 0 0 1 0 1 0 0 0 1 0]",0.8583648204803467,30,0.5,0.1,40000
binVal,64,-1.8446744039345598e+19,27420,"[1 1 1 1 1 1 1 1 1 1 1 1 1 1 1 1 1 1 1 1 1 1 1 1 1 1 1 1 0 1 1 1 1 1 1 1 1
 1 1 1 1 0 1 1 1 1 1 1 1 0 1 1 0 0 0 1 1 0 0 0 1 1 1 1]",0.852423906326294,30,0.5,0.1,40000
binVal,64,-1.8446744071427258e+19,30990,"[1 1 1 1 1 1 1 1 1 1 1 1 1 1 1 1 1 1 1 1 1 1 1 1 1 1 1 1 1 1 1 1 0 1 1 1 0
 1 1 1 1 1 1 1 0 1 1 0 1 1 1 1 1 0 0 1 1 1 1 1 0 0 0 0]",0.8557641506195068,30,0.5,0.1,40000
binVal,64,-1.8446744073168486e+19,15690,"[1 1 1 1 1 1 1 1 1 1 1 1 1 1 1 1 1 1 1 1 1 1 1 1 1 1 1 1 1 1 1 1 1 1 0 1 1
 1 1 1 1 0 1 1 1 1 1 1 1 1 1 1 1 1 0 1 1 1 0 1 1 1 1 1]",0.9526059627532959,30,0.5,0.1,40000
binVal,64,-1.8446744073699066e+19,31320,"[1 1 1 1 1 1 1 1 1 1 1 1 1 1 1 1 1 1 1 1 1 1 1 1 1 1 1 1 1 1 1 1 1 1 1 1 1
 1 1 1 0 1 0 1 1 1 1 1 1 1 1 1 1 1 0 1 0 0 0 0 0 0 0 0]",1.0191130638122559,30,0.5,0.1,40000
binVal,64,-1.8446744065094294e+19,11640,"[1 1 1 1 1 1 1 1 1 1 1 1 1 1 1 1 1 1 1 1 1 1 1 1 1 1 1 1 1 1 0 1 1 1 1 1 1
 1 1 0 0 1 1 1 1 1 0 1 1 0 0 1 1 0 0 0 1 0 1 1 0 0 1 0]",0.9772629737854004,30,0.5,0.1,40000
binVal,64,-1.8446744073407494e+19,29850,"[1 1 1 1 1 1 1 1 1 1 1 1 1 1 1 1 1 1 1 1 1 1 1 1 1 1 1 1 1 1 1 1 1 1 1 0 1
 1 0 1 1 1 1 1 1 1 1 0 1 1 1 1 1 0 1 1 0 1 1 0 0 1 0 1]",1.0119280815124512,30,0.5,0.1,40000
binVal,64,-1.8446739675333239e+19,37470,"[1 1 1 1 1 1 1 1 1 1 1 1 1 1 1 1 1 1 1 1 1 0 1 1 1 1 1 1 1 1 1 1 1 1 1 0 1
 1 0 0 0 1 0 1 0 1 1 1 1 0 0 1 1 1 1 1 1 1 0 1 0 1 0 0]",1.0091490745544434,30,0.5,0.1,40000
binVal,64,-1.8446743987534936e+19,35580,"[1 1 1 1 1 1 1 1 1 1 1 1 1 1 1 1 1 1 1 1 1 1 1 1 1 1 1 0 1 0 1 1 1 1 1 0 1
 1 1 1 1 0 0 1 0 1 1 1 1 0 1 1 1 0 1 0 0 1 1 1 0 1 1 1]",1.0206551551818848,30,0.5,0.1,40000
binVal,64,-1.844674405505325e+19,22710,"[1 1 1 1 1 1 1 1 1 1 1 1 1 1 1 1 1 1 1 1 1 1 1 1 1 1 1 1 1 0 1 1 1 0 1 0 0
 1 1 1 1 1 1 1 1 1 1 1 0 1 1 1 0 1 0 0 0 1 1 1 1 1 1 0]",0.9203798770904541,30,0.5,0.1,40000
binVal,64,-1.8446744073404416e+19,10680,"[1 1 1 1 1 1 1 1 1 1 1 1 1 1 1 1 1 1 1 1 1 1 1 1 1 1 1 1 1 1 1 1 1 1 1 0 1
 1 0 1 1 1 0 0 1 1 1 1 1 1 1 1 1 1 0 0 0 1 0 1 0 1 0 1]",0.8960740566253662,30,0.5,0.1,40000
binVal,64,-1.8446743519297012e+19,31530,"[1 1 1 1 1 1 1 1 1 1 1 1 1 1 1 1 1 1 1 1 1 1 1 1 0 1 1 1 1 1 1 0 1 1 1 0 1
 0 1 0 0 1 1 0 1 1 1 1 1 1 1 1 1 1 1 1 1 1 0 0 0 1 0 1]",0.9029049873352051,30,0.5,0.1,40000
binVal,64,-1.8446744038677676e+19,15270,"[1 1 1 1 1 1 1 1 1 1 1 1 1 1 1 1 1 1 1 1 1 1 1 1 1 1 1 1 0 1 1 1 1 1 0 1 0
 1 1 1 1 1 1 0 1 1 1 1 1 1 1 1 1 1 0 1 0 0 0 0 0 1 1 1]",0.988386869430542,30,0.5,0.1,40000
binVal,64,-1.8446744071544693e+19,35490,"[1 1 1 1 1 1 1 1 1 1 1 1 1 1 1 1 1 1 1 1 1 1 1 1 1 1 1 1 1 1 1 1 0 1 1 1 1
 1 1 0 1 1 1 1 0 1 1 0 1 1 1 0 0 0 1 0 1 1 0 1 1 0 1 1]",0.8694469928741455,30,0.5,0.1,40000
binVal,64,-1.8446744073633526e+19,36720,"[1 1 1 1 1 1 1 1 1 1 1 1 1 1 1 1 1 1 1 1 1 1 1 1 1 1 1 1 1 1 1 1 1 1 1 1 1
 0 1 1 0 1 1 1 0 1 1 1 1 1 1 1 0 0 0 0 0 1 0 1 1 0 0 0]",0.9460530281066895,30,0.5,0.1,40000
