oneMax,16,-16,270,[1 1 1 1 1 1 1 1 1 1 1 1 1 1 1 1],0.7324371337890625,30,0.1,0.1
oneMax,16,-16,3960,[1 1 1 1 1 1 1 1 1 1 1 1 1 1 1 1],0.694512128829956,30,0.1,0.1
oneMax,16,-16,3390,[1 1 1 1 1 1 1 1 1 1 1 1 1 1 1 1],0.7474720478057861,30,0.1,0.1
oneMax,16,-16,2430,[1 1 1 1 1 1 1 1 1 1 1 1 1 1 1 1],0.7062451839447021,30,0.1,0.1
oneMax,16,-16,3960,[1 1 1 1 1 1 1 1 1 1 1 1 1 1 1 1],1.0113201141357422,30,0.1,0.1
oneMax,16,-16,2190,[1 1 1 1 1 1 1 1 1 1 1 1 1 1 1 1],0.7732369899749756,30,0.1,0.1
oneMax,16,-16,630,[1 1 1 1 1 1 1 1 1 1 1 1 1 1 1 1],0.8426291942596436,30,0.1,0.1
oneMax,16,-16,8190,[1 1 1 1 1 1 1 1 1 1 1 1 1 1 1 1],0.8175358772277832,30,0.1,0.1
oneMax,16,-16,6210,[1 1 1 1 1 1 1 1 1 1 1 1 1 1 1 1],0.7145929336547852,30,0.1,0.1
oneMax,16,-16,3840,[1 1 1 1 1 1 1 1 1 1 1 1 1 1 1 1],0.740156888961792,30,0.1,0.1
oneMax,16,-16,510,[1 1 1 1 1 1 1 1 1 1 1 1 1 1 1 1],0.6972529888153076,30,0.1,0.1
oneMax,16,-16,9870,[1 1 1 1 1 1 1 1 1 1 1 1 1 1 1 1],0.701056957244873,30,0.1,0.1
oneMax,16,-16,600,[1 1 1 1 1 1 1 1 1 1 1 1 1 1 1 1],0.6552770137786865,30,0.1,0.1
oneMax,16,-16,1740,[1 1 1 1 1 1 1 1 1 1 1 1 1 1 1 1],0.7455060482025146,30,0.1,0.1
oneMax,16,-16,2280,[1 1 1 1 1 1 1 1 1 1 1 1 1 1 1 1],0.7143771648406982,30,0.1,0.1
oneMax,16,-16,480,[1 1 1 1 1 1 1 1 1 1 1 1 1 1 1 1],0.7670118808746338,30,0.1,0.1
oneMax,16,-16,3900,[1 1 1 1 1 1 1 1 1 1 1 1 1 1 1 1],0.7298378944396973,30,0.1,0.1
oneMax,16,-16,2460,[1 1 1 1 1 1 1 1 1 1 1 1 1 1 1 1],0.6980090141296387,30,0.1,0.1
oneMax,16,-16,8040,[1 1 1 1 1 1 1 1 1 1 1 1 1 1 1 1],0.6545829772949219,30,0.1,0.1
oneMax,16,-16,2550,[1 1 1 1 1 1 1 1 1 1 1 1 1 1 1 1],0.6302719116210938,30,0.1,0.1
oneMax,16,-16,2700,[1 1 1 1 1 1 1 1 1 1 1 1 1 1 1 1],0.6489930152893066,30,0.1,0.1
oneMax,16,-16,2580,[1 1 1 1 1 1 1 1 1 1 1 1 1 1 1 1],0.6431968212127686,30,0.1,0.1
oneMax,16,-16,600,[1 1 1 1 1 1 1 1 1 1 1 1 1 1 1 1],0.7331109046936035,30,0.1,0.1
oneMax,16,-16,420,[1 1 1 1 1 1 1 1 1 1 1 1 1 1 1 1],0.6429691314697266,30,0.1,0.1
oneMax,16,-16,570,[1 1 1 1 1 1 1 1 1 1 1 1 1 1 1 1],0.6449661254882812,30,0.1,0.1
oneMax,16,-16,2100,[1 1 1 1 1 1 1 1 1 1 1 1 1 1 1 1],0.6609370708465576,30,0.1,0.1
oneMax,16,-16,2010,[1 1 1 1 1 1 1 1 1 1 1 1 1 1 1 1],0.75124192237854,30,0.1,0.1
oneMax,16,-16,4050,[1 1 1 1 1 1 1 1 1 1 1 1 1 1 1 1],0.7159600257873535,30,0.1,0.1
oneMax,16,-16,3900,[1 1 1 1 1 1 1 1 1 1 1 1 1 1 1 1],0.7077999114990234,30,0.1,0.1
oneMax,16,-16,810,[1 1 1 1 1 1 1 1 1 1 1 1 1 1 1 1],0.698206901550293,30,0.1,0.1
oneMax,25,-25,8310,[1 1 1 1 1 1 1 1 1 1 1 1 1 1 1 1 1 1 1 1 1 1 1 1 1],0.9078121185302734,30,0.1,0.1
oneMax,25,-25,12240,[1 1 1 1 1 1 1 1 1 1 1 1 1 1 1 1 1 1 1 1 1 1 1 1 1],0.667658805847168,30,0.1,0.1
oneMax,25,-25,8580,[1 1 1 1 1 1 1 1 1 1 1 1 1 1 1 1 1 1 1 1 1 1 1 1 1],0.6554920673370361,30,0.1,0.1
oneMax,25,-25,7740,[1 1 1 1 1 1 1 1 1 1 1 1 1 1 1 1 1 1 1 1 1 1 1 1 1],1.0117311477661133,30,0.1,0.1
oneMax,25,-25,9840,[1 1 1 1 1 1 1 1 1 1 1 1 1 1 1 1 1 1 1 1 1 1 1 1 1],0.7314820289611816,30,0.1,0.1
oneMax,25,-25,2550,[1 1 1 1 1 1 1 1 1 1 1 1 1 1 1 1 1 1 1 1 1 1 1 1 1],0.7928750514984131,30,0.1,0.1
oneMax,25,-25,6540,[1 1 1 1 1 1 1 1 1 1 1 1 1 1 1 1 1 1 1 1 1 1 1 1 1],0.6845059394836426,30,0.1,0.1
oneMax,25,-25,9660,[1 1 1 1 1 1 1 1 1 1 1 1 1 1 1 1 1 1 1 1 1 1 1 1 1],0.6518259048461914,30,0.1,0.1
oneMax,25,-25,15360,[1 1 1 1 1 1 1 1 1 1 1 1 1 1 1 1 1 1 1 1 1 1 1 1 1],0.6634609699249268,30,0.1,0.1
oneMax,25,-25,3990,[1 1 1 1 1 1 1 1 1 1 1 1 1 1 1 1 1 1 1 1 1 1 1 1 1],0.6643087863922119,30,0.1,0.1
oneMax,25,-25,3810,[1 1 1 1 1 1 1 1 1 1 1 1 1 1 1 1 1 1 1 1 1 1 1 1 1],0.7106480598449707,30,0.1,0.1
oneMax,25,-25,6480,[1 1 1 1 1 1 1 1 1 1 1 1 1 1 1 1 1 1 1 1 1 1 1 1 1],0.724931001663208,30,0.1,0.1
oneMax,25,-25,9750,[1 1 1 1 1 1 1 1 1 1 1 1 1 1 1 1 1 1 1 1 1 1 1 1 1],0.6779940128326416,30,0.1,0.1
oneMax,25,-25,5940,[1 1 1 1 1 1 1 1 1 1 1 1 1 1 1 1 1 1 1 1 1 1 1 1 1],0.6566228866577148,30,0.1,0.1
oneMax,25,-25,10170,[1 1 1 1 1 1 1 1 1 1 1 1 1 1 1 1 1 1 1 1 1 1 1 1 1],0.6750531196594238,30,0.1,0.1
oneMax,25,-25,4530,[1 1 1 1 1 1 1 1 1 1 1 1 1 1 1 1 1 1 1 1 1 1 1 1 1],0.6934540271759033,30,0.1,0.1
oneMax,25,-25,4080,[1 1 1 1 1 1 1 1 1 1 1 1 1 1 1 1 1 1 1 1 1 1 1 1 1],0.6534290313720703,30,0.1,0.1
oneMax,25,-25,8820,[1 1 1 1 1 1 1 1 1 1 1 1 1 1 1 1 1 1 1 1 1 1 1 1 1],0.6960670948028564,30,0.1,0.1
oneMax,25,-25,2610,[1 1 1 1 1 1 1 1 1 1 1 1 1 1 1 1 1 1 1 1 1 1 1 1 1],0.6662590503692627,30,0.1,0.1
oneMax,25,-25,7980,[1 1 1 1 1 1 1 1 1 1 1 1 1 1 1 1 1 1 1 1 1 1 1 1 1],0.6997461318969727,30,0.1,0.1
oneMax,25,-25,4260,[1 1 1 1 1 1 1 1 1 1 1 1 1 1 1 1 1 1 1 1 1 1 1 1 1],0.6641659736633301,30,0.1,0.1
oneMax,25,-25,4350,[1 1 1 1 1 1 1 1 1 1 1 1 1 1 1 1 1 1 1 1 1 1 1 1 1],0.6518919467926025,30,0.1,0.1
oneMax,25,-25,6480,[1 1 1 1 1 1 1 1 1 1 1 1 1 1 1 1 1 1 1 1 1 1 1 1 1],0.7728619575500488,30,0.1,0.1
oneMax,25,-25,3840,[1 1 1 1 1 1 1 1 1 1 1 1 1 1 1 1 1 1 1 1 1 1 1 1 1],0.7594070434570312,30,0.1,0.1
oneMax,25,-25,8190,[1 1 1 1 1 1 1 1 1 1 1 1 1 1 1 1 1 1 1 1 1 1 1 1 1],0.7497739791870117,30,0.1,0.1
oneMax,25,-25,3690,[1 1 1 1 1 1 1 1 1 1 1 1 1 1 1 1 1 1 1 1 1 1 1 1 1],0.7623260021209717,30,0.1,0.1
oneMax,25,-25,2370,[1 1 1 1 1 1 1 1 1 1 1 1 1 1 1 1 1 1 1 1 1 1 1 1 1],0.6808168888092041,30,0.1,0.1
oneMax,25,-25,8250,[1 1 1 1 1 1 1 1 1 1 1 1 1 1 1 1 1 1 1 1 1 1 1 1 1],0.7498140335083008,30,0.1,0.1
oneMax,25,-25,6360,[1 1 1 1 1 1 1 1 1 1 1 1 1 1 1 1 1 1 1 1 1 1 1 1 1],0.6725499629974365,30,0.1,0.1
oneMax,25,-25,2400,[1 1 1 1 1 1 1 1 1 1 1 1 1 1 1 1 1 1 1 1 1 1 1 1 1],0.6698348522186279,30,0.1,0.1
oneMax,36,-36,6030,[1 1 1 1 1 1 1 1 1 1 1 1 1 1 1 1 1 1 1 1 1 1 1 1 1 1 1 1 1 1 1 1 1 1 1 1],0.9412240982055664,30,0.1,0.1
oneMax,36,-36,13410,[1 1 1 1 1 1 1 1 1 1 1 1 1 1 1 1 1 1 1 1 1 1 1 1 1 1 1 1 1 1 1 1 1 1 1 1],0.7156951427459717,30,0.1,0.1
oneMax,36,-36,12210,[1 1 1 1 1 1 1 1 1 1 1 1 1 1 1 1 1 1 1 1 1 1 1 1 1 1 1 1 1 1 1 1 1 1 1 1],0.6879451274871826,30,0.1,0.1
oneMax,36,-36,10500,[1 1 1 1 1 1 1 1 1 1 1 1 1 1 1 1 1 1 1 1 1 1 1 1 1 1 1 1 1 1 1 1 1 1 1 1],0.6845381259918213,30,0.1,0.1
oneMax,36,-36,16200,[1 1 1 1 1 1 1 1 1 1 1 1 1 1 1 1 1 1 1 1 1 1 1 1 1 1 1 1 1 1 1 1 1 1 1 1],0.8327779769897461,30,0.1,0.1
oneMax,36,-36,14460,[1 1 1 1 1 1 1 1 1 1 1 1 1 1 1 1 1 1 1 1 1 1 1 1 1 1 1 1 1 1 1 1 1 1 1 1],0.7392759323120117,30,0.1,0.1
oneMax,36,-36,14220,[1 1 1 1 1 1 1 1 1 1 1 1 1 1 1 1 1 1 1 1 1 1 1 1 1 1 1 1 1 1 1 1 1 1 1 1],0.6779158115386963,30,0.1,0.1
oneMax,36,-36,8160,[1 1 1 1 1 1 1 1 1 1 1 1 1 1 1 1 1 1 1 1 1 1 1 1 1 1 1 1 1 1 1 1 1 1 1 1],0.677271842956543,30,0.1,0.1
oneMax,36,-36,10290,[1 1 1 1 1 1 1 1 1 1 1 1 1 1 1 1 1 1 1 1 1 1 1 1 1 1 1 1 1 1 1 1 1 1 1 1],0.6902668476104736,30,0.1,0.1
oneMax,36,-36,6750,[1 1 1 1 1 1 1 1 1 1 1 1 1 1 1 1 1 1 1 1 1 1 1 1 1 1 1 1 1 1 1 1 1 1 1 1],0.6849229335784912,30,0.1,0.1
oneMax,36,-36,9450,[1 1 1 1 1 1 1 1 1 1 1 1 1 1 1 1 1 1 1 1 1 1 1 1 1 1 1 1 1 1 1 1 1 1 1 1],0.699275016784668,30,0.1,0.1
oneMax,36,-36,6480,[1 1 1 1 1 1 1 1 1 1 1 1 1 1 1 1 1 1 1 1 1 1 1 1 1 1 1 1 1 1 1 1 1 1 1 1],0.6864440441131592,30,0.1,0.1
oneMax,36,-36,12330,[1 1 1 1 1 1 1 1 1 1 1 1 1 1 1 1 1 1 1 1 1 1 1 1 1 1 1 1 1 1 1 1 1 1 1 1],0.8180110454559326,30,0.1,0.1
oneMax,36,-36,6360,[1 1 1 1 1 1 1 1 1 1 1 1 1 1 1 1 1 1 1 1 1 1 1 1 1 1 1 1 1 1 1 1 1 1 1 1],0.850153923034668,30,0.1,0.1
oneMax,36,-36,13110,[1 1 1 1 1 1 1 1 1 1 1 1 1 1 1 1 1 1 1 1 1 1 1 1 1 1 1 1 1 1 1 1 1 1 1 1],0.7216439247131348,30,0.1,0.1
oneMax,36,-36,16380,[1 1 1 1 1 1 1 1 1 1 1 1 1 1 1 1 1 1 1 1 1 1 1 1 1 1 1 1 1 1 1 1 1 1 1 1],0.7110469341278076,30,0.1,0.1
oneMax,36,-36,8250,[1 1 1 1 1 1 1 1 1 1 1 1 1 1 1 1 1 1 1 1 1 1 1 1 1 1 1 1 1 1 1 1 1 1 1 1],0.6868109703063965,30,0.1,0.1
oneMax,36,-36,15960,[1 1 1 1 1 1 1 1 1 1 1 1 1 1 1 1 1 1 1 1 1 1 1 1 1 1 1 1 1 1 1 1 1 1 1 1],0.7034649848937988,30,0.1,0.1
oneMax,36,-36,10140,[1 1 1 1 1 1 1 1 1 1 1 1 1 1 1 1 1 1 1 1 1 1 1 1 1 1 1 1 1 1 1 1 1 1 1 1],0.6727700233459473,30,0.1,0.1
oneMax,36,-36,15780,[1 1 1 1 1 1 1 1 1 1 1 1 1 1 1 1 1 1 1 1 1 1 1 1 1 1 1 1 1 1 1 1 1 1 1 1],0.6839308738708496,30,0.1,0.1
oneMax,36,-36,8700,[1 1 1 1 1 1 1 1 1 1 1 1 1 1 1 1 1 1 1 1 1 1 1 1 1 1 1 1 1 1 1 1 1 1 1 1],1.501481056213379,30,0.1,0.1
oneMax,36,-36,12330,[1 1 1 1 1 1 1 1 1 1 1 1 1 1 1 1 1 1 1 1 1 1 1 1 1 1 1 1 1 1 1 1 1 1 1 1],0.8693399429321289,30,0.1,0.1
oneMax,36,-36,10350,[1 1 1 1 1 1 1 1 1 1 1 1 1 1 1 1 1 1 1 1 1 1 1 1 1 1 1 1 1 1 1 1 1 1 1 1],0.763502836227417,30,0.1,0.1
oneMax,36,-36,12150,[1 1 1 1 1 1 1 1 1 1 1 1 1 1 1 1 1 1 1 1 1 1 1 1 1 1 1 1 1 1 1 1 1 1 1 1],0.7776861190795898,30,0.1,0.1
oneMax,36,-36,14220,[1 1 1 1 1 1 1 1 1 1 1 1 1 1 1 1 1 1 1 1 1 1 1 1 1 1 1 1 1 1 1 1 1 1 1 1],0.830653190612793,30,0.1,0.1
oneMax,36,-36,7230,[1 1 1 1 1 1 1 1 1 1 1 1 1 1 1 1 1 1 1 1 1 1 1 1 1 1 1 1 1 1 1 1 1 1 1 1],0.7253038883209229,30,0.1,0.1
oneMax,36,-36,6360,[1 1 1 1 1 1 1 1 1 1 1 1 1 1 1 1 1 1 1 1 1 1 1 1 1 1 1 1 1 1 1 1 1 1 1 1],0.6815221309661865,30,0.1,0.1
oneMax,36,-36,16110,[1 1 1 1 1 1 1 1 1 1 1 1 1 1 1 1 1 1 1 1 1 1 1 1 1 1 1 1 1 1 1 1 1 1 1 1],0.6790099143981934,30,0.1,0.1
oneMax,36,-36,16170,[1 1 1 1 1 1 1 1 1 1 1 1 1 1 1 1 1 1 1 1 1 1 1 1 1 1 1 1 1 1 1 1 1 1 1 1],0.6695480346679688,30,0.1,0.1
oneMax,36,-36,12330,[1 1 1 1 1 1 1 1 1 1 1 1 1 1 1 1 1 1 1 1 1 1 1 1 1 1 1 1 1 1 1 1 1 1 1 1],0.72776198387146,30,0.1,0.1
oneMax,64,-64,16200,"[1 1 1 1 1 1 1 1 1 1 1 1 1 1 1 1 1 1 1 1 1 1 1 1 1 1 1 1 1 1 1 1 1 1 1 1 1
 1 1 1 1 1 1 1 1 1 1 1 1 1 1 1 1 1 1 1 1 1 1 1 1 1 1 1]",0.732140064239502,30,0.1,0.1
oneMax,64,-64,22380,"[1 1 1 1 1 1 1 1 1 1 1 1 1 1 1 1 1 1 1 1 1 1 1 1 1 1 1 1 1 1 1 1 1 1 1 1 1
 1 1 1 1 1 1 1 1 1 1 1 1 1 1 1 1 1 1 1 1 1 1 1 1 1 1 1]",0.7411949634552002,30,0.1,0.1
oneMax,64,-63,32730,"[1 1 1 1 1 1 1 1 1 1 1 1 1 1 1 1 1 1 1 1 1 1 1 0 1 1 1 1 1 1 1 1 1 1 1 1 1
 1 1 1 1 1 1 1 1 1 1 1 1 1 1 1 1 1 1 1 1 1 1 1 1 1 1 1]",0.731971025466919,30,0.1,0.1
oneMax,64,-63,22500,"[1 1 1 1 1 1 1 1 1 1 1 0 1 1 1 1 1 1 1 1 1 1 1 1 1 1 1 1 1 1 1 1 1 1 1 1 1
 1 1 1 1 1 1 1 1 1 1 1 1 1 1 1 1 1 1 1 1 1 1 1 1 1 1 1]",0.7359271049499512,30,0.1,0.1
oneMax,64,-64,30660,"[1 1 1 1 1 1 1 1 1 1 1 1 1 1 1 1 1 1 1 1 1 1 1 1 1 1 1 1 1 1 1 1 1 1 1 1 1
 1 1 1 1 1 1 1 1 1 1 1 1 1 1 1 1 1 1 1 1 1 1 1 1 1 1 1]",0.7325069904327393,30,0.1,0.1
oneMax,64,-64,13140,"[1 1 1 1 1 1 1 1 1 1 1 1 1 1 1 1 1 1 1 1 1 1 1 1 1 1 1 1 1 1 1 1 1 1 1 1 1
 1 1 1 1 1 1 1 1 1 1 1 1 1 1 1 1 1 1 1 1 1 1 1 1 1 1 1]",0.7405390739440918,30,0.1,0.1
oneMax,64,-63,18510,"[1 1 1 1 1 1 1 1 1 1 1 1 1 1 0 1 1 1 1 1 1 1 1 1 1 1 1 1 1 1 1 1 1 1 1 1 1
 1 1 1 1 1 1 1 1 1 1 1 1 1 1 1 1 1 1 1 1 1 1 1 1 1 1 1]",0.7398159503936768,30,0.1,0.1
oneMax,64,-64,24180,"[1 1 1 1 1 1 1 1 1 1 1 1 1 1 1 1 1 1 1 1 1 1 1 1 1 1 1 1 1 1 1 1 1 1 1 1 1
 1 1 1 1 1 1 1 1 1 1 1 1 1 1 1 1 1 1 1 1 1 1 1 1 1 1 1]",0.8133180141448975,30,0.1,0.1
oneMax,64,-64,14250,"[1 1 1 1 1 1 1 1 1 1 1 1 1 1 1 1 1 1 1 1 1 1 1 1 1 1 1 1 1 1 1 1 1 1 1 1 1
 1 1 1 1 1 1 1 1 1 1 1 1 1 1 1 1 1 1 1 1 1 1 1 1 1 1 1]",0.9465348720550537,30,0.1,0.1
oneMax,64,-64,23190,"[1 1 1 1 1 1 1 1 1 1 1 1 1 1 1 1 1 1 1 1 1 1 1 1 1 1 1 1 1 1 1 1 1 1 1 1 1
 1 1 1 1 1 1 1 1 1 1 1 1 1 1 1 1 1 1 1 1 1 1 1 1 1 1 1]",0.9058129787445068,30,0.1,0.1
oneMax,64,-64,36120,"[1 1 1 1 1 1 1 1 1 1 1 1 1 1 1 1 1 1 1 1 1 1 1 1 1 1 1 1 1 1 1 1 1 1 1 1 1
 1 1 1 1 1 1 1 1 1 1 1 1 1 1 1 1 1 1 1 1 1 1 1 1 1 1 1]",0.9124858379364014,30,0.1,0.1
oneMax,64,-64,33150,"[1 1 1 1 1 1 1 1 1 1 1 1 1 1 1 1 1 1 1 1 1 1 1 1 1 1 1 1 1 1 1 1 1 1 1 1 1
 1 1 1 1 1 1 1 1 1 1 1 1 1 1 1 1 1 1 1 1 1 1 1 1 1 1 1]",0.8489930629730225,30,0.1,0.1
oneMax,64,-64,16950,"[1 1 1 1 1 1 1 1 1 1 1 1 1 1 1 1 1 1 1 1 1 1 1 1 1 1 1 1 1 1 1 1 1 1 1 1 1
 1 1 1 1 1 1 1 1 1 1 1 1 1 1 1 1 1 1 1 1 1 1 1 1 1 1 1]",0.7283809185028076,30,0.1,0.1
oneMax,64,-64,16440,"[1 1 1 1 1 1 1 1 1 1 1 1 1 1 1 1 1 1 1 1 1 1 1 1 1 1 1 1 1 1 1 1 1 1 1 1 1
 1 1 1 1 1 1 1 1 1 1 1 1 1 1 1 1 1 1 1 1 1 1 1 1 1 1 1]",0.7467858791351318,30,0.1,0.1
oneMax,64,-64,18270,"[1 1 1 1 1 1 1 1 1 1 1 1 1 1 1 1 1 1 1 1 1 1 1 1 1 1 1 1 1 1 1 1 1 1 1 1 1
 1 1 1 1 1 1 1 1 1 1 1 1 1 1 1 1 1 1 1 1 1 1 1 1 1 1 1]",0.7639329433441162,30,0.1,0.1
oneMax,64,-64,18120,"[1 1 1 1 1 1 1 1 1 1 1 1 1 1 1 1 1 1 1 1 1 1 1 1 1 1 1 1 1 1 1 1 1 1 1 1 1
 1 1 1 1 1 1 1 1 1 1 1 1 1 1 1 1 1 1 1 1 1 1 1 1 1 1 1]",0.9050078392028809,30,0.1,0.1
oneMax,64,-64,36510,"[1 1 1 1 1 1 1 1 1 1 1 1 1 1 1 1 1 1 1 1 1 1 1 1 1 1 1 1 1 1 1 1 1 1 1 1 1
 1 1 1 1 1 1 1 1 1 1 1 1 1 1 1 1 1 1 1 1 1 1 1 1 1 1 1]",0.7438559532165527,30,0.1,0.1
oneMax,64,-64,25380,"[1 1 1 1 1 1 1 1 1 1 1 1 1 1 1 1 1 1 1 1 1 1 1 1 1 1 1 1 1 1 1 1 1 1 1 1 1
 1 1 1 1 1 1 1 1 1 1 1 1 1 1 1 1 1 1 1 1 1 1 1 1 1 1 1]",0.7391338348388672,30,0.1,0.1
oneMax,64,-63,32640,"[1 1 1 1 1 1 1 1 1 1 1 1 1 1 1 1 1 1 0 1 1 1 1 1 1 1 1 1 1 1 1 1 1 1 1 1 1
 1 1 1 1 1 1 1 1 1 1 1 1 1 1 1 1 1 1 1 1 1 1 1 1 1 1 1]",0.7378299236297607,30,0.1,0.1
oneMax,64,-64,34800,"[1 1 1 1 1 1 1 1 1 1 1 1 1 1 1 1 1 1 1 1 1 1 1 1 1 1 1 1 1 1 1 1 1 1 1 1 1
 1 1 1 1 1 1 1 1 1 1 1 1 1 1 1 1 1 1 1 1 1 1 1 1 1 1 1]",0.7866010665893555,30,0.1,0.1
oneMax,64,-64,22860,"[1 1 1 1 1 1 1 1 1 1 1 1 1 1 1 1 1 1 1 1 1 1 1 1 1 1 1 1 1 1 1 1 1 1 1 1 1
 1 1 1 1 1 1 1 1 1 1 1 1 1 1 1 1 1 1 1 1 1 1 1 1 1 1 1]",0.7429540157318115,30,0.1,0.1
oneMax,64,-64,20250,"[1 1 1 1 1 1 1 1 1 1 1 1 1 1 1 1 1 1 1 1 1 1 1 1 1 1 1 1 1 1 1 1 1 1 1 1 1
 1 1 1 1 1 1 1 1 1 1 1 1 1 1 1 1 1 1 1 1 1 1 1 1 1 1 1]",1.0197629928588867,30,0.1,0.1
oneMax,64,-64,18090,"[1 1 1 1 1 1 1 1 1 1 1 1 1 1 1 1 1 1 1 1 1 1 1 1 1 1 1 1 1 1 1 1 1 1 1 1 1
 1 1 1 1 1 1 1 1 1 1 1 1 1 1 1 1 1 1 1 1 1 1 1 1 1 1 1]",0.7369029521942139,30,0.1,0.1
oneMax,64,-64,20310,"[1 1 1 1 1 1 1 1 1 1 1 1 1 1 1 1 1 1 1 1 1 1 1 1 1 1 1 1 1 1 1 1 1 1 1 1 1
 1 1 1 1 1 1 1 1 1 1 1 1 1 1 1 1 1 1 1 1 1 1 1 1 1 1 1]",0.789207935333252,30,0.1,0.1
oneMax,64,-64,30630,"[1 1 1 1 1 1 1 1 1 1 1 1 1 1 1 1 1 1 1 1 1 1 1 1 1 1 1 1 1 1 1 1 1 1 1 1 1
 1 1 1 1 1 1 1 1 1 1 1 1 1 1 1 1 1 1 1 1 1 1 1 1 1 1 1]",0.7705419063568115,30,0.1,0.1
oneMax,64,-64,21030,"[1 1 1 1 1 1 1 1 1 1 1 1 1 1 1 1 1 1 1 1 1 1 1 1 1 1 1 1 1 1 1 1 1 1 1 1 1
 1 1 1 1 1 1 1 1 1 1 1 1 1 1 1 1 1 1 1 1 1 1 1 1 1 1 1]",0.7746710777282715,30,0.1,0.1
oneMax,64,-64,25020,"[1 1 1 1 1 1 1 1 1 1 1 1 1 1 1 1 1 1 1 1 1 1 1 1 1 1 1 1 1 1 1 1 1 1 1 1 1
 1 1 1 1 1 1 1 1 1 1 1 1 1 1 1 1 1 1 1 1 1 1 1 1 1 1 1]",0.750960111618042,30,0.1,0.1
oneMax,64,-64,31170,"[1 1 1 1 1 1 1 1 1 1 1 1 1 1 1 1 1 1 1 1 1 1 1 1 1 1 1 1 1 1 1 1 1 1 1 1 1
 1 1 1 1 1 1 1 1 1 1 1 1 1 1 1 1 1 1 1 1 1 1 1 1 1 1 1]",0.7576589584350586,30,0.1,0.1
oneMax,64,-64,22170,"[1 1 1 1 1 1 1 1 1 1 1 1 1 1 1 1 1 1 1 1 1 1 1 1 1 1 1 1 1 1 1 1 1 1 1 1 1
 1 1 1 1 1 1 1 1 1 1 1 1 1 1 1 1 1 1 1 1 1 1 1 1 1 1 1]",1.1438109874725342,30,0.1,0.1
oneMax,64,-64,18930,"[1 1 1 1 1 1 1 1 1 1 1 1 1 1 1 1 1 1 1 1 1 1 1 1 1 1 1 1 1 1 1 1 1 1 1 1 1
 1 1 1 1 1 1 1 1 1 1 1 1 1 1 1 1 1 1 1 1 1 1 1 1 1 1 1]",0.8937139511108398,30,0.1,0.1
oneMax,100,-100,24600,"[1 1 1 1 1 1 1 1 1 1 1 1 1 1 1 1 1 1 1 1 1 1 1 1 1 1 1 1 1 1 1 1 1 1 1 1 1
 1 1 1 1 1 1 1 1 1 1 1 1 1 1 1 1 1 1 1 1 1 1 1 1 1 1 1 1 1 1 1 1 1 1 1 1 1
 1 1 1 1 1 1 1 1 1 1 1 1 1 1 1 1 1 1 1 1 1 1 1 1 1 1]",0.923353910446167,30,0.1,0.1
oneMax,100,-98,33360,"[1 1 1 1 1 1 1 1 1 1 1 1 1 1 1 1 1 1 1 1 1 1 1 1 1 1 1 1 0 1 1 1 1 1 1 1 1
 1 1 1 1 1 1 1 1 1 0 1 1 1 1 1 1 1 1 1 1 1 1 1 1 1 1 1 1 1 1 1 1 1 1 1 1 1
 1 1 1 1 1 1 1 1 1 1 1 1 1 1 1 1 1 1 1 1 1 1 1 1 1 1]",0.8519959449768066,30,0.1,0.1
oneMax,100,-100,29340,"[1 1 1 1 1 1 1 1 1 1 1 1 1 1 1 1 1 1 1 1 1 1 1 1 1 1 1 1 1 1 1 1 1 1 1 1 1
 1 1 1 1 1 1 1 1 1 1 1 1 1 1 1 1 1 1 1 1 1 1 1 1 1 1 1 1 1 1 1 1 1 1 1 1 1
 1 1 1 1 1 1 1 1 1 1 1 1 1 1 1 1 1 1 1 1 1 1 1 1 1 1]",0.8298418521881104,30,0.1,0.1
oneMax,100,-97,29250,"[1 1 1 1 1 1 1 1 1 1 1 1 1 1 1 1 1 1 1 1 1 1 1 1 1 1 1 1 1 1 1 1 1 1 1 1 1
 1 1 0 1 1 1 1 1 1 1 1 1 1 1 1 1 1 1 1 1 1 1 1 1 1 1 1 1 1 1 1 1 1 1 1 1 1
 1 0 1 1 1 1 1 1 1 1 1 1 0 1 1 1 1 1 1 1 1 1 1 1 1 1]",0.9909608364105225,30,0.1,0.1
oneMax,100,-98,31320,"[1 1 1 1 1 1 1 1 1 1 1 1 1 1 1 1 1 1 1 1 1 1 1 1 1 1 1 1 1 1 1 1 1 1 0 1 1
 1 1 1 1 1 1 1 1 1 1 1 1 1 1 1 1 1 1 1 1 1 1 1 1 1 1 1 1 1 1 1 1 1 0 1 1 1
 1 1 1 1 1 1 1 1 1 1 1 1 1 1 1 1 1 1 1 1 1 1 1 1 1 1]",0.88761305809021,30,0.1,0.1
oneMax,100,-99,38280,"[1 1 1 1 1 1 1 1 1 1 1 1 1 1 1 1 1 1 1 1 1 1 1 1 1 1 1 1 1 1 1 1 1 1 1 1 1
 1 1 1 1 1 1 1 1 1 1 1 1 1 1 1 1 1 1 1 1 1 1 1 1 1 1 1 1 1 1 1 1 0 1 1 1 1
 1 1 1 1 1 1 1 1 1 1 1 1 1 1 1 1 1 1 1 1 1 1 1 1 1 1]",0.812312126159668,30,0.1,0.1
oneMax,100,-100,24930,"[1 1 1 1 1 1 1 1 1 1 1 1 1 1 1 1 1 1 1 1 1 1 1 1 1 1 1 1 1 1 1 1 1 1 1 1 1
 1 1 1 1 1 1 1 1 1 1 1 1 1 1 1 1 1 1 1 1 1 1 1 1 1 1 1 1 1 1 1 1 1 1 1 1 1
 1 1 1 1 1 1 1 1 1 1 1 1 1 1 1 1 1 1 1 1 1 1 1 1 1 1]",0.8219408988952637,30,0.1,0.1
oneMax,100,-100,26310,"[1 1 1 1 1 1 1 1 1 1 1 1 1 1 1 1 1 1 1 1 1 1 1 1 1 1 1 1 1 1 1 1 1 1 1 1 1
 1 1 1 1 1 1 1 1 1 1 1 1 1 1 1 1 1 1 1 1 1 1 1 1 1 1 1 1 1 1 1 1 1 1 1 1 1
 1 1 1 1 1 1 1 1 1 1 1 1 1 1 1 1 1 1 1 1 1 1 1 1 1 1]",0.813291072845459,30,0.1,0.1
oneMax,100,-98,25380,"[1 1 1 1 1 1 1 1 1 1 1 1 1 1 1 1 1 1 1 1 1 1 1 0 1 1 1 1 1 1 1 1 1 1 1 1 1
 1 1 1 1 1 1 1 1 1 1 1 1 1 1 1 1 1 1 1 1 1 1 1 1 1 1 1 1 1 1 1 1 1 1 1 1 1
 1 1 1 1 1 0 1 1 1 1 1 1 1 1 1 1 1 1 1 1 1 1 1 1 1 1]",0.8110480308532715,30,0.1,0.1
oneMax,100,-99,26430,"[1 1 1 1 1 1 1 1 1 1 1 1 1 1 1 1 1 1 1 1 1 1 1 1 1 1 1 1 1 1 1 1 1 1 1 1 1
 1 1 1 1 1 1 1 1 1 1 1 1 1 1 1 1 1 1 1 1 1 1 1 1 1 1 1 1 1 1 1 1 1 1 1 1 1
 1 1 1 1 1 0 1 1 1 1 1 1 1 1 1 1 1 1 1 1 1 1 1 1 1 1]",0.830496072769165,30,0.1,0.1
oneMax,100,-97,28800,"[1 1 1 1 1 1 1 1 1 1 1 1 1 1 1 1 1 1 0 1 0 1 1 1 1 0 1 1 1 1 1 1 1 1 1 1 1
 1 1 1 1 1 1 1 1 1 1 1 1 1 1 1 1 1 1 1 1 1 1 1 1 1 1 1 1 1 1 1 1 1 1 1 1 1
 1 1 1 1 1 1 1 1 1 1 1 1 1 1 1 1 1 1 1 1 1 1 1 1 1 1]",0.8598971366882324,30,0.1,0.1
oneMax,100,-96,24300,"[1 0 1 1 1 1 1 1 1 1 1 1 1 1 1 1 0 1 1 1 1 1 1 1 1 1 1 1 1 1 1 1 1 1 1 1 1
 1 1 0 1 1 1 1 1 1 1 1 1 1 1 1 1 1 1 1 1 1 1 1 1 1 1 1 1 1 1 1 1 1 1 1 1 1
 1 1 1 1 1 0 1 1 1 1 1 1 1 1 1 1 1 1 1 1 1 1 1 1 1 1]",0.8395612239837646,30,0.1,0.1
oneMax,100,-97,20490,"[1 1 1 1 1 1 1 1 1 1 1 1 1 1 1 1 1 1 1 1 1 1 1 1 1 1 1 1 1 1 1 1 1 1 1 1 1
 1 1 1 1 1 1 0 1 1 1 1 1 1 1 1 1 1 1 0 1 1 1 1 1 1 1 1 1 1 1 1 1 1 1 1 1 1
 1 1 1 1 1 1 1 1 1 0 1 1 1 1 1 1 1 1 1 1 1 1 1 1 1 1]",0.8198621273040771,30,0.1,0.1
oneMax,100,-99,38310,"[1 1 1 1 1 0 1 1 1 1 1 1 1 1 1 1 1 1 1 1 1 1 1 1 1 1 1 1 1 1 1 1 1 1 1 1 1
 1 1 1 1 1 1 1 1 1 1 1 1 1 1 1 1 1 1 1 1 1 1 1 1 1 1 1 1 1 1 1 1 1 1 1 1 1
 1 1 1 1 1 1 1 1 1 1 1 1 1 1 1 1 1 1 1 1 1 1 1 1 1 1]",0.8094639778137207,30,0.1,0.1
oneMax,100,-97,21030,"[0 1 1 1 1 1 1 1 1 1 1 1 1 1 1 1 1 1 1 1 1 1 1 1 1 1 1 1 1 1 1 1 1 1 1 1 0
 1 1 1 1 1 1 1 1 1 1 1 1 1 1 1 1 0 1 1 1 1 1 1 1 1 1 1 1 1 1 1 1 1 1 1 1 1
 1 1 1 1 1 1 1 1 1 1 1 1 1 1 1 1 1 1 1 1 1 1 1 1 1 1]",1.0557379722595215,30,0.1,0.1
oneMax,100,-100,38100,"[1 1 1 1 1 1 1 1 1 1 1 1 1 1 1 1 1 1 1 1 1 1 1 1 1 1 1 1 1 1 1 1 1 1 1 1 1
 1 1 1 1 1 1 1 1 1 1 1 1 1 1 1 1 1 1 1 1 1 1 1 1 1 1 1 1 1 1 1 1 1 1 1 1 1
 1 1 1 1 1 1 1 1 1 1 1 1 1 1 1 1 1 1 1 1 1 1 1 1 1 1]",0.9678819179534912,30,0.1,0.1
oneMax,100,-98,38490,"[1 1 1 1 1 1 1 1 1 1 1 1 1 1 1 1 1 1 1 1 1 1 1 1 1 0 1 1 1 1 1 1 1 1 1 1 1
 1 1 1 1 1 1 1 1 1 1 1 1 1 1 1 1 1 1 1 1 1 1 1 1 1 1 1 1 1 1 1 1 1 1 1 1 1
 1 1 1 1 1 1 1 1 1 1 1 0 1 1 1 1 1 1 1 1 1 1 1 1 1 1]",0.8290579319000244,30,0.1,0.1
oneMax,100,-98,22800,"[1 1 1 1 1 1 1 1 1 1 1 1 1 1 1 1 1 1 1 1 1 1 1 1 1 1 1 1 1 1 1 1 1 1 1 1 1
 1 1 1 1 1 1 1 1 1 1 1 1 1 1 1 1 1 1 1 1 1 1 1 1 1 1 1 1 1 0 1 1 1 1 1 1 1
 1 1 1 1 1 1 1 1 1 1 0 1 1 1 1 1 1 1 1 1 1 1 1 1 1 1]",0.8218021392822266,30,0.1,0.1
oneMax,100,-98,33390,"[1 1 1 1 1 1 1 1 1 1 1 1 1 1 1 1 1 1 1 1 1 1 1 1 1 1 1 1 1 1 1 1 1 1 1 1 1
 1 1 1 1 1 1 1 1 1 1 1 1 1 1 0 1 1 1 1 1 1 1 1 1 1 1 1 1 1 1 1 1 1 1 1 1 1
 1 1 1 1 1 1 1 1 1 1 1 1 0 1 1 1 1 1 1 1 1 1 1 1 1 1]",0.8311951160430908,30,0.1,0.1
oneMax,100,-97,21570,"[1 1 1 0 1 1 1 1 1 1 1 1 1 1 1 1 1 1 1 1 1 1 1 1 1 1 1 1 1 1 1 1 1 1 1 1 1
 1 1 1 1 1 1 1 0 1 1 1 1 0 1 1 1 1 1 1 1 1 1 1 1 1 1 1 1 1 1 1 1 1 1 1 1 1
 1 1 1 1 1 1 1 1 1 1 1 1 1 1 1 1 1 1 1 1 1 1 1 1 1 1]",0.8196790218353271,30,0.1,0.1
oneMax,100,-100,24600,"[1 1 1 1 1 1 1 1 1 1 1 1 1 1 1 1 1 1 1 1 1 1 1 1 1 1 1 1 1 1 1 1 1 1 1 1 1
 1 1 1 1 1 1 1 1 1 1 1 1 1 1 1 1 1 1 1 1 1 1 1 1 1 1 1 1 1 1 1 1 1 1 1 1 1
 1 1 1 1 1 1 1 1 1 1 1 1 1 1 1 1 1 1 1 1 1 1 1 1 1 1]",0.8410100936889648,30,0.1,0.1
oneMax,100,-100,36150,"[1 1 1 1 1 1 1 1 1 1 1 1 1 1 1 1 1 1 1 1 1 1 1 1 1 1 1 1 1 1 1 1 1 1 1 1 1
 1 1 1 1 1 1 1 1 1 1 1 1 1 1 1 1 1 1 1 1 1 1 1 1 1 1 1 1 1 1 1 1 1 1 1 1 1
 1 1 1 1 1 1 1 1 1 1 1 1 1 1 1 1 1 1 1 1 1 1 1 1 1 1]",0.8519210815429688,30,0.1,0.1
oneMax,100,-99,34200,"[1 1 1 1 1 1 1 1 1 1 1 1 1 1 1 1 1 1 1 1 1 1 1 1 1 1 1 1 1 1 1 1 1 1 1 1 1
 1 1 1 1 1 1 1 1 1 1 1 1 1 1 1 1 1 1 1 1 1 1 1 1 1 1 1 1 1 1 1 1 1 1 1 1 1
 1 1 1 1 1 1 1 1 1 1 1 1 1 0 1 1 1 1 1 1 1 1 1 1 1 1]",0.8280320167541504,30,0.1,0.1
oneMax,100,-100,32880,"[1 1 1 1 1 1 1 1 1 1 1 1 1 1 1 1 1 1 1 1 1 1 1 1 1 1 1 1 1 1 1 1 1 1 1 1 1
 1 1 1 1 1 1 1 1 1 1 1 1 1 1 1 1 1 1 1 1 1 1 1 1 1 1 1 1 1 1 1 1 1 1 1 1 1
 1 1 1 1 1 1 1 1 1 1 1 1 1 1 1 1 1 1 1 1 1 1 1 1 1 1]",0.8358299732208252,30,0.1,0.1
oneMax,100,-100,28620,"[1 1 1 1 1 1 1 1 1 1 1 1 1 1 1 1 1 1 1 1 1 1 1 1 1 1 1 1 1 1 1 1 1 1 1 1 1
 1 1 1 1 1 1 1 1 1 1 1 1 1 1 1 1 1 1 1 1 1 1 1 1 1 1 1 1 1 1 1 1 1 1 1 1 1
 1 1 1 1 1 1 1 1 1 1 1 1 1 1 1 1 1 1 1 1 1 1 1 1 1 1]",0.8309190273284912,30,0.1,0.1
oneMax,100,-99,38460,"[1 1 1 1 1 1 1 1 1 0 1 1 1 1 1 1 1 1 1 1 1 1 1 1 1 1 1 1 1 1 1 1 1 1 1 1 1
 1 1 1 1 1 1 1 1 1 1 1 1 1 1 1 1 1 1 1 1 1 1 1 1 1 1 1 1 1 1 1 1 1 1 1 1 1
 1 1 1 1 1 1 1 1 1 1 1 1 1 1 1 1 1 1 1 1 1 1 1 1 1 1]",0.8236329555511475,30,0.1,0.1
oneMax,100,-100,32970,"[1 1 1 1 1 1 1 1 1 1 1 1 1 1 1 1 1 1 1 1 1 1 1 1 1 1 1 1 1 1 1 1 1 1 1 1 1
 1 1 1 1 1 1 1 1 1 1 1 1 1 1 1 1 1 1 1 1 1 1 1 1 1 1 1 1 1 1 1 1 1 1 1 1 1
 1 1 1 1 1 1 1 1 1 1 1 1 1 1 1 1 1 1 1 1 1 1 1 1 1 1]",0.8710761070251465,30,0.1,0.1
oneMax,100,-99,21600,"[1 1 1 1 1 1 1 1 1 1 1 1 1 1 1 1 1 1 1 1 1 1 1 1 1 1 1 1 1 1 1 1 1 1 1 1 1
 1 1 1 1 1 1 1 1 1 1 1 1 1 1 1 1 1 1 1 1 1 1 1 1 1 1 1 1 0 1 1 1 1 1 1 1 1
 1 1 1 1 1 1 1 1 1 1 1 1 1 1 1 1 1 1 1 1 1 1 1 1 1 1]",0.8721110820770264,30,0.1,0.1
oneMax,100,-98,33060,"[1 1 0 1 1 1 1 1 1 1 1 1 1 1 1 1 1 1 1 1 1 1 1 1 1 1 1 1 1 1 1 1 1 1 1 1 1
 1 1 1 1 1 1 1 1 1 1 1 1 1 1 1 1 1 1 1 1 1 1 1 1 1 1 1 1 1 1 1 1 1 1 1 1 1
 1 1 1 1 1 1 1 1 1 1 1 1 1 1 1 1 1 1 1 1 1 1 1 0 1 1]",0.8778769969940186,30,0.1,0.1
oneMax,100,-99,20430,"[1 1 1 1 1 1 1 1 1 1 1 1 1 1 1 1 1 1 1 1 1 1 1 1 1 1 1 1 1 1 1 1 1 1 1 1 1
 1 1 1 1 1 1 1 1 1 1 1 1 1 1 1 1 1 1 1 1 1 1 1 1 1 1 1 1 1 1 1 1 1 1 1 1 1
 1 1 1 1 1 1 1 1 1 1 1 1 0 1 1 1 1 1 1 1 1 1 1 1 1 1]",0.827617883682251,30,0.1,0.1
squareWave,16,-16,2400,[0 0 1 1 0 0 1 1 0 0 1 1 0 0 1 1],0.9069211483001709,30,0.1,0.1
squareWave,16,-16,3840,[0 0 1 1 0 0 1 1 0 0 1 1 0 0 1 1],0.8933789730072021,30,0.1,0.1
squareWave,16,-16,4950,[0 0 1 1 0 0 1 1 0 0 1 1 0 0 1 1],0.8932650089263916,30,0.1,0.1
squareWave,16,-16,510,[0 0 1 1 0 0 1 1 0 0 1 1 0 0 1 1],0.9091970920562744,30,0.1,0.1
squareWave,16,-16,2130,[0 0 1 1 0 0 1 1 0 0 1 1 0 0 1 1],0.8861010074615479,30,0.1,0.1
squareWave,16,-16,540,[0 0 1 1 0 0 1 1 0 0 1 1 0 0 1 1],0.898676872253418,30,0.1,0.1
squareWave,16,-16,1830,[0 0 1 1 0 0 1 1 0 0 1 1 0 0 1 1],0.8709299564361572,30,0.1,0.1
squareWave,16,-16,4020,[0 0 1 1 0 0 1 1 0 0 1 1 0 0 1 1],0.8704941272735596,30,0.1,0.1
squareWave,16,-16,480,[0 0 1 1 0 0 1 1 0 0 1 1 0 0 1 1],0.9546821117401123,30,0.1,0.1
squareWave,16,-16,360,[0 0 1 1 0 0 1 1 0 0 1 1 0 0 1 1],0.8920071125030518,30,0.1,0.1
squareWave,16,-16,2190,[0 0 1 1 0 0 1 1 0 0 1 1 0 0 1 1],0.8918449878692627,30,0.1,0.1
squareWave,16,-16,3930,[0 0 1 1 0 0 1 1 0 0 1 1 0 0 1 1],0.9135379791259766,30,0.1,0.1
squareWave,16,-16,4020,[0 0 1 1 0 0 1 1 0 0 1 1 0 0 1 1],0.8687770366668701,30,0.1,0.1
squareWave,16,-16,1860,[0 0 1 1 0 0 1 1 0 0 1 1 0 0 1 1],0.8690519332885742,30,0.1,0.1
squareWave,16,-16,1860,[0 0 1 1 0 0 1 1 0 0 1 1 0 0 1 1],0.8704490661621094,30,0.1,0.1
squareWave,16,-16,4170,[0 0 1 1 0 0 1 1 0 0 1 1 0 0 1 1],0.8746049404144287,30,0.1,0.1
squareWave,16,-16,4200,[0 0 1 1 0 0 1 1 0 0 1 1 0 0 1 1],0.8642029762268066,30,0.1,0.1
squareWave,16,-16,3810,[0 0 1 1 0 0 1 1 0 0 1 1 0 0 1 1],0.9176690578460693,30,0.1,0.1
squareWave,16,-16,6360,[0 0 1 1 0 0 1 1 0 0 1 1 0 0 1 1],0.8922910690307617,30,0.1,0.1
squareWave,16,-16,1050,[0 0 1 1 0 0 1 1 0 0 1 1 0 0 1 1],2.0598340034484863,30,0.1,0.1
squareWave,16,-16,990,[0 0 1 1 0 0 1 1 0 0 1 1 0 0 1 1],1.3724160194396973,30,0.1,0.1
squareWave,16,-16,3930,[0 0 1 1 0 0 1 1 0 0 1 1 0 0 1 1],1.0509049892425537,30,0.1,0.1
squareWave,16,-16,5880,[0 0 1 1 0 0 1 1 0 0 1 1 0 0 1 1],0.958873987197876,30,0.1,0.1
squareWave,16,-16,5880,[0 0 1 1 0 0 1 1 0 0 1 1 0 0 1 1],0.9958460330963135,30,0.1,0.1
squareWave,16,-16,570,[0 0 1 1 0 0 1 1 0 0 1 1 0 0 1 1],0.9056859016418457,30,0.1,0.1
squareWave,16,-16,3720,[0 0 1 1 0 0 1 1 0 0 1 1 0 0 1 1],0.8581140041351318,30,0.1,0.1
squareWave,16,-16,300,[0 0 1 1 0 0 1 1 0 0 1 1 0 0 1 1],0.8580667972564697,30,0.1,0.1
squareWave,16,-16,2280,[0 0 1 1 0 0 1 1 0 0 1 1 0 0 1 1],0.8548390865325928,30,0.1,0.1
squareWave,16,-16,2070,[0 0 1 1 0 0 1 1 0 0 1 1 0 0 1 1],0.8685569763183594,30,0.1,0.1
squareWave,16,-16,510,[0 0 1 1 0 0 1 1 0 0 1 1 0 0 1 1],0.9275591373443604,30,0.1,0.1
squareWave,25,-25,18000,[0 0 0 1 1 0 0 0 1 1 0 0 0 1 1 0 0 0 1 1 0 0 0 1 1],0.9037392139434814,30,0.1,0.1
squareWave,25,-25,2460,[0 0 0 1 1 0 0 0 1 1 0 0 0 1 1 0 0 0 1 1 0 0 0 1 1],0.8811380863189697,30,0.1,0.1
squareWave,25,-25,11820,[0 0 0 1 1 0 0 0 1 1 0 0 0 1 1 0 0 0 1 1 0 0 0 1 1],0.8823909759521484,30,0.1,0.1
squareWave,25,-25,8640,[0 0 0 1 1 0 0 0 1 1 0 0 0 1 1 0 0 0 1 1 0 0 0 1 1],0.9008901119232178,30,0.1,0.1
squareWave,25,-25,12390,[0 0 0 1 1 0 0 0 1 1 0 0 0 1 1 0 0 0 1 1 0 0 0 1 1],0.888761043548584,30,0.1,0.1
squareWave,25,-25,10380,[0 0 0 1 1 0 0 0 1 1 0 0 0 1 1 0 0 0 1 1 0 0 0 1 1],1.0806539058685303,30,0.1,0.1
squareWave,25,-25,8280,[0 0 0 1 1 0 0 0 1 1 0 0 0 1 1 0 0 0 1 1 0 0 0 1 1],10802.604140043259,30,0.1,0.1
squareWave,25,-25,5790,[0 0 0 1 1 0 0 0 1 1 0 0 0 1 1 0 0 0 1 1 0 0 0 1 1],1.0945088863372803,30,0.1,0.1
squareWave,25,-25,8250,[0 0 0 1 1 0 0 0 1 1 0 0 0 1 1 0 0 0 1 1 0 0 0 1 1],1.0220179557800293,30,0.1,0.1
squareWave,25,-25,4230,[0 0 0 1 1 0 0 0 1 1 0 0 0 1 1 0 0 0 1 1 0 0 0 1 1],1.0487680435180664,30,0.1,0.1
squareWave,25,-25,2280,[0 0 0 1 1 0 0 0 1 1 0 0 0 1 1 0 0 0 1 1 0 0 0 1 1],0.9942808151245117,30,0.1,0.1
squareWave,25,-25,4320,[0 0 0 1 1 0 0 0 1 1 0 0 0 1 1 0 0 0 1 1 0 0 0 1 1],1.0456490516662598,30,0.1,0.1
squareWave,25,-25,13470,[0 0 0 1 1 0 0 0 1 1 0 0 0 1 1 0 0 0 1 1 0 0 0 1 1],1.0388619899749756,30,0.1,0.1
squareWave,25,-25,2760,[0 0 0 1 1 0 0 0 1 1 0 0 0 1 1 0 0 0 1 1 0 0 0 1 1],0.9378798007965088,30,0.1,0.1
squareWave,25,-25,4470,[0 0 0 1 1 0 0 0 1 1 0 0 0 1 1 0 0 0 1 1 0 0 0 1 1],1.0257740020751953,30,0.1,0.1
squareWave,25,-25,4830,[0 0 0 1 1 0 0 0 1 1 0 0 0 1 1 0 0 0 1 1 0 0 0 1 1],1.0128560066223145,30,0.1,0.1
squareWave,25,-25,2730,[0 0 0 1 1 0 0 0 1 1 0 0 0 1 1 0 0 0 1 1 0 0 0 1 1],1.1643259525299072,30,0.1,0.1
squareWave,25,-25,2670,[0 0 0 1 1 0 0 0 1 1 0 0 0 1 1 0 0 0 1 1 0 0 0 1 1],11859.15973496437,30,0.1,0.1
squareWave,25,-25,6150,[0 0 0 1 1 0 0 0 1 1 0 0 0 1 1 0 0 0 1 1 0 0 0 1 1],2.261845111846924,30,0.1,0.1
squareWave,25,-25,6150,[0 0 0 1 1 0 0 0 1 1 0 0 0 1 1 0 0 0 1 1 0 0 0 1 1],1.3715488910675049,30,0.1,0.1
squareWave,25,-25,8340,[0 0 0 1 1 0 0 0 1 1 0 0 0 1 1 0 0 0 1 1 0 0 0 1 1],1.0745790004730225,30,0.1,0.1
squareWave,25,-25,14160,[0 0 0 1 1 0 0 0 1 1 0 0 0 1 1 0 0 0 1 1 0 0 0 1 1],0.9825098514556885,30,0.1,0.1
squareWave,25,-25,6270,[0 0 0 1 1 0 0 0 1 1 0 0 0 1 1 0 0 0 1 1 0 0 0 1 1],1.007390022277832,30,0.1,0.1
squareWave,25,-25,5100,[0 0 0 1 1 0 0 0 1 1 0 0 0 1 1 0 0 0 1 1 0 0 0 1 1],0.9991140365600586,30,0.1,0.1
squareWave,25,-25,4440,[0 0 0 1 1 0 0 0 1 1 0 0 0 1 1 0 0 0 1 1 0 0 0 1 1],0.945997953414917,30,0.1,0.1
squareWave,25,-25,4500,[0 0 0 1 1 0 0 0 1 1 0 0 0 1 1 0 0 0 1 1 0 0 0 1 1],1.0895440578460693,30,0.1,0.1
squareWave,25,-25,8340,[0 0 0 1 1 0 0 0 1 1 0 0 0 1 1 0 0 0 1 1 0 0 0 1 1],0.9976730346679688,30,0.1,0.1
squareWave,25,-25,8280,[0 0 0 1 1 0 0 0 1 1 0 0 0 1 1 0 0 0 1 1 0 0 0 1 1],0.9372961521148682,30,0.1,0.1
squareWave,25,-25,5820,[0 0 0 1 1 0 0 0 1 1 0 0 0 1 1 0 0 0 1 1 0 0 0 1 1],0.897104024887085,30,0.1,0.1
squareWave,25,-25,4560,[0 0 0 1 1 0 0 0 1 1 0 0 0 1 1 0 0 0 1 1 0 0 0 1 1],547.1292519569397,30,0.1,0.1
squareWave,36,-36,10200,[0 0 0 1 1 1 0 0 0 1 1 1 0 0 0 1 1 1 0 0 0 1 1 1 0 0 0 1 1 1 0 0 0 1 1 1],1.4900968074798584,30,0.1,0.1
squareWave,36,-36,18300,[0 0 0 1 1 1 0 0 0 1 1 1 0 0 0 1 1 1 0 0 0 1 1 1 0 0 0 1 1 1 0 0 0 1 1 1],1.25392484664917,30,0.1,0.1
squareWave,36,-36,8280,[0 0 0 1 1 1 0 0 0 1 1 1 0 0 0 1 1 1 0 0 0 1 1 1 0 0 0 1 1 1 0 0 0 1 1 1],1.1671268939971924,30,0.1,0.1
squareWave,36,-36,12360,[0 0 0 1 1 1 0 0 0 1 1 1 0 0 0 1 1 1 0 0 0 1 1 1 0 0 0 1 1 1 0 0 0 1 1 1],1.4763238430023193,30,0.1,0.1
squareWave,36,-36,8310,[0 0 0 1 1 1 0 0 0 1 1 1 0 0 0 1 1 1 0 0 0 1 1 1 0 0 0 1 1 1 0 0 0 1 1 1],1.0790138244628906,30,0.1,0.1
squareWave,36,-36,7860,[0 0 0 1 1 1 0 0 0 1 1 1 0 0 0 1 1 1 0 0 0 1 1 1 0 0 0 1 1 1 0 0 0 1 1 1],1.1782488822937012,30,0.1,0.1
squareWave,36,-36,16290,[0 0 0 1 1 1 0 0 0 1 1 1 0 0 0 1 1 1 0 0 0 1 1 1 0 0 0 1 1 1 0 0 0 1 1 1],1.11912202835083,30,0.1,0.1
squareWave,36,-36,15690,[0 0 0 1 1 1 0 0 0 1 1 1 0 0 0 1 1 1 0 0 0 1 1 1 0 0 0 1 1 1 0 0 0 1 1 1],1.3303399085998535,30,0.1,0.1
squareWave,36,-36,24090,[0 0 0 1 1 1 0 0 0 1 1 1 0 0 0 1 1 1 0 0 0 1 1 1 0 0 0 1 1 1 0 0 0 1 1 1],1.5057861804962158,30,0.1,0.1
squareWave,36,-36,12240,[0 0 0 1 1 1 0 0 0 1 1 1 0 0 0 1 1 1 0 0 0 1 1 1 0 0 0 1 1 1 0 0 0 1 1 1],1.5126960277557373,30,0.1,0.1
squareWave,36,-36,16140,[0 0 0 1 1 1 0 0 0 1 1 1 0 0 0 1 1 1 0 0 0 1 1 1 0 0 0 1 1 1 0 0 0 1 1 1],1.575531005859375,30,0.1,0.1
squareWave,36,-36,12360,[0 0 0 1 1 1 0 0 0 1 1 1 0 0 0 1 1 1 0 0 0 1 1 1 0 0 0 1 1 1 0 0 0 1 1 1],1.3082139492034912,30,0.1,0.1
squareWave,36,-36,18360,[0 0 0 1 1 1 0 0 0 1 1 1 0 0 0 1 1 1 0 0 0 1 1 1 0 0 0 1 1 1 0 0 0 1 1 1],1.8509259223937988,30,0.1,0.1
squareWave,36,-36,19260,[0 0 0 1 1 1 0 0 0 1 1 1 0 0 0 1 1 1 0 0 0 1 1 1 0 0 0 1 1 1 0 0 0 1 1 1],1.7367439270019531,30,0.1,0.1
squareWave,36,-36,22950,[0 0 0 1 1 1 0 0 0 1 1 1 0 0 0 1 1 1 0 0 0 1 1 1 0 0 0 1 1 1 0 0 0 1 1 1],1.8134329319000244,30,0.1,0.1
squareWave,36,-36,8280,[0 0 0 1 1 1 0 0 0 1 1 1 0 0 0 1 1 1 0 0 0 1 1 1 0 0 0 1 1 1 0 0 0 1 1 1],1.4792699813842773,30,0.1,0.1
squareWave,36,-36,10410,[0 0 0 1 1 1 0 0 0 1 1 1 0 0 0 1 1 1 0 0 0 1 1 1 0 0 0 1 1 1 0 0 0 1 1 1],1.21602201461792,30,0.1,0.1
squareWave,36,-36,16350,[0 0 0 1 1 1 0 0 0 1 1 1 0 0 0 1 1 1 0 0 0 1 1 1 0 0 0 1 1 1 0 0 0 1 1 1],1.0969212055206299,30,0.1,0.1
squareWave,36,-36,10590,[0 0 0 1 1 1 0 0 0 1 1 1 0 0 0 1 1 1 0 0 0 1 1 1 0 0 0 1 1 1 0 0 0 1 1 1],1.1340358257293701,30,0.1,0.1
squareWave,36,-36,14580,[0 0 0 1 1 1 0 0 0 1 1 1 0 0 0 1 1 1 0 0 0 1 1 1 0 0 0 1 1 1 0 0 0 1 1 1],1.0260238647460938,30,0.1,0.1
squareWave,36,-36,24150,[0 0 0 1 1 1 0 0 0 1 1 1 0 0 0 1 1 1 0 0 0 1 1 1 0 0 0 1 1 1 0 0 0 1 1 1],0.9198861122131348,30,0.1,0.1
squareWave,36,-36,14340,[0 0 0 1 1 1 0 0 0 1 1 1 0 0 0 1 1 1 0 0 0 1 1 1 0 0 0 1 1 1 0 0 0 1 1 1],2.2291510105133057,30,0.1,0.1
squareWave,36,-36,12180,[0 0 0 1 1 1 0 0 0 1 1 1 0 0 0 1 1 1 0 0 0 1 1 1 0 0 0 1 1 1 0 0 0 1 1 1],1.4910101890563965,30,0.1,0.1
squareWave,36,-36,15690,[0 0 0 1 1 1 0 0 0 1 1 1 0 0 0 1 1 1 0 0 0 1 1 1 0 0 0 1 1 1 0 0 0 1 1 1],1.3914611339569092,30,0.1,0.1
squareWave,36,-36,14310,[0 0 0 1 1 1 0 0 0 1 1 1 0 0 0 1 1 1 0 0 0 1 1 1 0 0 0 1 1 1 0 0 0 1 1 1],1.206955909729004,30,0.1,0.1
squareWave,36,-36,16110,[0 0 0 1 1 1 0 0 0 1 1 1 0 0 0 1 1 1 0 0 0 1 1 1 0 0 0 1 1 1 0 0 0 1 1 1],1.0270061492919922,30,0.1,0.1
squareWave,36,-36,18570,[0 0 0 1 1 1 0 0 0 1 1 1 0 0 0 1 1 1 0 0 0 1 1 1 0 0 0 1 1 1 0 0 0 1 1 1],0.9837489128112793,30,0.1,0.1
squareWave,36,-36,12330,[0 0 0 1 1 1 0 0 0 1 1 1 0 0 0 1 1 1 0 0 0 1 1 1 0 0 0 1 1 1 0 0 0 1 1 1],1.0885908603668213,30,0.1,0.1
squareWave,36,-36,12150,[0 0 0 1 1 1 0 0 0 1 1 1 0 0 0 1 1 1 0 0 0 1 1 1 0 0 0 1 1 1 0 0 0 1 1 1],0.987968921661377,30,0.1,0.1
squareWave,36,-36,16500,[0 0 0 1 1 1 0 0 0 1 1 1 0 0 0 1 1 1 0 0 0 1 1 1 0 0 0 1 1 1 0 0 0 1 1 1],1.2741999626159668,30,0.1,0.1
squareWave,64,-64,36360,"[0 0 0 0 1 1 1 1 0 0 0 0 1 1 1 1 0 0 0 0 1 1 1 1 0 0 0 0 1 1 1 1 0 0 0 0 1
 1 1 1 0 0 0 0 1 1 1 1 0 0 0 0 1 1 1 1 0 0 0 0 1 1 1 1]",1.0665981769561768,30,0.1,0.1
squareWave,64,-64,14520,"[0 0 0 0 1 1 1 1 0 0 0 0 1 1 1 1 0 0 0 0 1 1 1 1 0 0 0 0 1 1 1 1 0 0 0 0 1
 1 1 1 0 0 0 0 1 1 1 1 0 0 0 0 1 1 1 1 0 0 0 0 1 1 1 1]",1.310945987701416,30,0.1,0.1
squareWave,64,-64,20790,"[0 0 0 0 1 1 1 1 0 0 0 0 1 1 1 1 0 0 0 0 1 1 1 1 0 0 0 0 1 1 1 1 0 0 0 0 1
 1 1 1 0 0 0 0 1 1 1 1 0 0 0 0 1 1 1 1 0 0 0 0 1 1 1 1]",1.1180369853973389,30,0.1,0.1
squareWave,64,-63,26400,"[0 1 0 0 1 1 1 1 0 0 0 0 1 1 1 1 0 0 0 0 1 1 1 1 0 0 0 0 1 1 1 1 0 0 0 0 1
 1 1 1 0 0 0 0 1 1 1 1 0 0 0 0 1 1 1 1 0 0 0 0 1 1 1 1]",1.0422110557556152,30,0.1,0.1
squareWave,64,-64,22230,"[0 0 0 0 1 1 1 1 0 0 0 0 1 1 1 1 0 0 0 0 1 1 1 1 0 0 0 0 1 1 1 1 0 0 0 0 1
 1 1 1 0 0 0 0 1 1 1 1 0 0 0 0 1 1 1 1 0 0 0 0 1 1 1 1]",1.0373380184173584,30,0.1,0.1
squareWave,64,-64,34110,"[0 0 0 0 1 1 1 1 0 0 0 0 1 1 1 1 0 0 0 0 1 1 1 1 0 0 0 0 1 1 1 1 0 0 0 0 1
 1 1 1 0 0 0 0 1 1 1 1 0 0 0 0 1 1 1 1 0 0 0 0 1 1 1 1]",1.046755075454712,30,0.1,0.1
squareWave,64,-64,37050,"[0 0 0 0 1 1 1 1 0 0 0 0 1 1 1 1 0 0 0 0 1 1 1 1 0 0 0 0 1 1 1 1 0 0 0 0 1
 1 1 1 0 0 0 0 1 1 1 1 0 0 0 0 1 1 1 1 0 0 0 0 1 1 1 1]",1.2334880828857422,30,0.1,0.1
squareWave,64,-64,20370,"[0 0 0 0 1 1 1 1 0 0 0 0 1 1 1 1 0 0 0 0 1 1 1 1 0 0 0 0 1 1 1 1 0 0 0 0 1
 1 1 1 0 0 0 0 1 1 1 1 0 0 0 0 1 1 1 1 0 0 0 0 1 1 1 1]",1.149841070175171,30,0.1,0.1
squareWave,64,-64,12900,"[0 0 0 0 1 1 1 1 0 0 0 0 1 1 1 1 0 0 0 0 1 1 1 1 0 0 0 0 1 1 1 1 0 0 0 0 1
 1 1 1 0 0 0 0 1 1 1 1 0 0 0 0 1 1 1 1 0 0 0 0 1 1 1 1]",1.042198896408081,30,0.1,0.1
squareWave,64,-64,9180,"[0 0 0 0 1 1 1 1 0 0 0 0 1 1 1 1 0 0 0 0 1 1 1 1 0 0 0 0 1 1 1 1 0 0 0 0 1
 1 1 1 0 0 0 0 1 1 1 1 0 0 0 0 1 1 1 1 0 0 0 0 1 1 1 1]",1.6766300201416016,30,0.1,0.1
squareWave,64,-62,24840,"[0 0 0 0 1 1 1 1 0 0 0 0 1 1 1 1 0 0 0 1 1 1 1 1 0 0 0 0 1 1 1 1 0 0 0 0 1
 1 1 1 0 0 0 0 1 1 1 1 0 0 1 0 1 1 1 1 0 0 0 0 1 1 1 1]",1.9306640625,30,0.1,0.1
squareWave,64,-64,18990,"[0 0 0 0 1 1 1 1 0 0 0 0 1 1 1 1 0 0 0 0 1 1 1 1 0 0 0 0 1 1 1 1 0 0 0 0 1
 1 1 1 0 0 0 0 1 1 1 1 0 0 0 0 1 1 1 1 0 0 0 0 1 1 1 1]",1.5443270206451416,30,0.1,0.1
squareWave,64,-64,12690,"[0 0 0 0 1 1 1 1 0 0 0 0 1 1 1 1 0 0 0 0 1 1 1 1 0 0 0 0 1 1 1 1 0 0 0 0 1
 1 1 1 0 0 0 0 1 1 1 1 0 0 0 0 1 1 1 1 0 0 0 0 1 1 1 1]",1.6975440979003906,30,0.1,0.1
squareWave,64,-64,22290,"[0 0 0 0 1 1 1 1 0 0 0 0 1 1 1 1 0 0 0 0 1 1 1 1 0 0 0 0 1 1 1 1 0 0 0 0 1
 1 1 1 0 0 0 0 1 1 1 1 0 0 0 0 1 1 1 1 0 0 0 0 1 1 1 1]",1.4489948749542236,30,0.1,0.1
squareWave,64,-64,16890,"[0 0 0 0 1 1 1 1 0 0 0 0 1 1 1 1 0 0 0 0 1 1 1 1 0 0 0 0 1 1 1 1 0 0 0 0 1
 1 1 1 0 0 0 0 1 1 1 1 0 0 0 0 1 1 1 1 0 0 0 0 1 1 1 1]",1.510368824005127,30,0.1,0.1
squareWave,64,-62,24870,"[0 0 0 0 1 1 0 1 0 0 0 0 1 1 1 1 0 0 0 0 1 1 1 1 0 0 0 1 1 1 1 1 0 0 0 0 1
 1 1 1 0 0 0 0 1 1 1 1 0 0 0 0 1 1 1 1 0 0 0 0 1 1 1 1]",1.7695338726043701,30,0.1,0.1
squareWave,64,-64,24600,"[0 0 0 0 1 1 1 1 0 0 0 0 1 1 1 1 0 0 0 0 1 1 1 1 0 0 0 0 1 1 1 1 0 0 0 0 1
 1 1 1 0 0 0 0 1 1 1 1 0 0 0 0 1 1 1 1 0 0 0 0 1 1 1 1]",1.2477669715881348,30,0.1,0.1
squareWave,64,-64,18240,"[0 0 0 0 1 1 1 1 0 0 0 0 1 1 1 1 0 0 0 0 1 1 1 1 0 0 0 0 1 1 1 1 0 0 0 0 1
 1 1 1 0 0 0 0 1 1 1 1 0 0 0 0 1 1 1 1 0 0 0 0 1 1 1 1]",1.428157091140747,30,0.1,0.1
squareWave,64,-64,16620,"[0 0 0 0 1 1 1 1 0 0 0 0 1 1 1 1 0 0 0 0 1 1 1 1 0 0 0 0 1 1 1 1 0 0 0 0 1
 1 1 1 0 0 0 0 1 1 1 1 0 0 0 0 1 1 1 1 0 0 0 0 1 1 1 1]",1.4803519248962402,30,0.1,0.1
squareWave,64,-64,31470,"[0 0 0 0 1 1 1 1 0 0 0 0 1 1 1 1 0 0 0 0 1 1 1 1 0 0 0 0 1 1 1 1 0 0 0 0 1
 1 1 1 0 0 0 0 1 1 1 1 0 0 0 0 1 1 1 1 0 0 0 0 1 1 1 1]",1.3053619861602783,30,0.1,0.1
squareWave,64,-63,29460,"[0 0 0 0 1 1 1 1 0 0 0 0 1 1 1 1 0 0 0 0 1 1 1 1 0 0 0 0 1 1 1 1 0 0 0 0 1
 1 1 1 0 0 0 0 1 1 1 1 0 1 0 0 1 1 1 1 0 0 0 0 1 1 1 1]",1.1066961288452148,30,0.1,0.1
squareWave,64,-64,27510,"[0 0 0 0 1 1 1 1 0 0 0 0 1 1 1 1 0 0 0 0 1 1 1 1 0 0 0 0 1 1 1 1 0 0 0 0 1
 1 1 1 0 0 0 0 1 1 1 1 0 0 0 0 1 1 1 1 0 0 0 0 1 1 1 1]",1.1155738830566406,30,0.1,0.1
squareWave,64,-63,14490,"[0 1 0 0 1 1 1 1 0 0 0 0 1 1 1 1 0 0 0 0 1 1 1 1 0 0 0 0 1 1 1 1 0 0 0 0 1
 1 1 1 0 0 0 0 1 1 1 1 0 0 0 0 1 1 1 1 0 0 0 0 1 1 1 1]",1.5892589092254639,30,0.1,0.1
squareWave,64,-63,31080,"[0 0 0 0 1 1 1 1 0 0 0 0 1 1 1 1 0 0 0 0 1 1 1 1 0 0 0 0 1 1 1 1 0 0 0 0 1
 1 1 1 0 0 0 0 1 1 1 1 0 0 0 0 1 0 1 1 0 0 0 0 1 1 1 1]",1.428192138671875,30,0.1,0.1
squareWave,64,-64,18390,"[0 0 0 0 1 1 1 1 0 0 0 0 1 1 1 1 0 0 0 0 1 1 1 1 0 0 0 0 1 1 1 1 0 0 0 0 1
 1 1 1 0 0 0 0 1 1 1 1 0 0 0 0 1 1 1 1 0 0 0 0 1 1 1 1]",1.3128340244293213,30,0.1,0.1
squareWave,64,-64,32280,"[0 0 0 0 1 1 1 1 0 0 0 0 1 1 1 1 0 0 0 0 1 1 1 1 0 0 0 0 1 1 1 1 0 0 0 0 1
 1 1 1 0 0 0 0 1 1 1 1 0 0 0 0 1 1 1 1 0 0 0 0 1 1 1 1]",1.116297960281372,30,0.1,0.1
squareWave,64,-64,8460,"[0 0 0 0 1 1 1 1 0 0 0 0 1 1 1 1 0 0 0 0 1 1 1 1 0 0 0 0 1 1 1 1 0 0 0 0 1
 1 1 1 0 0 0 0 1 1 1 1 0 0 0 0 1 1 1 1 0 0 0 0 1 1 1 1]",1.696713924407959,30,0.1,0.1
squareWave,64,-63,20520,"[0 0 0 0 1 1 1 1 0 0 0 0 0 1 1 1 0 0 0 0 1 1 1 1 0 0 0 0 1 1 1 1 0 0 0 0 1
 1 1 1 0 0 0 0 1 1 1 1 0 0 0 0 1 1 1 1 0 0 0 0 1 1 1 1]",1.0699689388275146,30,0.1,0.1
squareWave,64,-64,26460,"[0 0 0 0 1 1 1 1 0 0 0 0 1 1 1 1 0 0 0 0 1 1 1 1 0 0 0 0 1 1 1 1 0 0 0 0 1
 1 1 1 0 0 0 0 1 1 1 1 0 0 0 0 1 1 1 1 0 0 0 0 1 1 1 1]",1.1761970520019531,30,0.1,0.1
squareWave,64,-64,21000,"[0 0 0 0 1 1 1 1 0 0 0 0 1 1 1 1 0 0 0 0 1 1 1 1 0 0 0 0 1 1 1 1 0 0 0 0 1
 1 1 1 0 0 0 0 1 1 1 1 0 0 0 0 1 1 1 1 0 0 0 0 1 1 1 1]",1.4280071258544922,30,0.1,0.1
squareWave,100,-100,24570,"[0 0 0 0 0 1 1 1 1 1 0 0 0 0 0 1 1 1 1 1 0 0 0 0 0 1 1 1 1 1 0 0 0 0 0 1 1
 1 1 1 0 0 0 0 0 1 1 1 1 1 0 0 0 0 0 1 1 1 1 1 0 0 0 0 0 1 1 1 1 1 0 0 0 0
 0 1 1 1 1 1 0 0 0 0 0 1 1 1 1 1 0 0 0 0 0 1 1 1 1 1]",1.2428171634674072,30,0.1,0.1
squareWave,100,-99,38850,"[0 0 0 0 0 1 1 1 1 1 0 0 0 0 0 1 1 1 1 1 0 0 0 0 0 1 1 1 1 1 0 1 0 0 0 1 1
 1 1 1 0 0 0 0 0 1 1 1 1 1 0 0 0 0 0 1 1 1 1 1 0 0 0 0 0 1 1 1 1 1 0 0 0 0
 0 1 1 1 1 1 0 0 0 0 0 1 1 1 1 1 0 0 0 0 0 1 1 1 1 1]",1.2586917877197266,30,0.1,0.1
squareWave,100,-100,38850,"[0 0 0 0 0 1 1 1 1 1 0 0 0 0 0 1 1 1 1 1 0 0 0 0 0 1 1 1 1 1 0 0 0 0 0 1 1
 1 1 1 0 0 0 0 0 1 1 1 1 1 0 0 0 0 0 1 1 1 1 1 0 0 0 0 0 1 1 1 1 1 0 0 0 0
 0 1 1 1 1 1 0 0 0 0 0 1 1 1 1 1 0 0 0 0 0 1 1 1 1 1]",1.401149034500122,30,0.1,0.1
squareWave,100,-99,36360,"[0 0 0 0 0 1 1 1 1 1 0 0 0 0 0 1 1 1 1 1 0 0 0 0 0 1 1 1 1 1 0 0 0 0 0 1 0
 1 1 1 0 0 0 0 0 1 1 1 1 1 0 0 0 0 0 1 1 1 1 1 0 0 0 0 0 1 1 1 1 1 0 0 0 0
 0 1 1 1 1 1 0 0 0 0 0 1 1 1 1 1 0 0 0 0 0 1 1 1 1 1]",1.1176588535308838,30,0.1,0.1
squareWave,100,-98,31350,"[0 0 0 0 0 1 1 0 1 1 0 0 0 0 0 1 1 1 1 1 0 0 0 0 0 1 1 1 1 1 0 0 0 0 0 1 1
 1 1 1 0 0 0 0 0 1 1 1 1 1 0 0 0 0 0 1 1 1 1 0 0 0 0 0 0 1 1 1 1 1 0 0 0 0
 0 1 1 1 1 1 0 0 0 0 0 1 1 1 1 1 0 0 0 0 0 1 1 1 1 1]",1.1083929538726807,30,0.1,0.1
squareWave,100,-97,29430,"[0 0 0 0 0 1 1 1 1 1 0 0 0 0 0 1 1 1 1 1 0 1 0 0 0 1 1 1 1 1 0 0 0 0 0 1 1
 1 1 1 0 0 0 0 0 1 1 1 1 1 1 0 0 0 0 1 1 1 1 1 0 0 0 0 0 1 1 1 1 1 0 0 0 0
 0 1 1 1 1 1 0 0 0 0 0 1 1 1 1 1 0 0 0 0 0 1 1 1 1 0]",1.2696869373321533,30,0.1,0.1
squareWave,100,-98,27030,"[0 1 0 0 0 1 1 1 1 1 0 0 0 0 0 1 1 1 1 1 1 0 0 0 0 1 1 1 1 1 0 0 0 0 0 1 1
 1 1 1 0 0 0 0 0 1 1 1 1 1 0 0 0 0 0 1 1 1 1 1 0 0 0 0 0 1 1 1 1 1 0 0 0 0
 0 1 1 1 1 1 0 0 0 0 0 1 1 1 1 1 0 0 0 0 0 1 1 1 1 1]",1.2395401000976562,30,0.1,0.1
squareWave,100,-99,26520,"[0 0 0 0 0 1 1 1 1 1 0 0 0 0 0 1 1 1 1 1 0 0 0 0 0 1 1 1 1 1 0 0 0 0 0 1 1
 1 1 1 0 0 0 0 0 1 1 1 1 1 0 0 0 0 0 1 1 1 1 1 0 0 0 0 0 1 1 1 1 1 0 0 0 0
 0 1 1 1 1 0 0 0 0 0 0 1 1 1 1 1 0 0 0 0 0 1 1 1 1 1]",1.4390051364898682,30,0.1,0.1
squareWave,100,-100,38610,"[0 0 0 0 0 1 1 1 1 1 0 0 0 0 0 1 1 1 1 1 0 0 0 0 0 1 1 1 1 1 0 0 0 0 0 1 1
 1 1 1 0 0 0 0 0 1 1 1 1 1 0 0 0 0 0 1 1 1 1 1 0 0 0 0 0 1 1 1 1 1 0 0 0 0
 0 1 1 1 1 1 0 0 0 0 0 1 1 1 1 1 0 0 0 0 0 1 1 1 1 1]",1.3631269931793213,30,0.1,0.1
squareWave,100,-100,26850,"[0 0 0 0 0 1 1 1 1 1 0 0 0 0 0 1 1 1 1 1 0 0 0 0 0 1 1 1 1 1 0 0 0 0 0 1 1
 1 1 1 0 0 0 0 0 1 1 1 1 1 0 0 0 0 0 1 1 1 1 1 0 0 0 0 0 1 1 1 1 1 0 0 0 0
 0 1 1 1 1 1 0 0 0 0 0 1 1 1 1 1 0 0 0 0 0 1 1 1 1 1]",1.2282209396362305,30,0.1,0.1
squareWave,100,-98,35040,"[0 0 0 0 0 1 1 1 0 1 0 0 0 0 0 1 1 1 1 1 0 0 0 0 0 1 1 1 1 1 0 0 0 0 0 1 1
 1 1 1 0 0 0 0 0 1 1 1 1 1 0 0 0 0 0 1 1 1 1 1 0 0 1 0 0 1 1 1 1 1 0 0 0 0
 0 1 1 1 1 1 0 0 0 0 0 1 1 1 1 1 0 0 0 0 0 1 1 1 1 1]",1.1513049602508545,30,0.1,0.1
squareWave,100,-100,38430,"[0 0 0 0 0 1 1 1 1 1 0 0 0 0 0 1 1 1 1 1 0 0 0 0 0 1 1 1 1 1 0 0 0 0 0 1 1
 1 1 1 0 0 0 0 0 1 1 1 1 1 0 0 0 0 0 1 1 1 1 1 0 0 0 0 0 1 1 1 1 1 0 0 0 0
 0 1 1 1 1 1 0 0 0 0 0 1 1 1 1 1 0 0 0 0 0 1 1 1 1 1]",1.222900152206421,30,0.1,0.1
squareWave,100,-98,36840,"[0 0 0 0 0 1 1 1 1 1 0 0 0 0 0 1 1 1 1 1 0 0 0 0 0 1 1 1 1 1 0 0 0 0 0 1 0
 1 1 1 0 0 0 0 0 1 1 1 1 1 0 0 0 0 0 1 1 1 1 1 0 0 0 0 0 1 1 1 1 1 0 0 0 0
 0 1 1 1 1 1 0 0 1 0 0 1 1 1 1 1 0 0 0 0 0 1 1 1 1 1]",1.1083509922027588,30,0.1,0.1
squareWave,100,-99,19380,"[0 0 0 0 0 1 1 1 1 1 0 0 0 0 0 1 1 1 1 1 0 0 0 0 0 1 1 1 1 1 0 0 0 0 0 1 1
 1 1 1 0 0 0 0 0 1 1 1 1 1 0 0 0 0 0 1 1 1 1 1 0 1 0 0 0 1 1 1 1 1 0 0 0 0
 0 1 1 1 1 1 0 0 0 0 0 1 1 1 1 1 0 0 0 0 0 1 1 1 1 1]",1.1221320629119873,30,0.1,0.1
squareWave,100,-99,25080,"[0 0 0 0 0 1 1 1 1 1 0 0 0 0 0 1 1 1 1 1 0 0 0 0 1 1 1 1 1 1 0 0 0 0 0 1 1
 1 1 1 0 0 0 0 0 1 1 1 1 1 0 0 0 0 0 1 1 1 1 1 0 0 0 0 0 1 1 1 1 1 0 0 0 0
 0 1 1 1 1 1 0 0 0 0 0 1 1 1 1 1 0 0 0 0 0 1 1 1 1 1]",1.2476978302001953,30,0.1,0.1
squareWave,100,-95,29130,"[0 1 0 0 0 1 1 1 1 1 0 0 0 0 0 1 1 1 1 1 0 0 0 1 0 1 1 1 1 1 0 0 0 0 0 1 1
 1 1 1 0 0 0 0 0 1 1 1 1 1 0 0 0 0 0 1 1 1 1 0 0 0 0 0 0 1 1 1 1 0 0 0 0 0
 0 1 1 1 1 1 1 0 0 0 0 1 1 1 1 1 0 0 0 0 0 1 1 1 1 1]",1.2216339111328125,30,0.1,0.1
squareWave,100,-99,32970,"[1 0 0 0 0 1 1 1 1 1 0 0 0 0 0 1 1 1 1 1 0 0 0 0 0 1 1 1 1 1 0 0 0 0 0 1 1
 1 1 1 0 0 0 0 0 1 1 1 1 1 0 0 0 0 0 1 1 1 1 1 0 0 0 0 0 1 1 1 1 1 0 0 0 0
 0 1 1 1 1 1 0 0 0 0 0 1 1 1 1 1 0 0 0 0 0 1 1 1 1 1]",1.3962171077728271,30,0.1,0.1
squareWave,100,-100,34830,"[0 0 0 0 0 1 1 1 1 1 0 0 0 0 0 1 1 1 1 1 0 0 0 0 0 1 1 1 1 1 0 0 0 0 0 1 1
 1 1 1 0 0 0 0 0 1 1 1 1 1 0 0 0 0 0 1 1 1 1 1 0 0 0 0 0 1 1 1 1 1 0 0 0 0
 0 1 1 1 1 1 0 0 0 0 0 1 1 1 1 1 0 0 0 0 0 1 1 1 1 1]",1.3055229187011719,30,0.1,0.1
squareWave,100,-98,26760,"[0 0 0 0 0 1 1 1 1 1 0 0 0 1 0 1 1 1 1 1 0 0 0 0 0 1 1 1 1 1 0 0 1 0 0 1 1
 1 1 1 0 0 0 0 0 1 1 1 1 1 0 0 0 0 0 1 1 1 1 1 0 0 0 0 0 1 1 1 1 1 0 0 0 0
 0 1 1 1 1 1 0 0 0 0 0 1 1 1 1 1 0 0 0 0 0 1 1 1 1 1]",1.1774561405181885,30,0.1,0.1
squareWave,100,-96,38340,"[0 0 0 0 0 1 1 1 1 1 0 0 0 0 0 1 1 1 1 0 0 0 0 0 0 1 1 1 1 1 0 0 0 1 0 1 1
 1 1 1 0 0 0 1 0 1 1 1 1 1 0 0 0 0 0 1 1 0 1 1 0 0 0 0 0 1 1 1 1 1 0 0 0 0
 0 1 1 1 1 1 0 0 0 0 0 1 1 1 1 1 0 0 0 0 0 1 1 1 1 1]",1.087533950805664,30,0.1,0.1
squareWave,100,-99,30960,"[0 0 0 0 0 1 1 1 1 1 0 0 0 0 0 1 1 1 1 1 0 0 0 0 0 1 1 1 1 1 0 0 0 0 0 1 1
 1 1 1 0 0 0 0 0 1 1 1 1 1 0 0 0 0 0 1 1 1 1 1 0 0 0 0 0 1 1 1 1 1 0 0 0 0
 0 1 1 1 1 1 0 0 0 0 0 1 1 1 1 1 0 0 0 0 0 0 1 1 1 1]",1.0976531505584717,30,0.1,0.1
squareWave,100,-97,36930,"[0 0 0 0 0 1 1 1 1 1 0 0 0 0 0 1 1 1 1 1 0 0 0 0 0 1 1 1 1 1 0 0 0 0 0 1 0
 1 1 1 0 0 0 0 0 1 1 0 1 1 0 0 0 0 0 1 1 1 1 1 0 0 0 0 0 1 1 1 1 1 0 0 0 0
 0 1 1 1 1 0 0 0 0 0 0 1 1 1 1 1 0 0 0 0 0 1 1 1 1 1]",1.1044909954071045,30,0.1,0.1
squareWave,100,-99,37260,"[0 0 0 0 0 1 1 1 1 1 0 0 0 0 0 1 1 1 1 1 0 0 0 0 0 1 1 0 1 1 0 0 0 0 0 1 1
 1 1 1 0 0 0 0 0 1 1 1 1 1 0 0 0 0 0 1 1 1 1 1 0 0 0 0 0 1 1 1 1 1 0 0 0 0
 0 1 1 1 1 1 0 0 0 0 0 1 1 1 1 1 0 0 0 0 0 1 1 1 1 1]",1.088054895401001,30,0.1,0.1
squareWave,100,-99,34320,"[0 0 0 0 0 1 1 1 1 1 0 0 0 0 0 1 1 1 1 1 0 0 0 0 0 1 1 1 1 1 0 0 0 0 0 1 1
 1 1 1 0 0 0 0 0 1 1 1 1 1 0 0 0 0 0 1 1 1 1 1 0 0 0 0 0 1 1 1 1 1 0 0 0 0
 0 1 1 1 1 1 1 0 0 0 0 1 1 1 1 1 0 0 0 0 0 1 1 1 1 1]",1.093400001525879,30,0.1,0.1
squareWave,100,-97,30330,"[1 0 0 0 0 1 1 1 1 1 0 0 0 0 0 1 1 1 1 0 0 0 0 0 0 1 1 1 1 1 0 0 0 0 0 1 1
 1 1 1 0 0 0 0 0 1 1 1 1 1 0 0 0 0 0 1 1 1 1 1 0 0 0 0 0 1 1 1 1 1 0 0 1 0
 0 1 1 1 1 1 0 0 0 0 0 1 1 1 1 1 0 0 0 0 0 1 1 1 1 1]",1.185060977935791,30,0.1,0.1
squareWave,100,-98,38850,"[0 0 0 0 0 1 1 1 1 1 0 0 0 0 0 1 1 1 1 1 0 0 1 0 0 1 1 1 1 1 0 0 0 0 0 1 1
 1 1 1 0 0 0 0 0 1 1 1 1 1 0 0 1 0 0 1 1 1 1 1 0 0 0 0 0 1 1 1 1 1 0 0 0 0
 0 1 1 1 1 1 0 0 0 0 0 1 1 1 1 1 0 0 0 0 0 1 1 1 1 1]",1.5720241069793701,30,0.1,0.1
squareWave,100,-100,34650,"[0 0 0 0 0 1 1 1 1 1 0 0 0 0 0 1 1 1 1 1 0 0 0 0 0 1 1 1 1 1 0 0 0 0 0 1 1
 1 1 1 0 0 0 0 0 1 1 1 1 1 0 0 0 0 0 1 1 1 1 1 0 0 0 0 0 1 1 1 1 1 0 0 0 0
 0 1 1 1 1 1 0 0 0 0 0 1 1 1 1 1 0 0 0 0 0 1 1 1 1 1]",1.7121400833129883,30,0.1,0.1
squareWave,100,-100,34230,"[0 0 0 0 0 1 1 1 1 1 0 0 0 0 0 1 1 1 1 1 0 0 0 0 0 1 1 1 1 1 0 0 0 0 0 1 1
 1 1 1 0 0 0 0 0 1 1 1 1 1 0 0 0 0 0 1 1 1 1 1 0 0 0 0 0 1 1 1 1 1 0 0 0 0
 0 1 1 1 1 1 0 0 0 0 0 1 1 1 1 1 0 0 0 0 0 1 1 1 1 1]",1.279756784439087,30,0.1,0.1
squareWave,100,-96,21240,"[0 0 0 0 0 1 1 1 1 1 0 0 0 1 0 1 1 1 1 1 0 0 0 0 0 1 1 1 1 1 0 0 0 0 0 1 1
 1 1 1 0 1 0 0 0 1 1 1 1 1 0 0 0 0 1 1 1 1 1 1 0 0 0 0 0 1 1 1 1 1 0 0 0 1
 0 1 1 1 1 1 0 0 0 0 0 1 1 1 1 1 0 0 0 0 0 1 1 1 1 1]",1.105431079864502,30,0.1,0.1
squareWave,100,-99,32430,"[0 0 0 0 0 1 1 1 1 1 0 0 0 0 0 1 1 1 1 1 0 0 0 0 0 1 1 1 1 1 0 0 0 0 0 1 1
 1 1 1 0 0 0 0 0 1 1 1 0 1 0 0 0 0 0 1 1 1 1 1 0 0 0 0 0 1 1 1 1 1 0 0 0 0
 0 1 1 1 1 1 0 0 0 0 0 1 1 1 1 1 0 0 0 0 0 1 1 1 1 1]",1.361063003540039,30,0.1,0.1
binVal,16,-65535.0,2580,[1 1 1 1 1 1 1 1 1 1 1 1 1 1 1 1],0.710392951965332,30,0.1,0.1
binVal,16,-65535.0,6270,[1 1 1 1 1 1 1 1 1 1 1 1 1 1 1 1],0.6745738983154297,30,0.1,0.1
binVal,16,-65535.0,4200,[1 1 1 1 1 1 1 1 1 1 1 1 1 1 1 1],0.6669111251831055,30,0.1,0.1
binVal,16,-65535.0,1980,[1 1 1 1 1 1 1 1 1 1 1 1 1 1 1 1],0.6637988090515137,30,0.1,0.1
binVal,16,-65535.0,7890,[1 1 1 1 1 1 1 1 1 1 1 1 1 1 1 1],0.6786601543426514,30,0.1,0.1
binVal,16,-65535.0,8130,[1 1 1 1 1 1 1 1 1 1 1 1 1 1 1 1],0.6469540596008301,30,0.1,0.1
binVal,16,-65535.0,2400,[1 1 1 1 1 1 1 1 1 1 1 1 1 1 1 1],0.6604018211364746,30,0.1,0.1
binVal,16,-65535.0,2310,[1 1 1 1 1 1 1 1 1 1 1 1 1 1 1 1],0.6558949947357178,30,0.1,0.1
binVal,16,-65535.0,5850,[1 1 1 1 1 1 1 1 1 1 1 1 1 1 1 1],0.8001790046691895,30,0.1,0.1
binVal,16,-65535.0,6360,[1 1 1 1 1 1 1 1 1 1 1 1 1 1 1 1],0.6686499118804932,30,0.1,0.1
binVal,16,-65535.0,3450,[1 1 1 1 1 1 1 1 1 1 1 1 1 1 1 1],0.6924710273742676,30,0.1,0.1
binVal,16,-65535.0,2550,[1 1 1 1 1 1 1 1 1 1 1 1 1 1 1 1],0.7175800800323486,30,0.1,0.1
binVal,16,-65535.0,6060,[1 1 1 1 1 1 1 1 1 1 1 1 1 1 1 1],0.6493268013000488,30,0.1,0.1
binVal,16,-65535.0,6090,[1 1 1 1 1 1 1 1 1 1 1 1 1 1 1 1],0.651623010635376,30,0.1,0.1
binVal,16,-65535.0,4110,[1 1 1 1 1 1 1 1 1 1 1 1 1 1 1 1],0.7019760608673096,30,0.1,0.1
binVal,16,-65535.0,3900,[1 1 1 1 1 1 1 1 1 1 1 1 1 1 1 1],0.6896250247955322,30,0.1,0.1
binVal,16,-65535.0,3930,[1 1 1 1 1 1 1 1 1 1 1 1 1 1 1 1],0.6666688919067383,30,0.1,0.1
binVal,16,-65535.0,7830,[1 1 1 1 1 1 1 1 1 1 1 1 1 1 1 1],0.6548140048980713,30,0.1,0.1
binVal,16,-65535.0,4350,[1 1 1 1 1 1 1 1 1 1 1 1 1 1 1 1],0.6787929534912109,30,0.1,0.1
binVal,16,-65535.0,5940,[1 1 1 1 1 1 1 1 1 1 1 1 1 1 1 1],0.6907918453216553,30,0.1,0.1
binVal,16,-65535.0,3720,[1 1 1 1 1 1 1 1 1 1 1 1 1 1 1 1],0.6525568962097168,30,0.1,0.1
binVal,16,-65535.0,1920,[1 1 1 1 1 1 1 1 1 1 1 1 1 1 1 1],0.6463210582733154,30,0.1,0.1
binVal,16,-65535.0,2190,[1 1 1 1 1 1 1 1 1 1 1 1 1 1 1 1],0.7232189178466797,30,0.1,0.1
binVal,16,-65535.0,10140,[1 1 1 1 1 1 1 1 1 1 1 1 1 1 1 1],0.7462301254272461,30,0.1,0.1
binVal,16,-65535.0,1380,[1 1 1 1 1 1 1 1 1 1 1 1 1 1 1 1],0.7442569732666016,30,0.1,0.1
binVal,16,-65535.0,5880,[1 1 1 1 1 1 1 1 1 1 1 1 1 1 1 1],0.7240560054779053,30,0.1,0.1
binVal,16,-65535.0,3300,[1 1 1 1 1 1 1 1 1 1 1 1 1 1 1 1],0.6695830821990967,30,0.1,0.1
binVal,16,-65535.0,2310,[1 1 1 1 1 1 1 1 1 1 1 1 1 1 1 1],0.6971139907836914,30,0.1,0.1
binVal,16,-65535.0,9870,[1 1 1 1 1 1 1 1 1 1 1 1 1 1 1 1],0.8119990825653076,30,0.1,0.1
binVal,16,-65535.0,9870,[1 1 1 1 1 1 1 1 1 1 1 1 1 1 1 1],1.1766560077667236,30,0.1,0.1
binVal,25,-33554431.0,7770,[1 1 1 1 1 1 1 1 1 1 1 1 1 1 1 1 1 1 1 1 1 1 1 1 1],1.0932440757751465,30,0.1,0.1
binVal,25,-33554431.0,7800,[1 1 1 1 1 1 1 1 1 1 1 1 1 1 1 1 1 1 1 1 1 1 1 1 1],0.7543129920959473,30,0.1,0.1
binVal,25,-33554431.0,15990,[1 1 1 1 1 1 1 1 1 1 1 1 1 1 1 1 1 1 1 1 1 1 1 1 1],0.8896989822387695,30,0.1,0.1
binVal,25,-33554431.0,14220,[1 1 1 1 1 1 1 1 1 1 1 1 1 1 1 1 1 1 1 1 1 1 1 1 1],0.783811092376709,30,0.1,0.1
binVal,25,-33554431.0,7770,[1 1 1 1 1 1 1 1 1 1 1 1 1 1 1 1 1 1 1 1 1 1 1 1 1],0.7031838893890381,30,0.1,0.1
binVal,25,-33554431.0,10110,[1 1 1 1 1 1 1 1 1 1 1 1 1 1 1 1 1 1 1 1 1 1 1 1 1],0.6900238990783691,30,0.1,0.1
binVal,25,-33554431.0,9390,[1 1 1 1 1 1 1 1 1 1 1 1 1 1 1 1 1 1 1 1 1 1 1 1 1],0.716454029083252,30,0.1,0.1
binVal,25,-33554431.0,12060,[1 1 1 1 1 1 1 1 1 1 1 1 1 1 1 1 1 1 1 1 1 1 1 1 1],0.7729711532592773,30,0.1,0.1
binVal,25,-33554431.0,24360,[1 1 1 1 1 1 1 1 1 1 1 1 1 1 1 1 1 1 1 1 1 1 1 1 1],0.7008349895477295,30,0.1,0.1
binVal,25,-33554431.0,16320,[1 1 1 1 1 1 1 1 1 1 1 1 1 1 1 1 1 1 1 1 1 1 1 1 1],0.6830949783325195,30,0.1,0.1
binVal,25,-33554431.0,13980,[1 1 1 1 1 1 1 1 1 1 1 1 1 1 1 1 1 1 1 1 1 1 1 1 1],0.764427900314331,30,0.1,0.1
binVal,25,-33554431.0,11970,[1 1 1 1 1 1 1 1 1 1 1 1 1 1 1 1 1 1 1 1 1 1 1 1 1],0.8306589126586914,30,0.1,0.1
binVal,25,-33554431.0,17670,[1 1 1 1 1 1 1 1 1 1 1 1 1 1 1 1 1 1 1 1 1 1 1 1 1],0.9603710174560547,30,0.1,0.1
binVal,25,-33554431.0,4230,[1 1 1 1 1 1 1 1 1 1 1 1 1 1 1 1 1 1 1 1 1 1 1 1 1],0.7610559463500977,30,0.1,0.1
binVal,25,-33554431.0,5880,[1 1 1 1 1 1 1 1 1 1 1 1 1 1 1 1 1 1 1 1 1 1 1 1 1],1.0401999950408936,30,0.1,0.1
binVal,25,-33554431.0,29820,[1 1 1 1 1 1 1 1 1 1 1 1 1 1 1 1 1 1 1 1 1 1 1 1 1],0.8703019618988037,30,0.1,0.1
binVal,25,-33554431.0,7830,[1 1 1 1 1 1 1 1 1 1 1 1 1 1 1 1 1 1 1 1 1 1 1 1 1],0.7775840759277344,30,0.1,0.1
binVal,25,-33554431.0,16230,[1 1 1 1 1 1 1 1 1 1 1 1 1 1 1 1 1 1 1 1 1 1 1 1 1],0.9579310417175293,30,0.1,0.1
binVal,25,-33554431.0,10260,[1 1 1 1 1 1 1 1 1 1 1 1 1 1 1 1 1 1 1 1 1 1 1 1 1],0.9056229591369629,30,0.1,0.1
binVal,25,-33554431.0,15960,[1 1 1 1 1 1 1 1 1 1 1 1 1 1 1 1 1 1 1 1 1 1 1 1 1],0.8548378944396973,30,0.1,0.1
binVal,25,-33554431.0,5820,[1 1 1 1 1 1 1 1 1 1 1 1 1 1 1 1 1 1 1 1 1 1 1 1 1],0.7534399032592773,30,0.1,0.1
binVal,25,-33554431.0,6210,[1 1 1 1 1 1 1 1 1 1 1 1 1 1 1 1 1 1 1 1 1 1 1 1 1],0.6936960220336914,30,0.1,0.1
binVal,25,-33554431.0,6600,[1 1 1 1 1 1 1 1 1 1 1 1 1 1 1 1 1 1 1 1 1 1 1 1 1],0.7173728942871094,30,0.1,0.1
binVal,25,-33554431.0,11940,[1 1 1 1 1 1 1 1 1 1 1 1 1 1 1 1 1 1 1 1 1 1 1 1 1],0.7051339149475098,30,0.1,0.1
binVal,25,-33554431.0,15360,[1 1 1 1 1 1 1 1 1 1 1 1 1 1 1 1 1 1 1 1 1 1 1 1 1],0.6827850341796875,30,0.1,0.1
binVal,25,-33554431.0,12000,[1 1 1 1 1 1 1 1 1 1 1 1 1 1 1 1 1 1 1 1 1 1 1 1 1],0.6974890232086182,30,0.1,0.1
binVal,25,-33554431.0,14070,[1 1 1 1 1 1 1 1 1 1 1 1 1 1 1 1 1 1 1 1 1 1 1 1 1],0.6911361217498779,30,0.1,0.1
binVal,25,-33554431.0,11100,[1 1 1 1 1 1 1 1 1 1 1 1 1 1 1 1 1 1 1 1 1 1 1 1 1],0.7084259986877441,30,0.1,0.1
binVal,25,-33554431.0,12750,[1 1 1 1 1 1 1 1 1 1 1 1 1 1 1 1 1 1 1 1 1 1 1 1 1],0.6891560554504395,30,0.1,0.1
binVal,25,-33554431.0,15420,[1 1 1 1 1 1 1 1 1 1 1 1 1 1 1 1 1 1 1 1 1 1 1 1 1],0.7001430988311768,30,0.1,0.1
binVal,36,-68719476735.0,20880,[1 1 1 1 1 1 1 1 1 1 1 1 1 1 1 1 1 1 1 1 1 1 1 1 1 1 1 1 1 1 1 1 1 1 1 1],0.7134580612182617,30,0.1,0.1
binVal,36,-68719476735.0,16080,[1 1 1 1 1 1 1 1 1 1 1 1 1 1 1 1 1 1 1 1 1 1 1 1 1 1 1 1 1 1 1 1 1 1 1 1],0.719567060470581,30,0.1,0.1
binVal,36,-68719476735.0,13710,[1 1 1 1 1 1 1 1 1 1 1 1 1 1 1 1 1 1 1 1 1 1 1 1 1 1 1 1 1 1 1 1 1 1 1 1],0.7051830291748047,30,0.1,0.1
binVal,36,-68719476735.0,17070,[1 1 1 1 1 1 1 1 1 1 1 1 1 1 1 1 1 1 1 1 1 1 1 1 1 1 1 1 1 1 1 1 1 1 1 1],0.7056498527526855,30,0.1,0.1
binVal,36,-68719476735.0,22170,[1 1 1 1 1 1 1 1 1 1 1 1 1 1 1 1 1 1 1 1 1 1 1 1 1 1 1 1 1 1 1 1 1 1 1 1],0.7265191078186035,30,0.1,0.1
binVal,36,-68719476735.0,10530,[1 1 1 1 1 1 1 1 1 1 1 1 1 1 1 1 1 1 1 1 1 1 1 1 1 1 1 1 1 1 1 1 1 1 1 1],0.7183640003204346,30,0.1,0.1
binVal,36,-68719476735.0,38490,[1 1 1 1 1 1 1 1 1 1 1 1 1 1 1 1 1 1 1 1 1 1 1 1 1 1 1 1 1 1 1 1 1 1 1 1],0.8106739521026611,30,0.1,0.1
binVal,36,-68719476735.0,22320,[1 1 1 1 1 1 1 1 1 1 1 1 1 1 1 1 1 1 1 1 1 1 1 1 1 1 1 1 1 1 1 1 1 1 1 1],0.7087409496307373,30,0.1,0.1
binVal,36,-68719476735.0,12510,[1 1 1 1 1 1 1 1 1 1 1 1 1 1 1 1 1 1 1 1 1 1 1 1 1 1 1 1 1 1 1 1 1 1 1 1],0.7356419563293457,30,0.1,0.1
binVal,36,-68719476735.0,28050,[1 1 1 1 1 1 1 1 1 1 1 1 1 1 1 1 1 1 1 1 1 1 1 1 1 1 1 1 1 1 1 1 1 1 1 1],0.7300047874450684,30,0.1,0.1
binVal,36,-68719476735.0,16530,[1 1 1 1 1 1 1 1 1 1 1 1 1 1 1 1 1 1 1 1 1 1 1 1 1 1 1 1 1 1 1 1 1 1 1 1],0.709773063659668,30,0.1,0.1
binVal,36,-68719476735.0,26100,[1 1 1 1 1 1 1 1 1 1 1 1 1 1 1 1 1 1 1 1 1 1 1 1 1 1 1 1 1 1 1 1 1 1 1 1],0.6980190277099609,30,0.1,0.1
binVal,36,-68719476735.0,22140,[1 1 1 1 1 1 1 1 1 1 1 1 1 1 1 1 1 1 1 1 1 1 1 1 1 1 1 1 1 1 1 1 1 1 1 1],0.7050158977508545,30,0.1,0.1
binVal,36,-68719476733.0,19080,[1 1 1 1 1 1 1 1 1 1 1 1 1 1 1 1 1 1 1 1 1 1 1 1 1 1 1 1 1 1 1 1 1 1 0 1],0.7021291255950928,30,0.1,0.1
binVal,36,-68719476413.0,16170,[1 1 1 1 1 1 1 1 1 1 1 1 1 1 1 1 1 1 1 1 1 1 1 1 1 1 1 0 1 0 1 1 1 1 0 1],0.6996080875396729,30,0.1,0.1
binVal,36,-68719476703.0,16080,[1 1 1 1 1 1 1 1 1 1 1 1 1 1 1 1 1 1 1 1 1 1 1 1 1 1 1 1 1 1 0 1 1 1 1 1],0.7041471004486084,30,0.1,0.1
binVal,36,-68719476735.0,12030,[1 1 1 1 1 1 1 1 1 1 1 1 1 1 1 1 1 1 1 1 1 1 1 1 1 1 1 1 1 1 1 1 1 1 1 1],0.7059881687164307,30,0.1,0.1
binVal,36,-68719476735.0,22200,[1 1 1 1 1 1 1 1 1 1 1 1 1 1 1 1 1 1 1 1 1 1 1 1 1 1 1 1 1 1 1 1 1 1 1 1],0.7053091526031494,30,0.1,0.1
binVal,36,-68719476735.0,20700,[1 1 1 1 1 1 1 1 1 1 1 1 1 1 1 1 1 1 1 1 1 1 1 1 1 1 1 1 1 1 1 1 1 1 1 1],0.6962399482727051,30,0.1,0.1
binVal,36,-68719476735.0,32100,[1 1 1 1 1 1 1 1 1 1 1 1 1 1 1 1 1 1 1 1 1 1 1 1 1 1 1 1 1 1 1 1 1 1 1 1],0.7044010162353516,30,0.1,0.1
binVal,36,-68719476735.0,36360,[1 1 1 1 1 1 1 1 1 1 1 1 1 1 1 1 1 1 1 1 1 1 1 1 1 1 1 1 1 1 1 1 1 1 1 1],0.6989028453826904,30,0.1,0.1
binVal,36,-68719476735.0,12450,[1 1 1 1 1 1 1 1 1 1 1 1 1 1 1 1 1 1 1 1 1 1 1 1 1 1 1 1 1 1 1 1 1 1 1 1],0.6971549987792969,30,0.1,0.1
binVal,36,-68719476735.0,20220,[1 1 1 1 1 1 1 1 1 1 1 1 1 1 1 1 1 1 1 1 1 1 1 1 1 1 1 1 1 1 1 1 1 1 1 1],0.7523469924926758,30,0.1,0.1
binVal,36,-68719476735.0,24120,[1 1 1 1 1 1 1 1 1 1 1 1 1 1 1 1 1 1 1 1 1 1 1 1 1 1 1 1 1 1 1 1 1 1 1 1],1.0375189781188965,30,0.1,0.1
binVal,36,-68719476735.0,8700,[1 1 1 1 1 1 1 1 1 1 1 1 1 1 1 1 1 1 1 1 1 1 1 1 1 1 1 1 1 1 1 1 1 1 1 1],0.8816699981689453,30,0.1,0.1
binVal,36,-68719476733.0,29580,[1 1 1 1 1 1 1 1 1 1 1 1 1 1 1 1 1 1 1 1 1 1 1 1 1 1 1 1 1 1 1 1 1 1 0 1],0.7100319862365723,30,0.1,0.1
binVal,36,-68719476735.0,34080,[1 1 1 1 1 1 1 1 1 1 1 1 1 1 1 1 1 1 1 1 1 1 1 1 1 1 1 1 1 1 1 1 1 1 1 1],0.7066419124603271,30,0.1,0.1
binVal,36,-68719476735.0,23970,[1 1 1 1 1 1 1 1 1 1 1 1 1 1 1 1 1 1 1 1 1 1 1 1 1 1 1 1 1 1 1 1 1 1 1 1],0.7025449275970459,30,0.1,0.1
binVal,36,-68719476735.0,13710,[1 1 1 1 1 1 1 1 1 1 1 1 1 1 1 1 1 1 1 1 1 1 1 1 1 1 1 1 1 1 1 1 1 1 1 1],0.6970741748809814,30,0.1,0.1
binVal,36,-68719476735.0,10380,[1 1 1 1 1 1 1 1 1 1 1 1 1 1 1 1 1 1 1 1 1 1 1 1 1 1 1 1 1 1 1 1 1 1 1 1],0.7071168422698975,30,0.1,0.1
binVal,64,-1.8446744073709027e+19,33300,"[1 1 1 1 1 1 1 1 1 1 1 1 1 1 1 1 1 1 1 1 1 1 1 1 1 1 1 1 1 1 1 1 1 1 1 1 1
 1 1 1 1 1 1 1 0 1 1 1 1 1 1 1 1 1 1 1 0 0 1 1 0 0 0 1]",0.7628259658813477,30,0.1,0.1
binVal,64,-1.8446744073708351e+19,39780,"[1 1 1 1 1 1 1 1 1 1 1 1 1 1 1 1 1 1 1 1 1 1 1 1 1 1 1 1 1 1 1 1 1 1 1 1 1
 1 1 1 1 1 1 0 1 1 0 1 1 0 1 0 1 1 0 0 0 0 1 1 0 0 1 0]",0.7766211032867432,30,0.1,0.1
binVal,64,-1.8446744073709552e+19,33210,"[1 1 1 1 1 1 1 1 1 1 1 1 1 1 1 1 1 1 1 1 1 1 1 1 1 1 1 1 1 1 1 1 1 1 1 1 1
 1 1 1 1 1 1 1 1 1 1 1 1 1 1 1 1 1 0 1 1 1 0 1 0 0 1 0]",0.7661559581756592,30,0.1,0.1
binVal,64,-1.8446744072232702e+19,39900,"[1 1 1 1 1 1 1 1 1 1 1 1 1 1 1 1 1 1 1 1 1 1 1 1 1 1 1 1 1 1 1 1 1 0 1 0 0
 1 1 1 1 1 1 1 1 0 0 1 0 0 0 1 0 0 1 0 1 0 0 1 0 0 1 1]",0.770056962966919,30,0.1,0.1
binVal,64,-1.8446744073665507e+19,22500,"[1 1 1 1 1 1 1 1 1 1 1 1 1 1 1 1 1 1 1 1 1 1 1 1 1 1 1 1 1 1 1 1 1 1 1 1 1
 1 0 1 0 1 0 1 1 1 1 1 1 1 1 1 0 0 1 0 1 0 0 0 1 0 0 1]",0.7622578144073486,30,0.1,0.1
binVal,64,-1.8446744073705292e+19,27450,"[1 1 1 1 1 1 1 1 1 1 1 1 1 1 1 1 1 1 1 1 1 1 1 1 1 1 1 1 1 1 1 1 1 1 1 1 1
 1 1 1 1 0 1 1 1 1 1 0 1 1 1 1 1 1 0 1 0 0 0 0 0 0 0 0]",0.7696080207824707,30,0.1,0.1
binVal,64,-1.8446744073709027e+19,34470,"[1 1 1 1 1 1 1 1 1 1 1 1 1 1 1 1 1 1 1 1 1 1 1 1 1 1 1 1 1 1 1 1 1 1 1 1 1
 1 1 1 1 1 1 1 0 1 1 1 1 1 1 1 1 1 0 0 1 1 0 1 1 0 1 1]",0.7696700096130371,30,0.1,0.1
binVal,64,-1.844674407370955e+19,24420,"[1 1 1 1 1 1 1 1 1 1 1 1 1 1 1 1 1 1 1 1 1 1 1 1 1 1 1 1 1 1 1 1 1 1 1 1 1
 1 1 1 1 1 1 1 1 1 1 1 1 1 1 1 1 0 1 1 1 1 0 0 0 1 1 0]",0.7712640762329102,30,0.1,0.1
binVal,64,-1.8446744073709527e+19,34560,"[1 1 1 1 1 1 1 1 1 1 1 1 1 1 1 1 1 1 1 1 1 1 1 1 1 1 1 1 1 1 1 1 1 1 1 1 1
 1 1 1 1 1 1 1 1 1 1 1 1 0 0 1 1 1 0 0 1 0 1 1 0 0 0 1]",0.7697160243988037,30,0.1,0.1
binVal,64,-1.8446744073696444e+19,37470,"[1 1 1 1 1 1 1 1 1 1 1 1 1 1 1 1 1 1 1 1 1 1 1 1 1 1 1 1 1 1 1 1 1 1 1 1 1
 1 1 1 0 0 1 1 0 1 1 1 1 1 1 1 1 1 0 1 1 1 1 1 0 0 1 0]",0.7660520076751709,30,0.1,0.1
binVal,64,-1.8446744072628992e+19,37470,"[1 1 1 1 1 1 1 1 1 1 1 1 1 1 1 1 1 1 1 1 1 1 1 1 1 1 1 1 1 1 1 1 1 0 1 1 1
 1 1 1 1 0 0 1 0 1 1 1 1 1 1 1 1 0 1 1 0 0 1 0 1 0 1 0]",0.7661910057067871,30,0.1,0.1
binVal,64,-1.8446744073709382e+19,27180,"[1 1 1 1 1 1 1 1 1 1 1 1 1 1 1 1 1 1 1 1 1 1 1 1 1 1 1 1 1 1 1 1 1 1 1 1 1
 1 1 1 1 1 1 1 1 1 0 1 0 1 1 0 1 0 0 0 1 1 0 0 0 0 1 1]",0.7631571292877197,30,0.1,0.1
binVal,64,-1.8446744073708462e+19,33510,"[1 1 1 1 1 1 1 1 1 1 1 1 1 1 1 1 1 1 1 1 1 1 1 1 1 1 1 1 1 1 1 1 1 1 1 1 1
 1 1 1 1 1 1 0 1 1 1 1 0 1 0 1 1 1 1 1 0 1 1 1 0 0 1 0]",0.7691771984100342,30,0.1,0.1
binVal,64,-1.8446744073708233e+19,38700,"[1 1 1 1 1 1 1 1 1 1 1 1 1 1 1 1 1 1 1 1 1 1 1 1 1 1 1 1 1 1 1 1 1 1 1 1 1
 1 1 1 1 1 1 0 1 0 1 1 1 1 0 1 1 1 0 0 1 1 0 1 1 0 1 1]",0.770143985748291,30,0.1,0.1
binVal,64,-1.8446744073709552e+19,27360,"[1 1 1 1 1 1 1 1 1 1 1 1 1 1 1 1 1 1 1 1 1 1 1 1 1 1 1 1 1 1 1 1 1 1 1 1 1
 1 1 1 1 1 1 1 1 1 1 1 1 1 1 1 1 1 1 1 0 0 1 0 1 0 1 0]",0.7716691493988037,30,0.1,0.1
binVal,64,-1.8446744073707454e+19,36840,"[1 1 1 1 1 1 1 1 1 1 1 1 1 1 1 1 1 1 1 1 1 1 1 1 1 1 1 1 1 1 1 1 1 1 1 1 1
 1 1 1 1 1 0 1 1 1 1 1 1 1 1 1 1 1 0 0 0 1 1 0 0 1 1 0]",0.7706141471862793,30,0.1,0.1
binVal,64,-1.8446744073692772e+19,39750,"[1 1 1 1 1 1 1 1 1 1 1 1 1 1 1 1 1 1 1 1 1 1 1 1 1 1 1 1 1 1 1 1 1 1 1 1 1
 1 1 0 1 1 1 1 1 1 1 1 1 1 1 1 1 0 0 1 1 0 0 1 0 0 1 1]",0.7776269912719727,30,0.1,0.1
binVal,64,-1.8446744073701128e+19,21630,"[1 1 1 1 1 1 1 1 1 1 1 1 1 1 1 1 1 1 1 1 1 1 1 1 1 1 1 1 1 1 1 1 1 1 1 1 1
 1 1 1 0 1 1 1 1 1 1 1 0 1 1 1 1 0 1 1 0 0 0 0 0 1 0 1]",0.7646749019622803,30,0.1,0.1
binVal,64,-1.8446744073686135e+19,32160,"[1 1 1 1 1 1 1 1 1 1 1 1 1 1 1 1 1 1 1 1 1 1 1 1 1 1 1 1 1 1 1 1 1 1 1 1 1
 1 1 0 1 0 0 1 1 0 1 0 1 0 1 1 0 0 1 1 1 0 0 0 0 1 0 1]",0.7665469646453857,30,0.1,0.1
binVal,64,-1.8446744073709552e+19,30060,"[1 1 1 1 1 1 1 1 1 1 1 1 1 1 1 1 1 1 1 1 1 1 1 1 1 1 1 1 1 1 1 1 1 1 1 1 1
 1 1 1 1 1 1 1 1 1 1 1 1 1 1 1 1 1 0 1 1 1 1 1 1 0 0 0]",0.7718758583068848,30,0.1,0.1
binVal,64,-1.8446744073642367e+19,39870,"[1 1 1 1 1 1 1 1 1 1 1 1 1 1 1 1 1 1 1 1 1 1 1 1 1 1 1 1 1 1 1 1 1 1 1 1 1
 0 1 1 1 1 1 1 1 1 1 0 1 1 0 1 1 0 0 0 1 0 0 0 1 1 1 1]",0.7707018852233887,30,0.1,0.1
binVal,64,-1.8446744073709517e+19,36150,"[1 1 1 1 1 1 1 1 1 1 1 1 1 1 1 1 1 1 1 1 1 1 1 1 1 1 1 1 1 1 1 1 1 1 1 1 1
 1 1 1 1 1 1 1 1 1 1 1 0 1 1 1 1 0 0 1 0 0 0 0 1 1 1 0]",0.7692580223083496,30,0.1,0.1
binVal,64,-1.8446744073709552e+19,25440,"[1 1 1 1 1 1 1 1 1 1 1 1 1 1 1 1 1 1 1 1 1 1 1 1 1 1 1 1 1 1 1 1 1 1 1 1 1
 1 1 1 1 1 1 1 1 1 1 1 1 1 1 1 1 1 0 0 1 0 1 0 0 0 1 0]",0.7783870697021484,30,0.1,0.1
binVal,64,-1.8446744073708208e+19,23130,"[1 1 1 1 1 1 1 1 1 1 1 1 1 1 1 1 1 1 1 1 1 1 1 1 1 1 1 1 1 1 1 1 1 1 1 1 1
 1 1 1 1 1 1 0 1 0 1 1 0 1 1 1 1 1 1 0 1 1 1 1 0 0 0 0]",0.7755038738250732,30,0.1,0.1
binVal,64,-1.8446744073708468e+19,24510,"[1 1 1 1 1 1 1 1 1 1 1 1 1 1 1 1 1 1 1 1 1 1 1 1 1 1 1 1 1 1 1 1 1 1 1 1 1
 1 1 1 1 1 1 0 1 1 1 1 0 1 1 1 1 0 1 0 0 1 0 1 1 0 1 1]",0.7848589420318604,30,0.1,0.1
binVal,64,-1.8446744073708239e+19,34110,"[1 1 1 1 1 1 1 1 1 1 1 1 1 1 1 1 1 1 1 1 1 1 1 1 1 1 1 1 1 1 1 1 1 1 1 1 1
 1 1 1 1 1 1 0 1 0 1 1 1 1 1 1 1 0 0 0 0 1 1 0 1 1 0 0]",0.7716319561004639,30,0.1,0.1
binVal,64,-1.8446744073709552e+19,35280,"[1 1 1 1 1 1 1 1 1 1 1 1 1 1 1 1 1 1 1 1 1 1 1 1 1 1 1 1 1 1 1 1 1 1 1 1 1
 1 1 1 1 1 1 1 1 1 1 1 1 1 1 1 1 1 1 1 0 1 0 1 0 1 0 1]",0.7657339572906494,30,0.1,0.1
binVal,64,-1.8446744073700626e+19,24900,"[1 1 1 1 1 1 1 1 1 1 1 1 1 1 1 1 1 1 1 1 1 1 1 1 1 1 1 1 1 1 1 1 1 1 1 1 1
 1 1 1 0 1 1 1 0 1 1 1 1 1 0 0 1 1 0 1 0 1 0 0 1 0 0 1]",0.7738049030303955,30,0.1,0.1
binVal,64,-1.844674407370955e+19,36780,"[1 1 1 1 1 1 1 1 1 1 1 1 1 1 1 1 1 1 1 1 1 1 1 1 1 1 1 1 1 1 1 1 1 1 1 1 1
 1 1 1 1 1 1 1 1 1 1 1 1 1 1 1 0 1 1 0 0 0 1 0 0 1 0 0]",0.7715990543365479,30,0.1,0.1
binVal,64,-1.8446744073708503e+19,20640,"[1 1 1 1 1 1 1 1 1 1 1 1 1 1 1 1 1 1 1 1 1 1 1 1 1 1 1 1 1 1 1 1 1 1 1 1 1
 1 1 1 1 1 1 0 1 1 1 1 1 1 1 1 1 1 1 0 0 0 0 0 1 0 1 1]",0.7901449203491211,30,0.1,0.1
binVal,100,-1.2676506002280853e+30,34650,"[1 1 1 1 1 1 1 1 1 1 1 1 1 1 1 1 1 1 1 1 1 1 1 1 1 1 1 1 1 1 1 1 1 1 1 1 1
 1 1 1 1 1 0 1 1 1 1 1 1 1 1 1 1 1 1 0 0 0 1 0 0 1 1 1 1 0 1 0 1 0 1 0 1 1
 1 1 0 1 0 0 1 0 1 1 1 1 1 1 1 0 1 1 1 0 0 0 0 1 0 0]",0.8506629467010498,30,0.1,0.1
binVal,100,-1.2676506002282077e+30,37290,"[1 1 1 1 1 1 1 1 1 1 1 1 1 1 1 1 1 1 1 1 1 1 1 1 1 1 1 1 1 1 1 1 1 1 1 1 1
 1 1 1 1 1 1 1 1 0 1 1 0 0 1 0 1 1 0 0 0 0 0 1 0 0 1 1 1 1 1 0 0 0 0 0 1 1
 0 1 0 0 0 1 1 1 0 0 0 0 0 0 1 0 1 1 0 1 0 1 0 1 0 1]",0.8696739673614502,30,0.1,0.1
binVal,100,-1.2676506002282293e+30,35970,"[1 1 1 1 1 1 1 1 1 1 1 1 1 1 1 1 1 1 1 1 1 1 1 1 1 1 1 1 1 1 1 1 1 1 1 1 1
 1 1 1 1 1 1 1 1 1 1 1 1 1 1 1 1 0 1 1 0 1 0 1 0 0 1 0 0 1 0 1 0 0 1 1 0 1
 1 0 1 1 1 1 0 1 1 1 1 1 0 0 0 0 1 0 1 1 1 1 1 0 1 1]",0.85030198097229,30,0.1,0.1
binVal,100,-1.2676506002282294e+30,30390,"[1 1 1 1 1 1 1 1 1 1 1 1 1 1 1 1 1 1 1 1 1 1 1 1 1 1 1 1 1 1 1 1 1 1 1 1 1
 1 1 1 1 1 1 1 1 1 1 1 1 1 1 1 1 1 0 0 0 1 1 0 0 0 0 0 0 0 1 0 0 0 0 1 1 1
 1 0 1 0 1 0 0 0 0 1 0 1 1 1 0 1 0 0 0 0 0 1 0 1 1 0]",0.8568639755249023,30,0.1,0.1
binVal,100,-1.2676506002097782e+30,26130,"[1 1 1 1 1 1 1 1 1 1 1 1 1 1 1 1 1 1 1 1 1 1 1 1 1 1 1 1 1 1 1 1 1 1 1 0 1
 1 1 1 1 1 1 1 1 1 1 0 1 1 1 1 1 1 0 1 1 1 1 1 0 1 0 1 0 0 0 1 1 0 1 0 0 1
 0 0 0 0 1 0 1 0 1 1 0 0 0 0 0 1 1 1 1 1 0 1 1 0 1 1]",0.8515849113464355,30,0.1,0.1
binVal,100,-1.2676506000059464e+30,18780,"[1 1 1 1 1 1 1 1 1 1 1 1 1 1 1 1 1 1 1 1 1 1 1 1 1 1 1 1 1 1 1 1 0 0 1 1 1
 1 1 1 0 0 1 1 0 0 1 1 0 1 0 0 0 0 0 1 0 0 0 1 0 1 1 0 1 0 1 0 0 1 1 0 0 0
 0 1 1 1 0 0 1 1 0 0 0 1 0 0 0 1 0 1 1 0 0 0 0 0 0 1]",0.9768741130828857,30,0.1,0.1
binVal,100,-1.2676506002282294e+30,36090,"[1 1 1 1 1 1 1 1 1 1 1 1 1 1 1 1 1 1 1 1 1 1 1 1 1 1 1 1 1 1 1 1 1 1 1 1 1
 1 1 1 1 1 1 1 1 1 1 1 1 1 1 1 1 1 1 0 1 0 0 1 1 0 0 0 1 1 0 1 1 1 1 0 1 0
 1 1 0 0 1 0 1 1 0 1 1 1 0 1 0 1 0 1 1 1 0 0 1 0 1 0]",0.9645140171051025,30,0.1,0.1
binVal,100,-1.2676506002235994e+30,36510,"[1 1 1 1 1 1 1 1 1 1 1 1 1 1 1 1 1 1 1 1 1 1 1 1 1 1 1 1 1 1 1 1 1 1 1 1 1
 0 1 1 1 1 1 1 1 0 1 1 1 1 1 0 1 1 1 1 1 1 0 1 0 1 0 1 1 0 0 1 0 1 0 0 0 0
 1 0 0 1 1 0 0 0 1 0 0 1 1 1 0 1 1 1 1 1 0 0 0 1 1 1]",0.9460489749908447,30,0.1,0.1
binVal,100,-1.2676506002190012e+30,32370,"[1 1 1 1 1 1 1 1 1 1 1 1 1 1 1 1 1 1 1 1 1 1 1 1 1 1 1 1 1 1 1 1 1 1 1 1 0
 1 1 1 1 1 1 1 1 1 1 0 1 1 1 0 1 1 1 1 0 0 0 0 0 0 0 1 0 0 1 0 0 1 0 0 0 1
 0 0 1 0 0 1 0 1 1 1 1 1 1 1 1 0 0 1 1 1 1 1 1 0 1 1]",0.9141049385070801,30,0.1,0.1
binVal,100,-1.2676506002282248e+30,35820,"[1 1 1 1 1 1 1 1 1 1 1 1 1 1 1 1 1 1 1 1 1 1 1 1 1 1 1 1 1 1 1 1 1 1 1 1 1
 1 1 1 1 1 1 1 1 1 1 0 1 1 1 1 1 0 0 0 0 1 1 0 0 1 1 0 0 1 1 1 1 0 1 0 0 0
 1 0 1 0 0 1 1 0 0 0 0 1 0 0 1 1 0 0 0 1 1 1 1 0 1 1]",0.8958098888397217,30,0.1,0.1
binVal,100,-1.2676505999822025e+30,39900,"[1 1 1 1 1 1 1 1 1 1 1 1 1 1 1 1 1 1 1 1 1 1 1 1 1 1 1 1 1 1 1 1 0 0 1 0 1
 0 1 0 1 0 0 1 1 0 1 1 0 0 0 0 1 1 1 0 1 0 0 1 0 1 0 1 0 1 1 1 0 1 0 1 0 1
 1 0 1 1 0 0 1 1 1 1 1 1 0 1 0 0 1 0 0 0 1 1 0 1 0 0]",0.9635939598083496,30,0.1,0.1
binVal,100,-1.2676506002282294e+30,26100,"[1 1 1 1 1 1 1 1 1 1 1 1 1 1 1 1 1 1 1 1 1 1 1 1 1 1 1 1 1 1 1 1 1 1 1 1 1
 1 1 1 1 1 1 1 1 1 1 1 1 1 1 1 1 1 0 0 0 1 0 0 1 0 1 0 0 1 0 0 0 1 0 1 1 0
 0 0 1 1 0 1 0 0 0 1 0 1 0 0 1 0 1 0 1 1 1 0 1 1 1 0]",0.9345188140869141,30,0.1,0.1
binVal,100,-1.2676506002282294e+30,30750,"[1 1 1 1 1 1 1 1 1 1 1 1 1 1 1 1 1 1 1 1 1 1 1 1 1 1 1 1 1 1 1 1 1 1 1 1 1
 1 1 1 1 1 1 1 1 1 1 1 1 1 1 1 1 1 1 1 0 1 0 0 1 0 1 1 1 1 1 0 0 1 0 0 1 0
 0 1 0 1 1 0 0 0 1 1 0 1 1 0 1 1 1 1 1 1 1 0 1 1 0 1]",0.8515169620513916,30,0.1,0.1
binVal,100,-1.2676506002282294e+30,34380,"[1 1 1 1 1 1 1 1 1 1 1 1 1 1 1 1 1 1 1 1 1 1 1 1 1 1 1 1 1 1 1 1 1 1 1 1 1
 1 1 1 1 1 1 1 1 1 1 1 1 1 1 1 1 1 1 1 0 1 1 1 0 1 1 0 0 0 0 0 0 0 0 0 1 0
 1 0 1 0 0 0 1 1 0 0 1 1 0 1 0 1 0 0 1 1 1 0 1 1 1 1]",0.8544950485229492,30,0.1,0.1
binVal,100,-1.2676506002282291e+30,38220,"[1 1 1 1 1 1 1 1 1 1 1 1 1 1 1 1 1 1 1 1 1 1 1 1 1 1 1 1 1 1 1 1 1 1 1 1 1
 1 1 1 1 1 1 1 1 1 1 1 1 1 1 0 1 1 0 1 0 1 0 0 0 0 0 1 0 1 0 1 1 0 1 1 0 1
 1 0 0 0 0 1 0 1 1 1 0 0 1 0 1 0 0 0 1 0 0 0 1 1 1 0]",0.8534998893737793,30,0.1,0.1
binVal,100,-1.2676506002282248e+30,34260,"[1 1 1 1 1 1 1 1 1 1 1 1 1 1 1 1 1 1 1 1 1 1 1 1 1 1 1 1 1 1 1 1 1 1 1 1 1
 1 1 1 1 1 1 1 1 1 1 0 1 1 1 1 0 1 1 1 0 1 1 0 1 1 1 1 0 1 0 0 1 0 1 1 0 1
 0 1 0 0 0 1 1 0 1 0 1 0 1 0 1 1 1 1 1 0 1 0 1 1 0 0]",0.8541228771209717,30,0.1,0.1
binVal,100,-1.2676506002282294e+30,26250,"[1 1 1 1 1 1 1 1 1 1 1 1 1 1 1 1 1 1 1 1 1 1 1 1 1 1 1 1 1 1 1 1 1 1 1 1 1
 1 1 1 1 1 1 1 1 1 1 1 1 1 1 1 1 1 0 0 1 1 1 1 1 1 1 1 1 1 0 1 0 1 0 1 1 1
 0 0 1 1 1 0 1 0 1 0 1 0 0 1 0 0 1 1 1 0 0 0 0 0 1 1]",0.8482398986816406,30,0.1,0.1
binVal,100,-1.2676506002257793e+30,18540,"[1 1 1 1 1 1 1 1 1 1 1 1 1 1 1 1 1 1 1 1 1 1 1 1 1 1 1 1 1 1 1 1 1 1 1 1 1
 1 0 1 1 1 0 1 1 1 1 1 1 1 1 1 1 0 1 0 0 0 0 1 1 0 1 0 0 1 0 0 1 0 1 1 1 0
 1 1 1 1 1 1 1 1 1 1 0 1 0 1 1 0 0 1 0 0 0 0 1 1 0 1]",0.8502061367034912,30,0.1,0.1
binVal,100,-1.2676506002281911e+30,31470,"[1 1 1 1 1 1 1 1 1 1 1 1 1 1 1 1 1 1 1 1 1 1 1 1 1 1 1 1 1 1 1 1 1 1 1 1 1
 1 1 1 1 1 1 1 0 1 1 1 1 0 0 0 0 0 0 0 1 0 0 1 0 0 1 1 0 0 0 1 1 1 1 1 0 1
 1 1 1 0 1 0 1 0 0 1 1 1 0 1 1 1 0 1 0 0 0 0 0 0 1 0]",0.8882958889007568,30,0.1,0.1
binVal,100,-1.2676506002224638e+30,36270,"[1 1 1 1 1 1 1 1 1 1 1 1 1 1 1 1 1 1 1 1 1 1 1 1 1 1 1 1 1 1 1 1 1 1 1 1 1
 0 1 0 1 1 1 1 1 1 1 1 1 1 0 0 0 1 0 1 0 1 1 0 1 1 1 1 0 0 1 1 1 1 0 0 1 1
 1 0 1 1 1 1 0 1 1 1 1 1 0 0 0 1 0 1 0 0 0 1 1 1 0 1]",0.875417947769165,30,0.1,0.1
binVal,100,-1.2676506002256353e+30,38580,"[1 1 1 1 1 1 1 1 1 1 1 1 1 1 1 1 1 1 1 1 1 1 1 1 1 1 1 1 1 1 1 1 1 1 1 1 1
 1 0 1 1 0 1 1 1 1 1 1 1 1 1 1 1 1 0 1 0 0 0 0 1 1 0 0 1 0 0 0 1 1 1 0 1 0
 0 1 1 0 1 1 0 1 1 1 0 0 1 1 1 1 0 1 0 0 1 0 0 0 1 1]",0.8499698638916016,30,0.1,0.1
binVal,100,-1.2676506001681708e+30,15720,"[1 1 1 1 1 1 1 1 1 1 1 1 1 1 1 1 1 1 1 1 1 1 1 1 1 1 1 1 1 1 1 1 1 1 0 0 1
 0 1 1 1 1 1 0 1 0 0 0 0 1 0 0 1 1 0 0 0 1 0 1 1 0 0 0 1 0 0 0 1 1 0 1 1 0
 1 0 1 0 1 1 0 1 0 1 1 0 1 1 1 1 1 0 0 1 1 1 1 1 1 0]",0.8570041656494141,30,0.1,0.1
binVal,100,-1.2676506002281385e+30,24390,"[1 1 1 1 1 1 1 1 1 1 1 1 1 1 1 1 1 1 1 1 1 1 1 1 1 1 1 1 1 1 1 1 1 1 1 1 1
 1 1 1 1 1 1 0 1 0 1 1 1 1 0 0 1 1 0 1 1 0 1 0 1 1 0 0 1 0 0 0 1 0 1 0 1 1
 0 0 1 1 0 0 1 1 1 1 0 0 0 1 0 1 0 1 1 1 0 1 1 1 1 0]",0.8454279899597168,30,0.1,0.1
binVal,100,-1.2676506002236062e+30,39480,"[1 1 1 1 1 1 1 1 1 1 1 1 1 1 1 1 1 1 1 1 1 1 1 1 1 1 1 1 1 1 1 1 1 1 1 1 1
 0 1 1 1 1 1 1 1 1 0 1 0 1 1 1 0 0 0 1 0 0 1 1 1 0 0 0 0 0 0 0 1 1 1 0 1 1
 1 0 1 0 0 0 1 1 0 1 1 0 1 1 1 0 0 1 0 0 1 1 0 0 1 1]",0.8581981658935547,30,0.1,0.1
binVal,100,-1.2676506002282294e+30,38190,"[1 1 1 1 1 1 1 1 1 1 1 1 1 1 1 1 1 1 1 1 1 1 1 1 1 1 1 1 1 1 1 1 1 1 1 1 1
 1 1 1 1 1 1 1 1 1 1 1 1 1 1 1 1 1 0 0 1 0 1 1 1 0 1 0 1 1 0 0 0 0 0 1 1 1
 0 1 1 1 1 1 1 1 1 1 1 0 1 0 1 0 0 0 0 1 1 1 0 1 0 0]",0.8513088226318359,30,0.1,0.1
binVal,100,-1.2676506002259212e+30,37470,"[1 1 1 1 1 1 1 1 1 1 1 1 1 1 1 1 1 1 1 1 1 1 1 1 1 1 1 1 1 1 1 1 1 1 1 1 1
 1 0 1 1 1 1 1 1 1 1 1 0 1 1 1 0 1 1 1 1 1 1 1 0 0 1 0 1 0 0 0 1 0 1 1 0 0
 0 1 0 1 0 0 0 0 0 1 0 0 0 1 1 0 1 0 0 1 1 1 0 1 0 1]",0.8560981750488281,30,0.1,0.1
binVal,100,-1.2676506002282294e+30,16710,"[1 1 1 1 1 1 1 1 1 1 1 1 1 1 1 1 1 1 1 1 1 1 1 1 1 1 1 1 1 1 1 1 1 1 1 1 1
 1 1 1 1 1 1 1 1 1 1 1 1 1 1 1 1 1 1 1 0 0 0 0 1 0 1 0 0 1 0 0 1 1 1 1 1 1
 0 1 1 1 1 0 1 1 1 1 1 0 1 1 1 0 1 1 1 1 0 0 0 0 1 0]",0.855522871017456,30,0.1,0.1
binVal,100,-1.267650600228227e+30,20520,"[1 1 1 1 1 1 1 1 1 1 1 1 1 1 1 1 1 1 1 1 1 1 1 1 1 1 1 1 1 1 1 1 1 1 1 1 1
 1 1 1 1 1 1 1 1 1 1 1 0 1 1 1 1 0 0 0 0 1 0 1 0 0 0 0 1 0 1 1 1 0 1 0 0 1
 1 1 1 1 1 1 0 1 0 0 1 1 0 0 0 1 1 0 1 0 1 0 0 1 0 0]",0.8470041751861572,30,0.1,0.1
binVal,100,-1.2676506002281212e+30,38700,"[1 1 1 1 1 1 1 1 1 1 1 1 1 1 1 1 1 1 1 1 1 1 1 1 1 1 1 1 1 1 1 1 1 1 1 1 1
 1 1 1 1 1 1 0 0 1 1 1 1 1 1 1 0 1 1 0 1 1 0 1 1 1 0 1 1 0 0 1 1 1 1 1 0 0
 0 1 0 1 0 1 0 0 0 1 1 0 0 0 1 1 0 1 0 1 1 0 0 0 0 1]",0.8448710441589355,30,0.1,0.1
binVal,100,-1.2676506002279409e+30,32040,"[1 1 1 1 1 1 1 1 1 1 1 1 1 1 1 1 1 1 1 1 1 1 1 1 1 1 1 1 1 1 1 1 1 1 1 1 1
 1 1 1 1 0 1 1 1 1 1 1 1 1 1 1 0 1 0 0 1 0 0 1 1 1 1 1 1 1 0 0 0 1 1 1 0 1
 1 0 0 1 0 1 1 1 1 0 0 1 1 1 0 0 1 0 0 0 0 0 1 1 1 1]",0.843264102935791,30,0.1,0.1
