oneMax,16,-16,180,[1 1 1 1 1 1 1 1 1 1 1 1 1 1 1 1],0.746757984161377,30,0.1,0.1
oneMax,16,-16,450,[1 1 1 1 1 1 1 1 1 1 1 1 1 1 1 1],0.6626927852630615,30,0.1,0.1
oneMax,16,-16,1830,[1 1 1 1 1 1 1 1 1 1 1 1 1 1 1 1],0.682265043258667,30,0.1,0.1
oneMax,16,-16,2310,[1 1 1 1 1 1 1 1 1 1 1 1 1 1 1 1],0.7762210369110107,30,0.1,0.1
oneMax,16,-16,510,[1 1 1 1 1 1 1 1 1 1 1 1 1 1 1 1],0.6821928024291992,30,0.1,0.1
oneMax,16,-16,8310,[1 1 1 1 1 1 1 1 1 1 1 1 1 1 1 1],0.7590930461883545,30,0.1,0.1
oneMax,16,-16,5880,[1 1 1 1 1 1 1 1 1 1 1 1 1 1 1 1],1.0065531730651855,30,0.1,0.1
oneMax,16,-16,6060,[1 1 1 1 1 1 1 1 1 1 1 1 1 1 1 1],0.6992449760437012,30,0.1,0.1
oneMax,16,-16,1950,[1 1 1 1 1 1 1 1 1 1 1 1 1 1 1 1],0.6771609783172607,30,0.1,0.1
oneMax,16,-16,4290,[1 1 1 1 1 1 1 1 1 1 1 1 1 1 1 1],0.6620118618011475,30,0.1,0.1
oneMax,25,-25,6540,[1 1 1 1 1 1 1 1 1 1 1 1 1 1 1 1 1 1 1 1 1 1 1 1 1],1.0029449462890625,30,0.1,0.1
oneMax,25,-25,4380,[1 1 1 1 1 1 1 1 1 1 1 1 1 1 1 1 1 1 1 1 1 1 1 1 1],0.9421100616455078,30,0.1,0.1
oneMax,25,-25,5820,[1 1 1 1 1 1 1 1 1 1 1 1 1 1 1 1 1 1 1 1 1 1 1 1 1],0.7227749824523926,30,0.1,0.1
oneMax,25,-25,2400,[1 1 1 1 1 1 1 1 1 1 1 1 1 1 1 1 1 1 1 1 1 1 1 1 1],0.7391200065612793,30,0.1,0.1
oneMax,25,-25,12210,[1 1 1 1 1 1 1 1 1 1 1 1 1 1 1 1 1 1 1 1 1 1 1 1 1],0.7119438648223877,30,0.1,0.1
oneMax,25,-25,10140,[1 1 1 1 1 1 1 1 1 1 1 1 1 1 1 1 1 1 1 1 1 1 1 1 1],0.701833963394165,30,0.1,0.1
oneMax,25,-25,4260,[1 1 1 1 1 1 1 1 1 1 1 1 1 1 1 1 1 1 1 1 1 1 1 1 1],0.7068641185760498,30,0.1,0.1
oneMax,25,-25,10200,[1 1 1 1 1 1 1 1 1 1 1 1 1 1 1 1 1 1 1 1 1 1 1 1 1],0.7137598991394043,30,0.1,0.1
oneMax,25,-25,8250,[1 1 1 1 1 1 1 1 1 1 1 1 1 1 1 1 1 1 1 1 1 1 1 1 1],0.7435638904571533,30,0.1,0.1
oneMax,25,-25,8580,[1 1 1 1 1 1 1 1 1 1 1 1 1 1 1 1 1 1 1 1 1 1 1 1 1],0.7278618812561035,30,0.1,0.1
oneMax,36,-36,15930,[1 1 1 1 1 1 1 1 1 1 1 1 1 1 1 1 1 1 1 1 1 1 1 1 1 1 1 1 1 1 1 1 1 1 1 1],0.7222368717193604,30,0.1,0.1
oneMax,36,-36,6420,[1 1 1 1 1 1 1 1 1 1 1 1 1 1 1 1 1 1 1 1 1 1 1 1 1 1 1 1 1 1 1 1 1 1 1 1],0.7289509773254395,30,0.1,0.1
oneMax,36,-36,8310,[1 1 1 1 1 1 1 1 1 1 1 1 1 1 1 1 1 1 1 1 1 1 1 1 1 1 1 1 1 1 1 1 1 1 1 1],0.7368800640106201,30,0.1,0.1
oneMax,36,-36,12120,[1 1 1 1 1 1 1 1 1 1 1 1 1 1 1 1 1 1 1 1 1 1 1 1 1 1 1 1 1 1 1 1 1 1 1 1],0.7470800876617432,30,0.1,0.1
oneMax,36,-36,20250,[1 1 1 1 1 1 1 1 1 1 1 1 1 1 1 1 1 1 1 1 1 1 1 1 1 1 1 1 1 1 1 1 1 1 1 1],0.7490911483764648,30,0.1,0.1
oneMax,36,-36,13770,[1 1 1 1 1 1 1 1 1 1 1 1 1 1 1 1 1 1 1 1 1 1 1 1 1 1 1 1 1 1 1 1 1 1 1 1],0.71175217628479,30,0.1,0.1
oneMax,36,-36,12360,[1 1 1 1 1 1 1 1 1 1 1 1 1 1 1 1 1 1 1 1 1 1 1 1 1 1 1 1 1 1 1 1 1 1 1 1],0.7296750545501709,30,0.1,0.1
oneMax,36,-36,6300,[1 1 1 1 1 1 1 1 1 1 1 1 1 1 1 1 1 1 1 1 1 1 1 1 1 1 1 1 1 1 1 1 1 1 1 1],0.713839054107666,30,0.1,0.1
oneMax,36,-36,10140,[1 1 1 1 1 1 1 1 1 1 1 1 1 1 1 1 1 1 1 1 1 1 1 1 1 1 1 1 1 1 1 1 1 1 1 1],0.7313461303710938,30,0.1,0.1
oneMax,36,-36,6420,[1 1 1 1 1 1 1 1 1 1 1 1 1 1 1 1 1 1 1 1 1 1 1 1 1 1 1 1 1 1 1 1 1 1 1 1],0.7435669898986816,30,0.1,0.1
oneMax,64,-64,25290,"[1 1 1 1 1 1 1 1 1 1 1 1 1 1 1 1 1 1 1 1 1 1 1 1 1 1 1 1 1 1 1 1 1 1 1 1 1
 1 1 1 1 1 1 1 1 1 1 1 1 1 1 1 1 1 1 1 1 1 1 1 1 1 1 1]",0.8039321899414062,30,0.1,0.1
oneMax,64,-64,28740,"[1 1 1 1 1 1 1 1 1 1 1 1 1 1 1 1 1 1 1 1 1 1 1 1 1 1 1 1 1 1 1 1 1 1 1 1 1
 1 1 1 1 1 1 1 1 1 1 1 1 1 1 1 1 1 1 1 1 1 1 1 1 1 1 1]",0.792111873626709,30,0.1,0.1
oneMax,64,-64,27480,"[1 1 1 1 1 1 1 1 1 1 1 1 1 1 1 1 1 1 1 1 1 1 1 1 1 1 1 1 1 1 1 1 1 1 1 1 1
 1 1 1 1 1 1 1 1 1 1 1 1 1 1 1 1 1 1 1 1 1 1 1 1 1 1 1]",0.813676118850708,30,0.1,0.1
oneMax,64,-64,18300,"[1 1 1 1 1 1 1 1 1 1 1 1 1 1 1 1 1 1 1 1 1 1 1 1 1 1 1 1 1 1 1 1 1 1 1 1 1
 1 1 1 1 1 1 1 1 1 1 1 1 1 1 1 1 1 1 1 1 1 1 1 1 1 1 1]",0.8183960914611816,30,0.1,0.1
oneMax,64,-63,10620,"[1 1 1 1 1 1 1 1 1 1 1 1 1 1 1 1 1 1 1 1 1 1 1 1 1 1 1 1 1 1 1 1 1 1 1 1 1
 1 1 1 1 1 1 1 1 1 1 1 1 1 1 1 1 1 1 0 1 1 1 1 1 1 1 1]",0.8222641944885254,30,0.1,0.1
oneMax,64,-64,22110,"[1 1 1 1 1 1 1 1 1 1 1 1 1 1 1 1 1 1 1 1 1 1 1 1 1 1 1 1 1 1 1 1 1 1 1 1 1
 1 1 1 1 1 1 1 1 1 1 1 1 1 1 1 1 1 1 1 1 1 1 1 1 1 1 1]",0.9487841129302979,30,0.1,0.1
oneMax,64,-64,22530,"[1 1 1 1 1 1 1 1 1 1 1 1 1 1 1 1 1 1 1 1 1 1 1 1 1 1 1 1 1 1 1 1 1 1 1 1 1
 1 1 1 1 1 1 1 1 1 1 1 1 1 1 1 1 1 1 1 1 1 1 1 1 1 1 1]",0.7989010810852051,30,0.1,0.1
oneMax,64,-64,24330,"[1 1 1 1 1 1 1 1 1 1 1 1 1 1 1 1 1 1 1 1 1 1 1 1 1 1 1 1 1 1 1 1 1 1 1 1 1
 1 1 1 1 1 1 1 1 1 1 1 1 1 1 1 1 1 1 1 1 1 1 1 1 1 1 1]",0.7750251293182373,30,0.1,0.1
oneMax,64,-64,30180,"[1 1 1 1 1 1 1 1 1 1 1 1 1 1 1 1 1 1 1 1 1 1 1 1 1 1 1 1 1 1 1 1 1 1 1 1 1
 1 1 1 1 1 1 1 1 1 1 1 1 1 1 1 1 1 1 1 1 1 1 1 1 1 1 1]",0.7807528972625732,30,0.1,0.1
oneMax,64,-63,22230,"[1 1 1 1 1 1 1 1 1 1 1 1 1 1 1 1 1 1 1 1 1 1 1 1 1 0 1 1 1 1 1 1 1 1 1 1 1
 1 1 1 1 1 1 1 1 1 1 1 1 1 1 1 1 1 1 1 1 1 1 1 1 1 1 1]",0.780432939529419,30,0.1,0.1
oneMax,100,-98,26640,"[1 1 1 1 1 1 1 1 1 1 1 1 1 1 1 1 1 1 1 1 0 1 1 1 1 1 1 1 1 1 1 1 1 1 1 1 1
 1 1 1 1 1 1 1 1 1 1 1 1 1 1 1 1 1 1 1 1 1 1 1 1 1 1 1 1 1 1 1 1 1 1 1 1 1
 1 1 1 1 1 0 1 1 1 1 1 1 1 1 1 1 1 1 1 1 1 1 1 1 1 1]",0.8545451164245605,30,0.1,0.1
oneMax,100,-99,39060,"[1 1 1 1 1 1 1 1 1 1 1 1 1 1 1 1 1 1 1 1 1 1 1 1 1 1 1 1 1 1 1 1 1 1 1 1 1
 1 1 1 1 1 1 1 1 1 1 1 1 1 1 1 1 1 1 1 1 1 1 1 1 1 1 1 1 1 1 1 1 1 1 1 1 1
 1 1 1 1 1 1 1 1 1 1 0 1 1 1 1 1 1 1 1 1 1 1 1 1 1 1]",0.8795909881591797,30,0.1,0.1
oneMax,100,-100,30390,"[1 1 1 1 1 1 1 1 1 1 1 1 1 1 1 1 1 1 1 1 1 1 1 1 1 1 1 1 1 1 1 1 1 1 1 1 1
 1 1 1 1 1 1 1 1 1 1 1 1 1 1 1 1 1 1 1 1 1 1 1 1 1 1 1 1 1 1 1 1 1 1 1 1 1
 1 1 1 1 1 1 1 1 1 1 1 1 1 1 1 1 1 1 1 1 1 1 1 1 1 1]",0.8624539375305176,30,0.1,0.1
oneMax,100,-96,36540,"[1 1 1 1 1 1 1 1 1 1 1 1 1 1 1 1 1 1 1 1 1 1 1 1 1 1 1 1 1 1 0 1 1 0 1 1 1
 1 1 1 1 1 1 1 1 1 1 1 1 1 1 1 1 1 1 1 1 0 0 1 1 1 1 1 1 1 1 1 1 1 1 1 1 1
 1 1 1 1 1 1 1 1 1 1 1 1 1 1 1 1 1 1 1 1 1 1 1 1 1 1]",0.8569037914276123,30,0.1,0.1
oneMax,100,-98,29370,"[1 1 1 1 1 1 1 1 1 1 1 1 1 1 1 1 1 1 1 1 1 1 1 1 1 1 1 1 1 1 1 1 1 1 1 1 1
 0 1 1 1 1 1 1 1 1 1 1 1 1 1 1 1 1 1 1 0 1 1 1 1 1 1 1 1 1 1 1 1 1 1 1 1 1
 1 1 1 1 1 1 1 1 1 1 1 1 1 1 1 1 1 1 1 1 1 1 1 1 1 1]",0.8525598049163818,30,0.1,0.1
oneMax,100,-100,33030,"[1 1 1 1 1 1 1 1 1 1 1 1 1 1 1 1 1 1 1 1 1 1 1 1 1 1 1 1 1 1 1 1 1 1 1 1 1
 1 1 1 1 1 1 1 1 1 1 1 1 1 1 1 1 1 1 1 1 1 1 1 1 1 1 1 1 1 1 1 1 1 1 1 1 1
 1 1 1 1 1 1 1 1 1 1 1 1 1 1 1 1 1 1 1 1 1 1 1 1 1 1]",0.8400540351867676,30,0.1,0.1
oneMax,100,-97,20460,"[1 1 1 1 1 1 0 1 1 1 1 1 1 1 1 1 1 1 1 1 1 1 1 1 1 1 1 1 1 1 1 1 1 1 1 1 1
 1 1 1 1 1 1 1 1 1 1 1 1 1 1 1 1 1 1 1 1 1 1 1 1 0 1 1 1 1 1 1 1 1 1 1 1 1
 0 1 1 1 1 1 1 1 1 1 1 1 1 1 1 1 1 1 1 1 1 1 1 1 1 1]",0.8558859825134277,30,0.1,0.1
oneMax,100,-97,30210,"[1 1 1 1 1 1 1 1 1 1 1 1 1 1 1 1 1 1 1 1 1 1 1 1 0 1 1 1 1 1 1 1 1 1 1 1 1
 1 1 1 1 1 0 1 1 1 1 1 1 1 1 1 1 1 1 1 1 1 1 1 1 1 1 1 1 1 1 1 1 1 1 1 0 1
 1 1 1 1 1 1 1 1 1 1 1 1 1 1 1 1 1 1 1 1 1 1 1 1 1 1]",0.8615779876708984,30,0.1,0.1
oneMax,100,-100,21210,"[1 1 1 1 1 1 1 1 1 1 1 1 1 1 1 1 1 1 1 1 1 1 1 1 1 1 1 1 1 1 1 1 1 1 1 1 1
 1 1 1 1 1 1 1 1 1 1 1 1 1 1 1 1 1 1 1 1 1 1 1 1 1 1 1 1 1 1 1 1 1 1 1 1 1
 1 1 1 1 1 1 1 1 1 1 1 1 1 1 1 1 1 1 1 1 1 1 1 1 1 1]",0.8547959327697754,30,0.1,0.1
oneMax,100,-97,34380,"[1 1 1 1 1 1 1 1 0 1 1 1 1 1 1 1 1 1 1 1 1 1 1 1 1 1 1 1 0 1 1 1 1 1 1 1 1
 1 1 1 1 1 1 1 1 1 1 1 1 1 0 1 1 1 1 1 1 1 1 1 1 1 1 1 1 1 1 1 1 1 1 1 1 1
 1 1 1 1 1 1 1 1 1 1 1 1 1 1 1 1 1 1 1 1 1 1 1 1 1 1]",0.8534188270568848,30,0.1,0.1
squareWave,16,-16,6240,[0 0 1 1 0 0 1 1 0 0 1 1 0 0 1 1],0.9822111129760742,30,0.1,0.1
squareWave,16,-16,5850,[0 0 1 1 0 0 1 1 0 0 1 1 0 0 1 1],1.027278184890747,30,0.1,0.1
squareWave,16,-16,450,[0 0 1 1 0 0 1 1 0 0 1 1 0 0 1 1],0.9317770004272461,30,0.1,0.1
squareWave,16,-16,4290,[0 0 1 1 0 0 1 1 0 0 1 1 0 0 1 1],0.9099740982055664,30,0.1,0.1
squareWave,16,-16,2430,[0 0 1 1 0 0 1 1 0 0 1 1 0 0 1 1],0.9955520629882812,30,0.1,0.1
squareWave,16,-16,270,[0 0 1 1 0 0 1 1 0 0 1 1 0 0 1 1],1.0399730205535889,30,0.1,0.1
squareWave,16,-16,810,[0 0 1 1 0 0 1 1 0 0 1 1 0 0 1 1],0.9740769863128662,30,0.1,0.1
squareWave,16,-16,2160,[0 0 1 1 0 0 1 1 0 0 1 1 0 0 1 1],0.9802350997924805,30,0.1,0.1
squareWave,16,-16,2190,[0 0 1 1 0 0 1 1 0 0 1 1 0 0 1 1],1.0083179473876953,30,0.1,0.1
squareWave,16,-16,5790,[0 0 1 1 0 0 1 1 0 0 1 1 0 0 1 1],1.0250608921051025,30,0.1,0.1
squareWave,25,-25,14130,[0 0 0 1 1 0 0 0 1 1 0 0 0 1 1 0 0 0 1 1 0 0 0 1 1],1.0311691761016846,30,0.1,0.1
squareWave,25,-25,4230,[0 0 0 1 1 0 0 0 1 1 0 0 0 1 1 0 0 0 1 1 0 0 0 1 1],0.9380569458007812,30,0.1,0.1
squareWave,25,-25,2610,[0 0 0 1 1 0 0 0 1 1 0 0 0 1 1 0 0 0 1 1 0 0 0 1 1],0.9541559219360352,30,0.1,0.1
squareWave,25,-25,6270,[0 0 0 1 1 0 0 0 1 1 0 0 0 1 1 0 0 0 1 1 0 0 0 1 1],0.9471080303192139,30,0.1,0.1
squareWave,25,-25,3930,[0 0 0 1 1 0 0 0 1 1 0 0 0 1 1 0 0 0 1 1 0 0 0 1 1],0.9564239978790283,30,0.1,0.1
squareWave,25,-25,6330,[0 0 0 1 1 0 0 0 1 1 0 0 0 1 1 0 0 0 1 1 0 0 0 1 1],1.019428014755249,30,0.1,0.1
squareWave,25,-25,15780,[0 0 0 1 1 0 0 0 1 1 0 0 0 1 1 0 0 0 1 1 0 0 0 1 1],1.0466620922088623,30,0.1,0.1
squareWave,25,-25,6300,[0 0 0 1 1 0 0 0 1 1 0 0 0 1 1 0 0 0 1 1 0 0 0 1 1],0.9407339096069336,30,0.1,0.1
squareWave,25,-25,12060,[0 0 0 1 1 0 0 0 1 1 0 0 0 1 1 0 0 0 1 1 0 0 0 1 1],0.9392209053039551,30,0.1,0.1
squareWave,25,-25,4200,[0 0 0 1 1 0 0 0 1 1 0 0 0 1 1 0 0 0 1 1 0 0 0 1 1],0.9455130100250244,30,0.1,0.1
squareWave,36,-36,12390,[0 0 0 1 1 1 0 0 0 1 1 1 0 0 0 1 1 1 0 0 0 1 1 1 0 0 0 1 1 1 0 0 0 1 1 1],0.9781200885772705,30,0.1,0.1
squareWave,36,-36,7110,[0 0 0 1 1 1 0 0 0 1 1 1 0 0 0 1 1 1 0 0 0 1 1 1 0 0 0 1 1 1 0 0 0 1 1 1],0.9760081768035889,30,0.1,0.1
squareWave,36,-36,20130,[0 0 0 1 1 1 0 0 0 1 1 1 0 0 0 1 1 1 0 0 0 1 1 1 0 0 0 1 1 1 0 0 0 1 1 1],1.0095808506011963,30,0.1,0.1
squareWave,36,-36,18150,[0 0 0 1 1 1 0 0 0 1 1 1 0 0 0 1 1 1 0 0 0 1 1 1 0 0 0 1 1 1 0 0 0 1 1 1],1.3274409770965576,30,0.1,0.1
squareWave,36,-36,24210,[0 0 0 1 1 1 0 0 0 1 1 1 0 0 0 1 1 1 0 0 0 1 1 1 0 0 0 1 1 1 0 0 0 1 1 1],1.0768940448760986,30,0.1,0.1
squareWave,36,-36,26310,[0 0 0 1 1 1 0 0 0 1 1 1 0 0 0 1 1 1 0 0 0 1 1 1 0 0 0 1 1 1 0 0 0 1 1 1],0.9719550609588623,30,0.1,0.1
squareWave,36,-36,15270,[0 0 0 1 1 1 0 0 0 1 1 1 0 0 0 1 1 1 0 0 0 1 1 1 0 0 0 1 1 1 0 0 0 1 1 1],0.9892480373382568,30,0.1,0.1
squareWave,36,-36,16590,[0 0 0 1 1 1 0 0 0 1 1 1 0 0 0 1 1 1 0 0 0 1 1 1 0 0 0 1 1 1 0 0 0 1 1 1],1.0056788921356201,30,0.1,0.1
squareWave,36,-36,12240,[0 0 0 1 1 1 0 0 0 1 1 1 0 0 0 1 1 1 0 0 0 1 1 1 0 0 0 1 1 1 0 0 0 1 1 1],0.9833998680114746,30,0.1,0.1
squareWave,36,-36,12420,[0 0 0 1 1 1 0 0 0 1 1 1 0 0 0 1 1 1 0 0 0 1 1 1 0 0 0 1 1 1 0 0 0 1 1 1],0.9800200462341309,30,0.1,0.1
squareWave,64,-64,34020,"[0 0 0 0 1 1 1 1 0 0 0 0 1 1 1 1 0 0 0 0 1 1 1 1 0 0 0 0 1 1 1 1 0 0 0 0 1
 1 1 1 0 0 0 0 1 1 1 1 0 0 0 0 1 1 1 1 0 0 0 0 1 1 1 1]",1.0682158470153809,30,0.1,0.1
squareWave,64,-63,18300,"[0 0 0 0 1 1 1 1 0 0 0 0 1 1 1 1 0 0 0 0 1 1 1 0 0 0 0 0 1 1 1 1 0 0 0 0 1
 1 1 1 0 0 0 0 1 1 1 1 0 0 0 0 1 1 1 1 0 0 0 0 1 1 1 1]",1.0538170337677002,30,0.1,0.1
squareWave,64,-64,38040,"[0 0 0 0 1 1 1 1 0 0 0 0 1 1 1 1 0 0 0 0 1 1 1 1 0 0 0 0 1 1 1 1 0 0 0 0 1
 1 1 1 0 0 0 0 1 1 1 1 0 0 0 0 1 1 1 1 0 0 0 0 1 1 1 1]",1.0499801635742188,30,0.1,0.1
squareWave,64,-64,19440,"[0 0 0 0 1 1 1 1 0 0 0 0 1 1 1 1 0 0 0 0 1 1 1 1 0 0 0 0 1 1 1 1 0 0 0 0 1
 1 1 1 0 0 0 0 1 1 1 1 0 0 0 0 1 1 1 1 0 0 0 0 1 1 1 1]",1.063321828842163,30,0.1,0.1
squareWave,64,-63,28350,"[0 0 0 0 1 1 1 1 0 0 0 0 1 1 1 1 0 0 0 0 1 1 1 1 0 0 0 0 1 1 1 1 0 0 0 1 1
 1 1 1 0 0 0 0 1 1 1 1 0 0 0 0 1 1 1 1 0 0 0 0 1 1 1 1]",1.039689064025879,30,0.1,0.1
squareWave,64,-64,36180,"[0 0 0 0 1 1 1 1 0 0 0 0 1 1 1 1 0 0 0 0 1 1 1 1 0 0 0 0 1 1 1 1 0 0 0 0 1
 1 1 1 0 0 0 0 1 1 1 1 0 0 0 0 1 1 1 1 0 0 0 0 1 1 1 1]",1.0381650924682617,30,0.1,0.1
squareWave,64,-63,22440,"[0 0 0 0 1 1 1 1 0 1 0 0 1 1 1 1 0 0 0 0 1 1 1 1 0 0 0 0 1 1 1 1 0 0 0 0 1
 1 1 1 0 0 0 0 1 1 1 1 0 0 0 0 1 1 1 1 0 0 0 0 1 1 1 1]",1.061176061630249,30,0.1,0.1
squareWave,64,-64,33060,"[0 0 0 0 1 1 1 1 0 0 0 0 1 1 1 1 0 0 0 0 1 1 1 1 0 0 0 0 1 1 1 1 0 0 0 0 1
 1 1 1 0 0 0 0 1 1 1 1 0 0 0 0 1 1 1 1 0 0 0 0 1 1 1 1]",1.0464839935302734,30,0.1,0.1
squareWave,64,-63,30600,"[0 0 1 0 1 1 1 1 0 0 0 0 1 1 1 1 0 0 0 0 1 1 1 1 0 0 0 0 1 1 1 1 0 0 0 0 1
 1 1 1 0 0 0 0 1 1 1 1 0 0 0 0 1 1 1 1 0 0 0 0 1 1 1 1]",1.0433628559112549,30,0.1,0.1
squareWave,64,-64,30030,"[0 0 0 0 1 1 1 1 0 0 0 0 1 1 1 1 0 0 0 0 1 1 1 1 0 0 0 0 1 1 1 1 0 0 0 0 1
 1 1 1 0 0 0 0 1 1 1 1 0 0 0 0 1 1 1 1 0 0 0 0 1 1 1 1]",1.0368220806121826,30,0.1,0.1
squareWave,100,-100,34200,"[0 0 0 0 0 1 1 1 1 1 0 0 0 0 0 1 1 1 1 1 0 0 0 0 0 1 1 1 1 1 0 0 0 0 0 1 1
 1 1 1 0 0 0 0 0 1 1 1 1 1 0 0 0 0 0 1 1 1 1 1 0 0 0 0 0 1 1 1 1 1 0 0 0 0
 0 1 1 1 1 1 0 0 0 0 0 1 1 1 1 1 0 0 0 0 0 1 1 1 1 1]",1.1266498565673828,30,0.1,0.1
squareWave,100,-98,38790,"[0 0 0 0 0 1 1 1 1 1 0 0 0 0 0 1 1 1 1 1 0 0 0 0 0 1 1 1 1 1 0 0 0 0 0 1 1
 1 1 1 0 0 0 0 0 1 1 1 1 1 0 0 0 0 0 1 1 1 1 1 0 0 0 0 0 1 1 1 1 1 1 0 0 0
 0 1 1 1 1 1 0 0 0 0 0 1 0 1 1 1 0 0 0 0 0 1 1 1 1 1]",1.158125877380371,30,0.1,0.1
squareWave,100,-97,38310,"[0 0 0 0 0 1 1 1 1 1 0 0 0 0 0 1 1 1 1 1 0 0 0 0 0 1 0 1 1 1 0 0 0 0 0 1 1
 1 1 1 0 0 0 0 0 1 1 1 1 1 0 0 0 0 0 1 1 1 1 1 0 0 0 0 0 0 0 1 1 1 0 0 0 0
 0 1 1 1 1 1 0 0 0 0 0 1 1 1 1 1 0 0 0 0 0 1 1 1 1 1]",1.155602216720581,30,0.1,0.1
squareWave,100,-99,39030,"[0 0 0 0 0 1 1 1 1 1 0 0 0 0 0 1 1 1 1 1 0 0 0 0 0 1 1 1 1 1 0 0 0 0 0 1 1
 1 1 1 0 0 0 0 0 1 1 1 1 1 0 0 0 0 0 1 1 1 1 1 0 0 0 1 0 1 1 1 1 1 0 0 0 0
 0 1 1 1 1 1 0 0 0 0 0 1 1 1 1 1 0 0 0 0 0 1 1 1 1 1]",1.1820919513702393,30,0.1,0.1
squareWave,100,-99,24450,"[0 0 0 0 0 1 1 1 1 1 0 0 0 0 0 1 1 1 1 1 0 0 0 0 0 1 1 1 1 1 0 0 0 0 0 1 1
 1 1 1 0 0 0 0 0 1 1 1 1 1 0 0 0 0 0 1 1 1 1 1 0 0 0 0 0 1 1 1 1 1 0 0 0 0
 0 1 1 1 1 1 0 0 0 0 0 1 1 1 1 1 0 0 1 0 0 1 1 1 1 1]",1.1545538902282715,30,0.1,0.1
squareWave,100,-98,37320,"[0 0 0 0 0 1 1 1 1 1 0 0 0 0 1 1 1 1 1 1 0 0 0 0 0 1 1 1 1 1 0 0 0 0 0 1 1
 1 1 1 0 0 0 0 0 1 1 1 0 1 0 0 0 0 0 1 1 1 1 1 0 0 0 0 0 1 1 1 1 1 0 0 0 0
 0 1 1 1 1 1 0 0 0 0 0 1 1 1 1 1 0 0 0 0 0 1 1 1 1 1]",1.1659770011901855,30,0.1,0.1
squareWave,100,-98,38280,"[0 0 0 0 0 1 1 1 1 1 0 0 0 0 0 1 1 1 1 1 0 0 0 0 0 1 1 1 1 0 0 0 0 0 0 1 1
 1 1 1 0 0 0 0 0 1 1 1 1 1 0 0 0 0 0 1 1 1 1 1 0 0 0 1 0 1 1 1 1 1 0 0 0 0
 0 1 1 1 1 1 0 0 0 0 0 1 1 1 1 1 0 0 0 0 0 1 1 1 1 1]",1.1350929737091064,30,0.1,0.1
squareWave,100,-99,38610,"[0 0 0 0 0 1 1 1 1 1 0 0 0 0 0 1 1 1 1 1 0 0 0 0 0 1 1 1 1 1 0 0 0 0 0 1 1
 1 1 1 0 0 0 0 0 1 1 1 1 1 0 0 0 0 0 1 1 1 1 1 0 0 0 0 0 1 1 1 1 1 0 0 0 0
 0 1 1 1 1 1 0 0 0 1 0 1 1 1 1 1 0 0 0 0 0 1 1 1 1 1]",1.1262688636779785,30,0.1,0.1
squareWave,100,-99,36300,"[0 0 0 0 0 1 1 1 1 1 0 0 0 0 0 1 1 1 1 1 0 0 0 0 0 1 1 1 1 1 0 0 0 0 0 1 1
 1 1 1 0 0 0 0 0 1 1 1 1 1 0 0 1 0 0 1 1 1 1 1 0 0 0 0 0 1 1 1 1 1 0 0 0 0
 0 1 1 1 1 1 0 0 0 0 0 1 1 1 1 1 0 0 0 0 0 1 1 1 1 1]",1.1536109447479248,30,0.1,0.1
squareWave,100,-100,36780,"[0 0 0 0 0 1 1 1 1 1 0 0 0 0 0 1 1 1 1 1 0 0 0 0 0 1 1 1 1 1 0 0 0 0 0 1 1
 1 1 1 0 0 0 0 0 1 1 1 1 1 0 0 0 0 0 1 1 1 1 1 0 0 0 0 0 1 1 1 1 1 0 0 0 0
 0 1 1 1 1 1 0 0 0 0 0 1 1 1 1 1 0 0 0 0 0 1 1 1 1 1]",1.152796983718872,30,0.1,0.1
binVal,16,-65535.0,6330,[1 1 1 1 1 1 1 1 1 1 1 1 1 1 1 1],0.8381550312042236,30,0.1,0.1
binVal,16,-65535.0,4020,[1 1 1 1 1 1 1 1 1 1 1 1 1 1 1 1],0.857123851776123,30,0.1,0.1
binVal,16,-65535.0,9810,[1 1 1 1 1 1 1 1 1 1 1 1 1 1 1 1],0.6897239685058594,30,0.1,0.1
binVal,16,-65535.0,1830,[1 1 1 1 1 1 1 1 1 1 1 1 1 1 1 1],0.8058130741119385,30,0.1,0.1
binVal,16,-65535.0,17700,[1 1 1 1 1 1 1 1 1 1 1 1 1 1 1 1],0.7625679969787598,30,0.1,0.1
binVal,16,-65535.0,4500,[1 1 1 1 1 1 1 1 1 1 1 1 1 1 1 1],0.7075881958007812,30,0.1,0.1
binVal,16,-65535.0,1920,[1 1 1 1 1 1 1 1 1 1 1 1 1 1 1 1],0.8575799465179443,30,0.1,0.1
binVal,16,-65535.0,3660,[1 1 1 1 1 1 1 1 1 1 1 1 1 1 1 1],0.735396146774292,30,0.1,0.1
binVal,16,-65535.0,2430,[1 1 1 1 1 1 1 1 1 1 1 1 1 1 1 1],1.0545601844787598,30,0.1,0.1
binVal,16,-65535.0,5880,[1 1 1 1 1 1 1 1 1 1 1 1 1 1 1 1],0.7463421821594238,30,0.1,0.1
binVal,25,-33554431.0,6780,[1 1 1 1 1 1 1 1 1 1 1 1 1 1 1 1 1 1 1 1 1 1 1 1 1],0.8873250484466553,30,0.1,0.1
binVal,25,-33554431.0,16710,[1 1 1 1 1 1 1 1 1 1 1 1 1 1 1 1 1 1 1 1 1 1 1 1 1],0.7581620216369629,30,0.1,0.1
binVal,25,-33554431.0,6570,[1 1 1 1 1 1 1 1 1 1 1 1 1 1 1 1 1 1 1 1 1 1 1 1 1],0.7461390495300293,30,0.1,0.1
binVal,25,-33554431.0,6690,[1 1 1 1 1 1 1 1 1 1 1 1 1 1 1 1 1 1 1 1 1 1 1 1 1],0.7278881072998047,30,0.1,0.1
binVal,25,-33554431.0,7110,[1 1 1 1 1 1 1 1 1 1 1 1 1 1 1 1 1 1 1 1 1 1 1 1 1],0.7435369491577148,30,0.1,0.1
binVal,25,-33554431.0,6330,[1 1 1 1 1 1 1 1 1 1 1 1 1 1 1 1 1 1 1 1 1 1 1 1 1],0.8271458148956299,30,0.1,0.1
binVal,25,-33554431.0,9150,[1 1 1 1 1 1 1 1 1 1 1 1 1 1 1 1 1 1 1 1 1 1 1 1 1],0.7381250858306885,30,0.1,0.1
binVal,25,-33554431.0,11820,[1 1 1 1 1 1 1 1 1 1 1 1 1 1 1 1 1 1 1 1 1 1 1 1 1],0.7451488971710205,30,0.1,0.1
binVal,25,-33554431.0,9780,[1 1 1 1 1 1 1 1 1 1 1 1 1 1 1 1 1 1 1 1 1 1 1 1 1],0.7349801063537598,30,0.1,0.1
binVal,25,-33554431.0,10320,[1 1 1 1 1 1 1 1 1 1 1 1 1 1 1 1 1 1 1 1 1 1 1 1 1],0.737713098526001,30,0.1,0.1
binVal,36,-68719476735.0,16620,[1 1 1 1 1 1 1 1 1 1 1 1 1 1 1 1 1 1 1 1 1 1 1 1 1 1 1 1 1 1 1 1 1 1 1 1],0.8080651760101318,30,0.1,0.1
binVal,36,-68719476735.0,23640,[1 1 1 1 1 1 1 1 1 1 1 1 1 1 1 1 1 1 1 1 1 1 1 1 1 1 1 1 1 1 1 1 1 1 1 1],0.8093760013580322,30,0.1,0.1
binVal,36,-68719476735.0,28080,[1 1 1 1 1 1 1 1 1 1 1 1 1 1 1 1 1 1 1 1 1 1 1 1 1 1 1 1 1 1 1 1 1 1 1 1],0.7513349056243896,30,0.1,0.1
binVal,36,-68719476735.0,20190,[1 1 1 1 1 1 1 1 1 1 1 1 1 1 1 1 1 1 1 1 1 1 1 1 1 1 1 1 1 1 1 1 1 1 1 1],0.7604789733886719,30,0.1,0.1
binVal,36,-68719476735.0,10320,[1 1 1 1 1 1 1 1 1 1 1 1 1 1 1 1 1 1 1 1 1 1 1 1 1 1 1 1 1 1 1 1 1 1 1 1],0.7615048885345459,30,0.1,0.1
binVal,36,-68719476735.0,8580,[1 1 1 1 1 1 1 1 1 1 1 1 1 1 1 1 1 1 1 1 1 1 1 1 1 1 1 1 1 1 1 1 1 1 1 1],0.7507288455963135,30,0.1,0.1
binVal,36,-68719476735.0,33930,[1 1 1 1 1 1 1 1 1 1 1 1 1 1 1 1 1 1 1 1 1 1 1 1 1 1 1 1 1 1 1 1 1 1 1 1],0.7801249027252197,30,0.1,0.1
binVal,36,-68719476578.0,33630,[1 1 1 1 1 1 1 1 1 1 1 1 1 1 1 1 1 1 1 1 1 1 1 1 1 1 1 1 0 1 1 0 0 0 1 0],0.757641077041626,30,0.1,0.1
binVal,36,-68719476733.0,31980,[1 1 1 1 1 1 1 1 1 1 1 1 1 1 1 1 1 1 1 1 1 1 1 1 1 1 1 1 1 1 1 1 1 1 0 1],0.7706289291381836,30,0.1,0.1
binVal,36,-68719476735.0,27930,[1 1 1 1 1 1 1 1 1 1 1 1 1 1 1 1 1 1 1 1 1 1 1 1 1 1 1 1 1 1 1 1 1 1 1 1],0.7498691082000732,30,0.1,0.1
binVal,64,-1.8446744073709543e+19,39150,"[1 1 1 1 1 1 1 1 1 1 1 1 1 1 1 1 1 1 1 1 1 1 1 1 1 1 1 1 1 1 1 1 1 1 1 1 1
 1 1 1 1 1 1 1 1 1 1 1 1 1 0 1 1 1 0 1 0 1 1 0 0 1 0 1]",0.825873851776123,30,0.1,0.1
binVal,64,-1.8446744073705325e+19,38100,"[1 1 1 1 1 1 1 1 1 1 1 1 1 1 1 1 1 1 1 1 1 1 1 1 1 1 1 1 1 1 1 1 1 1 1 1 1
 1 1 1 1 0 1 1 1 1 1 1 0 1 1 1 1 1 0 1 0 0 1 0 0 0 1 1]",0.8531308174133301,30,0.1,0.1
binVal,64,-1.8446744073701159e+19,38580,"[1 1 1 1 1 1 1 1 1 1 1 1 1 1 1 1 1 1 1 1 1 1 1 1 1 1 1 1 1 1 1 1 1 1 1 1 1
 1 1 1 0 1 1 1 1 1 1 1 1 1 1 1 0 1 0 0 0 1 1 0 0 1 0 0]",0.8295860290527344,30,0.1,0.1
binVal,64,-1.8446744073709412e+19,37500,"[1 1 1 1 1 1 1 1 1 1 1 1 1 1 1 1 1 1 1 1 1 1 1 1 1 1 1 1 1 1 1 1 1 1 1 1 1
 1 1 1 1 1 1 1 1 1 0 1 1 1 0 1 1 1 1 0 0 0 0 1 0 1 0 1]",0.8225719928741455,30,0.1,0.1
binVal,64,-1.844674407370955e+19,39450,"[1 1 1 1 1 1 1 1 1 1 1 1 1 1 1 1 1 1 1 1 1 1 1 1 1 1 1 1 1 1 1 1 1 1 1 1 1
 1 1 1 1 1 1 1 1 1 1 1 1 1 1 1 1 0 1 1 0 1 0 0 1 0 1 1]",0.9635779857635498,30,0.1,0.1
binVal,64,-1.8446744073709548e+19,39960,"[1 1 1 1 1 1 1 1 1 1 1 1 1 1 1 1 1 1 1 1 1 1 1 1 1 1 1 1 1 1 1 1 1 1 1 1 1
 1 1 1 1 1 1 1 1 1 1 1 1 1 1 0 1 1 1 0 1 1 0 0 1 0 1 0]",0.8373579978942871,30,0.1,0.1
binVal,64,-1.8446744073571135e+19,20310,"[1 1 1 1 1 1 1 1 1 1 1 1 1 1 1 1 1 1 1 1 1 1 1 1 1 1 1 1 1 1 1 1 1 1 1 1 0
 1 1 1 1 0 1 1 1 1 1 1 1 1 1 0 1 1 1 0 0 0 1 1 1 0 0 0]",0.8814449310302734,30,0.1,0.1
binVal,64,-1.8446744073692709e+19,23160,"[1 1 1 1 1 1 1 1 1 1 1 1 1 1 1 1 1 1 1 1 1 1 1 1 1 1 1 1 1 1 1 1 1 1 1 1 1
 1 1 0 1 1 1 1 1 1 1 0 1 1 1 1 1 1 1 1 1 1 0 0 1 1 1 1]",0.8460731506347656,30,0.1,0.1
binVal,64,-1.8446744073709484e+19,38520,"[1 1 1 1 1 1 1 1 1 1 1 1 1 1 1 1 1 1 1 1 1 1 1 1 1 1 1 1 1 1 1 1 1 1 1 1 1
 1 1 1 1 1 1 1 1 1 1 0 1 1 1 1 0 1 0 1 0 1 0 0 0 1 1 0]",0.8239870071411133,30,0.1,0.1
binVal,64,-1.8446744073709416e+19,22080,"[1 1 1 1 1 1 1 1 1 1 1 1 1 1 1 1 1 1 1 1 1 1 1 1 1 1 1 1 1 1 1 1 1 1 1 1 1
 1 1 1 1 1 1 1 1 1 0 1 1 1 1 0 1 1 1 0 0 0 1 0 1 1 1 1]",0.8312158584594727,30,0.1,0.1
binVal,100,-1.2676506002282283e+30,37200,"[1 1 1 1 1 1 1 1 1 1 1 1 1 1 1 1 1 1 1 1 1 1 1 1 1 1 1 1 1 1 1 1 1 1 1 1 1
 1 1 1 1 1 1 1 1 1 1 1 1 0 1 1 1 1 0 1 1 0 0 0 1 0 1 1 1 1 0 1 0 0 1 0 1 1
 1 1 1 1 1 0 1 0 0 0 0 0 1 1 0 1 0 1 1 0 0 0 0 0 1 0]",0.9252800941467285,30,0.1,0.1
binVal,100,-1.2676506002282269e+30,33420,"[1 1 1 1 1 1 1 1 1 1 1 1 1 1 1 1 1 1 1 1 1 1 1 1 1 1 1 1 1 1 1 1 1 1 1 1 1
 1 1 1 1 1 1 1 1 1 1 1 0 1 1 1 0 0 0 1 0 0 0 1 0 0 1 1 0 1 1 0 1 1 0 0 1 1
 0 0 1 1 1 1 1 0 0 0 1 1 1 0 1 0 0 1 0 0 0 0 0 0 0 1]",0.9120688438415527,30,0.1,0.1
binVal,100,-1.2676506002282271e+30,36270,"[1 1 1 1 1 1 1 1 1 1 1 1 1 1 1 1 1 1 1 1 1 1 1 1 1 1 1 1 1 1 1 1 1 1 1 1 1
 1 1 1 1 1 1 1 1 1 1 1 0 1 1 1 1 1 0 0 1 1 0 1 0 1 1 1 1 1 0 1 0 0 0 1 0 1
 0 0 0 1 0 0 1 0 0 0 1 1 0 1 0 0 1 1 0 0 0 1 0 1 0 0]",0.9243569374084473,30,0.1,0.1
binVal,100,-1.2676506002282191e+30,38040,"[1 1 1 1 1 1 1 1 1 1 1 1 1 1 1 1 1 1 1 1 1 1 1 1 1 1 1 1 1 1 1 1 1 1 1 1 1
 1 1 1 1 1 1 1 1 1 0 1 1 0 1 1 1 0 0 1 1 0 0 0 1 0 0 1 0 1 0 0 0 1 1 1 0 1
 1 0 0 1 0 1 0 1 0 0 1 1 1 1 1 1 1 1 1 1 1 0 0 1 1 1]",0.9046239852905273,30,0.1,0.1
binVal,100,-1.2676506002282225e+30,38250,"[1 1 1 1 1 1 1 1 1 1 1 1 1 1 1 1 1 1 1 1 1 1 1 1 1 1 1 1 1 1 1 1 1 1 1 1 1
 1 1 1 1 1 1 1 1 1 1 0 0 1 1 1 1 0 1 1 1 1 0 0 1 1 1 1 1 0 1 0 0 1 1 1 1 1
 1 0 1 1 1 1 1 0 0 1 1 0 0 0 1 0 1 0 1 1 1 0 0 1 0 1]",0.9197540283203125,30,0.1,0.1
binVal,100,-1.2676506002282294e+30,38400,"[1 1 1 1 1 1 1 1 1 1 1 1 1 1 1 1 1 1 1 1 1 1 1 1 1 1 1 1 1 1 1 1 1 1 1 1 1
 1 1 1 1 1 1 1 1 1 1 1 1 1 1 1 1 1 0 1 0 0 0 1 1 0 1 1 1 1 0 1 1 0 0 1 1 1
 0 1 1 1 0 1 0 1 1 0 0 0 0 1 1 0 1 0 1 0 1 0 1 1 1 1]",0.9477260112762451,30,0.1,0.1
binVal,100,-1.2676506002282294e+30,36150,"[1 1 1 1 1 1 1 1 1 1 1 1 1 1 1 1 1 1 1 1 1 1 1 1 1 1 1 1 1 1 1 1 1 1 1 1 1
 1 1 1 1 1 1 1 1 1 1 1 1 1 1 1 1 1 1 1 1 1 1 1 1 0 1 1 1 0 1 0 1 1 0 1 1 1
 0 0 1 0 0 1 1 0 1 0 1 0 1 1 1 1 0 0 1 1 0 0 1 0 1 0]",0.920881986618042,30,0.1,0.1
binVal,100,-1.267650600228226e+30,26490,"[1 1 1 1 1 1 1 1 1 1 1 1 1 1 1 1 1 1 1 1 1 1 1 1 1 1 1 1 1 1 1 1 1 1 1 1 1
 1 1 1 1 1 1 1 1 1 1 1 0 0 1 1 1 1 1 0 1 0 0 1 1 0 1 0 0 1 1 0 0 1 1 1 1 1
 1 1 0 0 1 1 1 1 1 1 1 1 0 1 1 0 1 0 1 1 0 1 0 0 1 0]",0.9144439697265625,30,0.1,0.1
binVal,100,-1.2676506002282283e+30,28440,"[1 1 1 1 1 1 1 1 1 1 1 1 1 1 1 1 1 1 1 1 1 1 1 1 1 1 1 1 1 1 1 1 1 1 1 1 1
 1 1 1 1 1 1 1 1 1 1 1 1 0 1 1 1 1 0 0 0 1 1 0 1 1 0 0 1 0 0 1 1 1 0 0 0 0
 0 0 1 1 0 0 0 0 0 1 1 0 1 0 0 1 0 0 1 0 1 1 1 1 1 1]",0.9211099147796631,30,0.1,0.1
binVal,100,-1.2676506002270217e+30,31410,"[1 1 1 1 1 1 1 1 1 1 1 1 1 1 1 1 1 1 1 1 1 1 1 1 1 1 1 1 1 1 1 1 1 1 1 1 1
 1 1 0 1 1 1 1 0 0 1 1 1 1 0 1 1 0 0 1 1 0 0 0 0 0 1 1 1 0 0 1 0 0 1 0 1 0
 1 0 0 0 1 0 0 0 0 1 0 0 0 1 1 1 1 0 1 1 0 1 0 0 0 1]",0.9097108840942383,30,0.1,0.1
